<sourceFiles>
	<package name="test.borrowedField">
		<class name="TestField.java" source="/TestEffectsAndUniqueness/src/test/borrowedField/TestField.java"/>
		<class name="TestField_InRegion.java" source="/TestEffectsAndUniqueness/src/test/borrowedField/TestField_InRegion.java"/>
		<class name="TestField_SimpleInRegion.java" source="/TestEffectsAndUniqueness/src/test/borrowedField/TestField_SimpleInRegion.java"/>
		<class name="Var.java" source="/TestEffectsAndUniqueness/src/test/borrowedField/Var.java"/>
		<class name="package-info.java" source="/TestEffectsAndUniqueness/src/test/borrowedField/package-info.java"/>
	</package>
	<package name="test.borrowedReadOnlyField">
		<class name="TestField.java" source="/TestEffectsAndUniqueness/src/test/borrowedReadOnlyField/TestField.java"/>
		<class name="TestField_InRegion.java" source="/TestEffectsAndUniqueness/src/test/borrowedReadOnlyField/TestField_InRegion.java"/>
		<class name="TestField_SimpleInRegion.java" source="/TestEffectsAndUniqueness/src/test/borrowedReadOnlyField/TestField_SimpleInRegion.java"/>
		<class name="Var.java" source="/TestEffectsAndUniqueness/src/test/borrowedReadOnlyField/Var.java"/>
		<class name="package-info.java" source="/TestEffectsAndUniqueness/src/test/borrowedReadOnlyField/package-info.java"/>
	</package>
	<package name="test.borrowedReadOnlyField.indirect">
		<class name="TestField.java" source="/TestEffectsAndUniqueness/src/test/borrowedReadOnlyField/indirect/TestField.java"/>
		<class name="TestField_InRegion.java" source="/TestEffectsAndUniqueness/src/test/borrowedReadOnlyField/indirect/TestField_InRegion.java"/>
		<class name="TestField_SimpleInRegion.java" source="/TestEffectsAndUniqueness/src/test/borrowedReadOnlyField/indirect/TestField_SimpleInRegion.java"/>
		<class name="Var.java" source="/TestEffectsAndUniqueness/src/test/borrowedReadOnlyField/indirect/Var.java"/>
		<class name="package-info.java" source="/TestEffectsAndUniqueness/src/test/borrowedReadOnlyField/indirect/package-info.java"/>
	</package>
	<package name="test.immutableRef">
		<class name="TestField.java" source="/TestEffectsAndUniqueness/src/test/immutableRef/TestField.java"/>
		<class name="TestParamPassing.java" source="/TestEffectsAndUniqueness/src/test/immutableRef/TestParamPassing.java"/>
		<class name="TestParameter.java" source="/TestEffectsAndUniqueness/src/test/immutableRef/TestParameter.java"/>
		<class name="TestReturnValue.java" source="/TestEffectsAndUniqueness/src/test/immutableRef/TestReturnValue.java"/>
		<class name="Var.java" source="/TestEffectsAndUniqueness/src/test/immutableRef/Var.java"/>
		<class name="package-info.java" source="/TestEffectsAndUniqueness/src/test/immutableRef/package-info.java"/>
	</package>
	<package name="test.immutableRef.array">
		<class name="TestField.java" source="/TestEffectsAndUniqueness/src/test/immutableRef/array/TestField.java"/>
		<class name="TestParamPassing.java" source="/TestEffectsAndUniqueness/src/test/immutableRef/array/TestParamPassing.java"/>
		<class name="TestParameter.java" source="/TestEffectsAndUniqueness/src/test/immutableRef/array/TestParameter.java"/>
		<class name="TestReturnValue.java" source="/TestEffectsAndUniqueness/src/test/immutableRef/array/TestReturnValue.java"/>
		<class name="package-info.java" source="/TestEffectsAndUniqueness/src/test/immutableRef/array/package-info.java"/>
	</package>
	<package name="test.immutableRef.array.indirect">
		<class name="TestField.java" source="/TestEffectsAndUniqueness/src/test/immutableRef/array/indirect/TestField.java"/>
		<class name="TestParamPassing.java" source="/TestEffectsAndUniqueness/src/test/immutableRef/array/indirect/TestParamPassing.java"/>
		<class name="TestParameter.java" source="/TestEffectsAndUniqueness/src/test/immutableRef/array/indirect/TestParameter.java"/>
		<class name="TestReturnValue.java" source="/TestEffectsAndUniqueness/src/test/immutableRef/array/indirect/TestReturnValue.java"/>
		<class name="package-info.java" source="/TestEffectsAndUniqueness/src/test/immutableRef/array/indirect/package-info.java"/>
	</package>
	<package name="test.immutableRef.indirect">
		<class name="TestField.java" source="/TestEffectsAndUniqueness/src/test/immutableRef/indirect/TestField.java"/>
		<class name="TestParamPassing.java" source="/TestEffectsAndUniqueness/src/test/immutableRef/indirect/TestParamPassing.java"/>
		<class name="TestParameter.java" source="/TestEffectsAndUniqueness/src/test/immutableRef/indirect/TestParameter.java"/>
		<class name="TestReturnValue.java" source="/TestEffectsAndUniqueness/src/test/immutableRef/indirect/TestReturnValue.java"/>
		<class name="Var.java" source="/TestEffectsAndUniqueness/src/test/immutableRef/indirect/Var.java"/>
		<class name="package-info.java" source="/TestEffectsAndUniqueness/src/test/immutableRef/indirect/package-info.java"/>
	</package>
	<package name="test.readOnlyRef">
		<class name="TestField.java" source="/TestEffectsAndUniqueness/src/test/readOnlyRef/TestField.java"/>
		<class name="TestParameter.java" source="/TestEffectsAndUniqueness/src/test/readOnlyRef/TestParameter.java"/>
		<class name="TestReturnValue.java" source="/TestEffectsAndUniqueness/src/test/readOnlyRef/TestReturnValue.java"/>
		<class name="Var.java" source="/TestEffectsAndUniqueness/src/test/readOnlyRef/Var.java"/>
		<class name="package-info.java" source="/TestEffectsAndUniqueness/src/test/readOnlyRef/package-info.java"/>
	</package>
	<package name="test.readOnlyRef.array">
		<class name="TestField.java" source="/TestEffectsAndUniqueness/src/test/readOnlyRef/array/TestField.java"/>
		<class name="TestParameter.java" source="/TestEffectsAndUniqueness/src/test/readOnlyRef/array/TestParameter.java"/>
		<class name="TestReturnValue.java" source="/TestEffectsAndUniqueness/src/test/readOnlyRef/array/TestReturnValue.java"/>
		<class name="package-info.java" source="/TestEffectsAndUniqueness/src/test/readOnlyRef/array/package-info.java"/>
	</package>
	<package name="test.readOnlyRef.array.indirect">
		<class name="TestField.java" source="/TestEffectsAndUniqueness/src/test/readOnlyRef/array/indirect/TestField.java"/>
		<class name="TestParameter.java" source="/TestEffectsAndUniqueness/src/test/readOnlyRef/array/indirect/TestParameter.java"/>
		<class name="TestReturnValue.java" source="/TestEffectsAndUniqueness/src/test/readOnlyRef/array/indirect/TestReturnValue.java"/>
		<class name="package-info.java" source="/TestEffectsAndUniqueness/src/test/readOnlyRef/array/indirect/package-info.java"/>
	</package>
	<package name="test.readOnlyRef.indirect">
		<class name="TestField.java" source="/TestEffectsAndUniqueness/src/test/readOnlyRef/indirect/TestField.java"/>
		<class name="TestParameter.java" source="/TestEffectsAndUniqueness/src/test/readOnlyRef/indirect/TestParameter.java"/>
		<class name="TestReturnValue.java" source="/TestEffectsAndUniqueness/src/test/readOnlyRef/indirect/TestReturnValue.java"/>
		<class name="Var.java" source="/TestEffectsAndUniqueness/src/test/readOnlyRef/indirect/Var.java"/>
		<class name="package-info.java" source="/TestEffectsAndUniqueness/src/test/readOnlyRef/indirect/package-info.java"/>
	</package>
	<package name="test.uniqueRef">
		<class name="TestField.java" source="/TestEffectsAndUniqueness/src/test/uniqueRef/TestField.java"/>
		<class name="TestField_InRegion.java" source="/TestEffectsAndUniqueness/src/test/uniqueRef/TestField_InRegion.java"/>
		<class name="TestField_SimpleInRegion.java" source="/TestEffectsAndUniqueness/src/test/uniqueRef/TestField_SimpleInRegion.java"/>
		<class name="Var.java" source="/TestEffectsAndUniqueness/src/test/uniqueRef/Var.java"/>
		<class name="package-info.java" source="/TestEffectsAndUniqueness/src/test/uniqueRef/package-info.java"/>
	</package>
	<package name="test.uniqueWriteRef">
		<class name="TestField.java" source="/TestEffectsAndUniqueness/src/test/uniqueWriteRef/TestField.java"/>
		<class name="TestField_InRegion.java" source="/TestEffectsAndUniqueness/src/test/uniqueWriteRef/TestField_InRegion.java"/>
		<class name="TestField_SimpleInRegion.java" source="/TestEffectsAndUniqueness/src/test/uniqueWriteRef/TestField_SimpleInRegion.java"/>
		<class name="Var.java" source="/TestEffectsAndUniqueness/src/test/uniqueWriteRef/Var.java"/>
		<class name="package-info.java" source="/TestEffectsAndUniqueness/src/test/uniqueWriteRef/package-info.java"/>
	</package>
</sourceFiles>
