<sourceFiles>
	<package name="inherited_region.Instance">
		<class name="Bad1.java" source="/TestLockSanityChecks/src/inherited_region/Instance/Bad1.java"/>
		<class name="BadRoot1.java" source="/TestLockSanityChecks/src/inherited_region/Instance/BadRoot1.java"/>
	</package>
	<package name="inherited_region.Subregion">
		<class name="Bad2.java" source="/TestLockSanityChecks/src/inherited_region/Subregion/Bad2.java"/>
		<class name="Bad3.java" source="/TestLockSanityChecks/src/inherited_region/Subregion/Bad3.java"/>
		<class name="BadRoot2.java" source="/TestLockSanityChecks/src/inherited_region/Subregion/BadRoot2.java"/>
	</package>
	<package name="inherited_region.baseCase">
		<class name="Good1.java" source="/TestLockSanityChecks/src/inherited_region/baseCase/Good1.java"/>
	</package>
	<package name="inherited_region.good">
		<class name="Good2.java" source="/TestLockSanityChecks/src/inherited_region/good/Good2.java"/>
		<class name="Good3.java" source="/TestLockSanityChecks/src/inherited_region/good/Good3.java"/>
		<class name="Good4.java" source="/TestLockSanityChecks/src/inherited_region/good/Good4.java"/>
		<class name="GoodRoot.java" source="/TestLockSanityChecks/src/inherited_region/good/GoodRoot.java"/>
	</package>
	<package name="qualified_receivers_as_locks">
		<class name="Outer.java" source="/TestLockSanityChecks/src/qualified_receivers_as_locks/Outer.java"/>
	</package>
	<package name="test_lock_field">
		<class name="A.java" source="/TestLockSanityChecks/src/test_lock_field/A.java"/>
		<class name="B.java" source="/TestLockSanityChecks/src/test_lock_field/B.java"/>
		<class name="C.java" source="/TestLockSanityChecks/src/test_lock_field/C.java"/>
		<class name="D.java" source="/TestLockSanityChecks/src/test_lock_field/D.java"/>
		<class name="Other.java" source="/TestLockSanityChecks/src/test_lock_field/Other.java"/>
	</package>
	<package name="test_lock_region">
		<class name="B.java" source="/TestLockSanityChecks/src/test_lock_region/B.java"/>
		<class name="C.java" source="/TestLockSanityChecks/src/test_lock_region/C.java"/>
		<class name="D.java" source="/TestLockSanityChecks/src/test_lock_region/D.java"/>
		<class name="Grandparent.java" source="/TestLockSanityChecks/src/test_lock_region/Grandparent.java"/>
		<class name="GreatGrandparent.java" source="/TestLockSanityChecks/src/test_lock_region/GreatGrandparent.java"/>
		<class name="LockViz.java" source="/TestLockSanityChecks/src/test_lock_region/LockViz.java"/>
		<class name="LockVizJUC.java" source="/TestLockSanityChecks/src/test_lock_region/LockVizJUC.java"/>
		<class name="Other.java" source="/TestLockSanityChecks/src/test_lock_region/Other.java"/>
		<class name="Parent.java" source="/TestLockSanityChecks/src/test_lock_region/Parent.java"/>
		<class name="ProtectInheritedRegion.java" source="/TestLockSanityChecks/src/test_lock_region/ProtectInheritedRegion.java"/>
	</package>
	<package name="test_requires_lock">
		<class name="C.java" source="/TestLockSanityChecks/src/test_requires_lock/C.java"/>
		<class name="C_Policy.java" source="/TestLockSanityChecks/src/test_requires_lock/C_Policy.java"/>
		<class name="CannotRequireRWLock.java" source="/TestLockSanityChecks/src/test_requires_lock/CannotRequireRWLock.java"/>
		<class name="D.java" source="/TestLockSanityChecks/src/test_requires_lock/D.java"/>
		<class name="Other1.java" source="/TestLockSanityChecks/src/test_requires_lock/Other1.java"/>
		<class name="PolicyLock_Constructor.java" source="/TestLockSanityChecks/src/test_requires_lock/PolicyLock_Constructor.java"/>
		<class name="PolicyLock_LockNames.java" source="/TestLockSanityChecks/src/test_requires_lock/PolicyLock_LockNames.java"/>
		<class name="PolicyLock_visibility.java" source="/TestLockSanityChecks/src/test_requires_lock/PolicyLock_visibility.java"/>
		<class name="Root.java" source="/TestLockSanityChecks/src/test_requires_lock/Root.java"/>
		<class name="StateLock_Constructor.java" source="/TestLockSanityChecks/src/test_requires_lock/StateLock_Constructor.java"/>
		<class name="StateLock_LockNames.java" source="/TestLockSanityChecks/src/test_requires_lock/StateLock_LockNames.java"/>
		<class name="StateLock_visibility.java" source="/TestLockSanityChecks/src/test_requires_lock/StateLock_visibility.java"/>
		<class name="TestDuplicates.java" source="/TestLockSanityChecks/src/test_requires_lock/TestDuplicates.java"/>
		<class name="TestImprovedMessages.java" source="/TestLockSanityChecks/src/test_requires_lock/TestImprovedMessages.java"/>
	</package>
	<package name="test_returns_lock">
		<class name="C.java" source="/TestLockSanityChecks/src/test_returns_lock/C.java"/>
		<class name="C_Policy.java" source="/TestLockSanityChecks/src/test_returns_lock/C_Policy.java"/>
		<class name="PLock.java" source="/TestLockSanityChecks/src/test_returns_lock/PLock.java"/>
		<class name="StateLock.java" source="/TestLockSanityChecks/src/test_returns_lock/StateLock.java"/>
	</package>
	<package name="test_unique_names">
		<class name="BadC2.java" source="/TestLockSanityChecks/src/test_unique_names/BadC2.java"/>
		<class name="BadC3.java" source="/TestLockSanityChecks/src/test_unique_names/BadC3.java"/>
		<class name="C1.java" source="/TestLockSanityChecks/src/test_unique_names/C1.java"/>
		<class name="GoodC2.java" source="/TestLockSanityChecks/src/test_unique_names/GoodC2.java"/>
		<class name="GoodC3.java" source="/TestLockSanityChecks/src/test_unique_names/GoodC3.java"/>
		<class name="StateVsPolicyLocks.java" source="/TestLockSanityChecks/src/test_unique_names/StateVsPolicyLocks.java"/>
	</package>
	<package name="twoLocksOneRegion.inherited">
		<class name="Duper.java" source="/TestLockSanityChecks/src/twoLocksOneRegion/inherited/Duper.java"/>
		<class name="Super.java" source="/TestLockSanityChecks/src/twoLocksOneRegion/inherited/Super.java"/>
	</package>
	<package name="twoLocksOneRegion.sameClass">
		<class name="Bad.java" source="/TestLockSanityChecks/src/twoLocksOneRegion/sameClass/Bad.java"/>
	</package>
	<package name="twoLocksOneRegion.unrelatedClasses">
		<class name="Test.java" source="/TestLockSanityChecks/src/twoLocksOneRegion/unrelatedClasses/Test.java"/>
		<class name="Test2.java" source="/TestLockSanityChecks/src/twoLocksOneRegion/unrelatedClasses/Test2.java"/>
	</package>
</sourceFiles>
