<sourceFiles>
	<package name="asRefObject">
		<class name="Test.java" source="/TestEnumReferenceObject/src/asRefObject/Test.java"/>
	</package>
	<package name="refObject">
		<class name="Direct.java" source="/TestEnumReferenceObject/src/refObject/Direct.java"/>
		<class name="Indirect.java" source="/TestEnumReferenceObject/src/refObject/Indirect.java"/>
		<class name="Inner.java" source="/TestEnumReferenceObject/src/refObject/Inner.java"/>
		<class name="Other.java" source="/TestEnumReferenceObject/src/refObject/Other.java"/>
		<class name="RefObject.java" source="/TestEnumReferenceObject/src/refObject/RefObject.java"/>
	</package>
	<package name="toString">
		<class name="Test.java" source="/TestEnumReferenceObject/src/toString/Test.java"/>
	</package>
	<package name="valObject">
		<class name="Direct.java" source="/TestEnumReferenceObject/src/valObject/Direct.java"/>
		<class name="Indirect.java" source="/TestEnumReferenceObject/src/valObject/Indirect.java"/>
		<class name="Inner.java" source="/TestEnumReferenceObject/src/valObject/Inner.java"/>
		<class name="Other.java" source="/TestEnumReferenceObject/src/valObject/Other.java"/>
		<class name="ValObject.java" source="/TestEnumReferenceObject/src/valObject/ValObject.java"/>
	</package>
</sourceFiles>
