<sourceFiles>
	<package name="example">
		<class name="A.java" source="/20140226 TestLayerAnnos_Peer/src/example/A.java"/>
		<class name="B.java" source="/20140226 TestLayerAnnos_Peer/src/example/B.java"/>
		<class name="C.java" source="/20140226 TestLayerAnnos_Peer/src/example/C.java"/>
	</package>
	<package name="structure">
		<class name="Bar.java" source="/20140226 TestLayerAnnos_Peer/src/structure/Bar.java"/>
		<class name="Foo.java" source="/20140226 TestLayerAnnos_Peer/src/structure/Foo.java"/>
		<class name="L1.java" source="/20140226 TestLayerAnnos_Peer/src/structure/L1.java"/>
		<class name="package-info.java" source="/20140226 TestLayerAnnos_Peer/src/structure/package-info.java"/>
	</package>
</sourceFiles>
