<sourceFiles>
	<package name="intrinsicLock.qualifiedSuper">
		<class name="Outer.java" source="/TestInstanceInitializerVisitorAndControlFlow/src/intrinsicLock/qualifiedSuper/Outer.java"/>
		<class name="Test.java" source="/TestInstanceInitializerVisitorAndControlFlow/src/intrinsicLock/qualifiedSuper/Test.java"/>
	</package>
	<package name="intrinsicLock.superVsThis">
		<class name="Test.java" source="/TestInstanceInitializerVisitorAndControlFlow/src/intrinsicLock/superVsThis/Test.java"/>
	</package>
	<package name="jucLock.qualifiedSuper">
		<class name="Outer.java" source="/TestInstanceInitializerVisitorAndControlFlow/src/jucLock/qualifiedSuper/Outer.java"/>
		<class name="Test.java" source="/TestInstanceInitializerVisitorAndControlFlow/src/jucLock/qualifiedSuper/Test.java"/>
	</package>
	<package name="jucLock.superVsThis">
		<class name="Test.java" source="/TestInstanceInitializerVisitorAndControlFlow/src/jucLock/superVsThis/Test.java"/>
	</package>
</sourceFiles>
