<sourceFiles>
	<package name="test.borrowedParam">
		<class name="Root.java" source="/TestBorrowedAndUniqueOverriding/src/test/borrowedParam/Root.java"/>
	</package>
	<package name="test.borrowedReceiver">
		<class name="Root.java" source="/TestBorrowedAndUniqueOverriding/src/test/borrowedReceiver/Root.java"/>
	</package>
	<package name="test.uniqueParam">
		<class name="Root.java" source="/TestBorrowedAndUniqueOverriding/src/test/uniqueParam/Root.java"/>
	</package>
	<package name="test.uniqueReceiver">
		<class name="Root.java" source="/TestBorrowedAndUniqueOverriding/src/test/uniqueReceiver/Root.java"/>
	</package>
	<package name="test.uniqueReturn">
		<class name="Root.java" source="/TestBorrowedAndUniqueOverriding/src/test/uniqueReturn/Root.java"/>
	</package>
</sourceFiles>
