<sourceFiles>
	<package name="testAnnosOnEnums">
		<class name="Test.java" source="/TestMoreLanguageFeatures/src/testAnnosOnEnums/Test.java"/>
	</package>
	<package name="testBinder">
		<class name="Graph.java" source="/TestMoreLanguageFeatures/src/testBinder/Graph.java"/>
		<class name="InvalidStateTransitonException.java" source="/TestMoreLanguageFeatures/src/testBinder/InvalidStateTransitonException.java"/>
		<class name="MultipleArcTransition.java" source="/TestMoreLanguageFeatures/src/testBinder/MultipleArcTransition.java"/>
		<class name="SingleArcTransition.java" source="/TestMoreLanguageFeatures/src/testBinder/SingleArcTransition.java"/>
		<class name="StateMachine.java" source="/TestMoreLanguageFeatures/src/testBinder/StateMachine.java"/>
		<class name="StateMachineFactory.java" source="TestMoreLanguageFeatures/src/testBinder/StateMachineFactory.java"/>
		<class name="TestGenericMethods.java" source="/TestMoreLanguageFeatures/src/testBinder/TestGenericMethods.java"/>
		<class name="TestNameResolution.java" source="/TestMoreLanguageFeatures/src/testBinder/TestNameResolution.java"/>
		<class name="TestVarargs.java" source="/TestMoreLanguageFeatures/src/testBinder/TestVarargs.java"/>
		<class name="TestWhen.java" source="/TestMoreLanguageFeatures/src/testBinder/TestWhen.java"/>
	</package>
	<package name="testBinder.aaron">
		<class name="Test.java" source="/TestMoreLanguageFeatures/src/testBinder/aaron/Test.java"/>
	</package>
	<package name="testBinder.aceNonShadowing">
		<class name="Outer.java" source="/TestMoreLanguageFeatures/src/testBinder/aceNonShadowing/Outer.java"/>
		<class name="TestACE.java" source="/TestMoreLanguageFeatures/src/testBinder/aceNonShadowing/TestACE.java"/>
	</package>
	<package name="testBinder.anyT">
		<class name="Generic.java" source="/TestMoreLanguageFeatures/src/testBinder/anyT/Generic.java"/>
	</package>
	<package name="testBinder.boxing">
		<class name="TestBoxing.java" source="/TestMoreLanguageFeatures/src/testBinder/boxing/TestBoxing.java"/>
	</package>
	<package name="testBinder.localTypeInACE">
		<class name="Outer.java" source="/TestMoreLanguageFeatures/src/testBinder/localTypeInACE/Outer.java"/>
		<class name="Test.java" source="/TestMoreLanguageFeatures/src/testBinder/localTypeInACE/Test.java"/>
	</package>
	<package name="testBinder.lub">
		<class name="ID.java" source="/TestMoreLanguageFeatures/src/testBinder/lub/ID.java"/>
		<class name="JobID.java" source="/TestMoreLanguageFeatures/src/testBinder/lub/JobID.java"/>
		<class name="TestLUB.java" source="/TestMoreLanguageFeatures/src/testBinder/lub/TestLUB.java"/>
	</package>
	<package name="testBinder.manyGenericTypesInOneFile">
		<class name="Test.java" source="/TestMoreLanguageFeatures/src/testBinder/manyGenericTypesInOneFile/Test.java"/>
	</package>
	<package name="testBinder.methodOnlyInACE">
		<class name="TestAnonClassMethods.java" source="/TestMoreLanguageFeatures/src/testBinder/methodOnlyInACE/TestAnonClassMethods.java"/>
	</package>
	<package name="testBinder.mutualImport">
		<class name="ATrigger.java" source="/TestMoreLanguageFeatures/src/testBinder/mutualImport/ATrigger.java"/>
		<class name="Type1.java" source="/TestMoreLanguageFeatures/src/testBinder/mutualImport/Type1.java"/>
		<class name="Type2.java" source="/TestMoreLanguageFeatures/src/testBinder/mutualImport/Type2.java"/>
	</package>
	<package name="testBinder.numericPromotion">
		<class name="TestPromotion.java" source="/TestMoreLanguageFeatures/src/testBinder/numericPromotion/TestPromotion.java"/>
	</package>
	<package name="testBinder.overloading">
		<class name="TestOverloading.java" source="/TestMoreLanguageFeatures/src/testBinder/overloading/TestOverloading.java"/>
	</package>
	<package name="testBinder.overloadingStaticGenericMethods">
		<class name="Configuration.java" source="/TestMoreLanguageFeatures/src/testBinder/overloadingStaticGenericMethods/Configuration.java"/>
		<class name="Job.java" source="/TestMoreLanguageFeatures/src/testBinder/overloadingStaticGenericMethods/Job.java"/>
		<class name="MockitoMaker.java" source="/TestMoreLanguageFeatures/src/testBinder/overloadingStaticGenericMethods/MockitoMaker.java"/>
		<class name="TestToo.java" source="/TestMoreLanguageFeatures/src/testBinder/overloadingStaticGenericMethods/TestToo.java"/>
	</package>
	<package name="testBinder.polymorphicMethods">
		<class name="TestPolyMethods.java" source="/TestMoreLanguageFeatures/src/testBinder/polymorphicMethods/TestPolyMethods.java"/>
	</package>
	<package name="testBinder.rawGenerics">
		<class name="AbstractJdbc4SqlXmlValue.java" source="/TestMoreLanguageFeatures/src/testBinder/rawGenerics/AbstractJdbc4SqlXmlValue.java"/>
		<class name="SqlXmlValue.java" source="/TestMoreLanguageFeatures/src/testBinder/rawGenerics/SqlXmlValue.java"/>
		<class name="TestRaw.java" source="/TestMoreLanguageFeatures/src/testBinder/rawGenerics/TestRaw.java"/>
		<class name="XmlResultProvider.java" source="/TestMoreLanguageFeatures/src/testBinder/rawGenerics/XmlResultProvider.java"/>
	</package>
	<package name="testBinder.selfImport">
		<class name="Outer.java" source="/TestMoreLanguageFeatures/src/testBinder/selfImport/Outer.java"/>
		<class name="Super.java" source="/TestMoreLanguageFeatures/src/testBinder/selfImport/Super.java"/>
		<class name="Super2.java" source="/TestMoreLanguageFeatures/src/testBinder/selfImport/Super2.java"/>
	</package>
	<package name="testBinder.shadowing">
		<class name="Sub.java" source="/TestMoreLanguageFeatures/src/testBinder/shadowing/Sub.java"/>
		<class name="Super.java" source="/TestMoreLanguageFeatures/src/testBinder/shadowing/Super.java"/>
		<class name="TestMethodShadowing.java" source="/TestMoreLanguageFeatures/src/testBinder/shadowing/TestMethodShadowing.java"/>
	</package>
	<package name="testBinder.typeShadowing">
		<class name="F.java" source="/TestMoreLanguageFeatures/src/testBinder/typeShadowing/F.java"/>
		<class name="Outer.java" source="/TestMoreLanguageFeatures/src/testBinder/typeShadowing/Outer.java"/>
	</package>
	<package name="testRewriting">
		<class name="Test2Applet.java" source="/TestMoreLanguageFeatures/src/testRewriting/Test2Applet.java"/>
		<class name="TestApplet.java" source="/TestMoreLanguageFeatures/src/testRewriting/TestApplet.java"/>
	</package>
</sourceFiles>
