<sourceFiles>
	<package name="t">
		<class name="Inner.java" source="/TrickyIndirectAccess/src/t/Inner.java"/>
		<class name="Test.java" source="/TrickyIndirectAccess/src/t/Test.java"/>
	</package>
	<package name="tt">
		<class name="C.java" source="/TrickyIndirectAccess/src/tt/C.java"/>
		<class name="D.java" source="/TrickyIndirectAccess/src/tt/D.java"/>
		<class name="E.java" source="/TrickyIndirectAccess/src/tt/E.java"/>
	</package>
	<package name="ttt">
		<class name="Inner.java" source="/TrickyIndirectAccess/src/ttt/Inner.java"/>
		<class name="Test.java" source="/TrickyIndirectAccess/src/ttt/Test.java"/>
	</package>
</sourceFiles>
