<?xml version='1.0' encoding='UTF-8' standalone='yes'?>
<sea-summary time="May 22, 2012 2:14:27 PM"
	 project="TestMoreDependencies">

<count LockModel="2"/>
<count InRegionPromiseDrop="2"/>
<count ProposedPromiseDrop="12"/>
<count ResultDrop="4"/>
<count RegionModel="4"/>
<count RequiresLockPromiseDrop="2"/>
<promise-drop type="InRegionPromiseDrop"
	 offset="203"
	 line="9"
	 path="TestMoreDependencies/src/testTypeRefs/HasALockDecl.java"
	 uri="file:/C:/work/jsure-test-update-script-workspace/TestMoreDependencies/src/testTypeRefs/HasALockDecl.java"
	 file="file:/C:/work/jsure-test-update-script-workspace/TestMoreDependencies/src/testTypeRefs/HasALockDecl.java"
	 hash="3506402"
	 context="-1371160878"
	 id="133"
	 message="InRegion(Root) on root"
	 from-src="true"
	 message-id="(107,Root,root)"
	 checked-by-analysis="true"
	 proved-consistent="true"
	 full-type="edu.cmu.cs.fluid.sea.drops.promises.InRegionPromiseDrop"/>

<promise-drop type="RegionModel"
	 offset="193"
	 length="32"
	 line="9"
	 path="TestMoreDependencies/src/testTypeRefs/HasALockDecl.java"
	 uri="file:/C:/work/jsure-test-update-script-workspace/TestMoreDependencies/src/testTypeRefs/HasALockDecl.java"
	 file="file:/C:/work/jsure-test-update-script-workspace/TestMoreDependencies/src/testTypeRefs/HasALockDecl.java"
	 hash="3506402"
	 context="-1371160878"
	 id="135"
	 message="Region   testTypeRefs.HasALockDecl.root"
	 category="Regions"
	 from-src="true"
	 message-id="(117, ,,testTypeRefs.HasALockDecl.root)"
	 checked-by-analysis="true"
	 proved-consistent="true"
	 full-type="edu.cmu.cs.fluid.sea.drops.promises.RegionModel"/>

<promise-drop type="LockModel"
	 offset="2147483647"
	 line="0"
	 path="java.lang/Object.class"
	 file="java.lang/Object.class"
	 hash="1709211273"
	 context="1063877011"
	 id="252"
	 message="RegionLock java.lang.Object.MUTEX is this protects WaitQueue on Object"
	 category="Concurrency"
	 to-be-checked-by-analysis="true"
	 from-src="true"
	 message-id="(100,java.lang.Object.MUTEX,this,WaitQueue,Object)"
	 checked-by-analysis="true"
	 proved-consistent="true"
	 full-type="edu.cmu.cs.fluid.sea.drops.promises.LockModel"/>

<promise-drop type="RegionModel"
	 offset="245"
	 length="44"
	 line="10"
	 path="TestMoreDependencies/src/testFieldRefs/HasARegionDecl.java"
	 uri="file:/C:/work/jsure-test-update-script-workspace/TestMoreDependencies/src/testFieldRefs/HasARegionDecl.java"
	 file="file:/C:/work/jsure-test-update-script-workspace/TestMoreDependencies/src/testFieldRefs/HasARegionDecl.java"
	 hash="97427706"
	 context="-672273353"
	 id="340"
	 message="Region protected testFieldRefs.HasARegionDecl.field"
	 category="Regions"
	 from-src="true"
	 message-id="(117,protected,,testFieldRefs.HasARegionDecl.field)"
	 checked-by-analysis="true"
	 proved-consistent="true"
	 full-type="edu.cmu.cs.fluid.sea.drops.promises.RegionModel"/>

<ir-drop type="ProposedPromiseDrop"
	 offset="96"
	 length="116"
	 line="6"
	 path="TestMoreDependencies/src/anotherPackage/UseMethod.java"
	 uri="file:/C:/work/jsure-test-update-script-workspace/TestMoreDependencies/src/anotherPackage/UseMethod.java"
	 file="file:/C:/work/jsure-test-update-script-workspace/TestMoreDependencies/src/anotherPackage/UseMethod.java"
	 hash="322331693"
	 context="-791675189"
	 id="345"
	 message="ProposedPromiseDrop @RegionEffects(writes java.lang.Object:All)"
	 target-project="TestMoreDependencies"
	 java-annotation="@RegionEffects(&quot;writes java.lang.Object:All&quot;)"
	 annotation-type="RegionEffects"
	 contents="writes java.lang.Object:All"
	 origin="CODE"
	 from-project="TestMoreDependencies"
	 full-type="edu.cmu.cs.fluid.sea.ProposedPromiseDrop"/>

<result-drop type="ResultDrop"
	 offset="318"
	 length="4"
	 line="15"
	 path="TestMoreDependencies/src/testTypeRefs/HasALockDecl.java"
	 uri="file:/C:/work/jsure-test-update-script-workspace/TestMoreDependencies/src/testTypeRefs/HasALockDecl.java"
	 file="file:/C:/work/jsure-test-update-script-workspace/TestMoreDependencies/src/testTypeRefs/HasALockDecl.java"
	 hash="-605692366"
	 context="-2145057966"
	 id="382"
	 message="Lock &quot;&lt;this&gt;:L&quot; held when accessing this.root"
	 category="protected field access(es)"
	 result-type="LockAnalysis_ds_FieldAccessAssured"
	 message-id="(203,&lt;this&gt;:L,this.root,null)"
	 consistent="true"
	 full-type="edu.cmu.cs.fluid.sea.ResultDrop"/>

<promise-drop type="RequiresLockPromiseDrop"
	 offset="280"
	 line="13"
	 path="TestMoreDependencies/src/testTypeRefs/HasALockDecl.java"
	 uri="file:/C:/work/jsure-test-update-script-workspace/TestMoreDependencies/src/testTypeRefs/HasALockDecl.java"
	 file="file:/C:/work/jsure-test-update-script-workspace/TestMoreDependencies/src/testTypeRefs/HasALockDecl.java"
	 hash="-393316777"
	 context="1334582760"
	 id="383"
	 message="RequiresLock L on testTypeRefs.HasALockDecl.nullifyRoot()"
	 category="lock precondition(s)"
	 to-be-checked-by-analysis="true"
	 from-src="true"
	 message-id="(102,RequiresLock L,testTypeRefs.HasALockDecl.nullifyRoot())"
	 checked-by-analysis="true"
	 full-type="edu.cmu.cs.fluid.sea.drops.promises.RequiresLockPromiseDrop"/>

<promise-drop type="LockModel"
	 offset="135"
	 line="5"
	 path="TestMoreDependencies/src/testTypeRefs/HasALockDecl.java"
	 uri="file:/C:/work/jsure-test-update-script-workspace/TestMoreDependencies/src/testTypeRefs/HasALockDecl.java"
	 file="file:/C:/work/jsure-test-update-script-workspace/TestMoreDependencies/src/testTypeRefs/HasALockDecl.java"
	 hash="-1312998157"
	 context="575965694"
	 id="385"
	 message="RegionLock testTypeRefs.HasALockDecl.L is this protects Root on HasALockDecl"
	 category="Concurrency"
	 to-be-checked-by-analysis="true"
	 from-src="true"
	 message-id="(100,testTypeRefs.HasALockDecl.L,this,Root,HasALockDecl)"
	 checked-by-analysis="true"
	 full-type="edu.cmu.cs.fluid.sea.drops.promises.LockModel"/>

<result-drop type="ResultDrop"
	 offset="132"
	 length="5"
	 line="7"
	 path="TestMoreDependencies/src/anotherPackage/UseField.java"
	 uri="file:/C:/work/jsure-test-update-script-workspace/TestMoreDependencies/src/anotherPackage/UseField.java"
	 file="file:/C:/work/jsure-test-update-script-workspace/TestMoreDependencies/src/anotherPackage/UseField.java"
	 hash="-1607864918"
	 context="1826827986"
	 id="412"
	 message="Lock &quot;&lt;this&gt;:L&quot; not held when accessing this.field"
	 category="unprotected field access(es); possible race condition detected"
	 message-id="(205,&lt;this&gt;:L,this.field,null)"
	 result-type="LockAnalysis_ds_FieldAccessNotAssured"
	 full-type="edu.cmu.cs.fluid.sea.ResultDrop"/>

<ir-drop type="ProposedPromiseDrop"
	 offset="116"
	 length="33"
	 line="6"
	 path="TestMoreDependencies/src/anotherPackage/UseField.java"
	 uri="file:/C:/work/jsure-test-update-script-workspace/TestMoreDependencies/src/anotherPackage/UseField.java"
	 file="file:/C:/work/jsure-test-update-script-workspace/TestMoreDependencies/src/anotherPackage/UseField.java"
	 hash="669455113"
	 context="-905291164"
	 id="414"
	 message="ProposedPromiseDrop @Unique(return)"
	 target-project="TestMoreDependencies"
	 java-annotation="@Unique(&quot;return&quot;)"
	 annotation-type="Unique"
	 contents="return"
	 origin="MODEL"
	 from-project="TestMoreDependencies"
	 full-type="edu.cmu.cs.fluid.sea.ProposedPromiseDrop"/>

<ir-drop type="ProposedPromiseDrop"
	 offset="89"
	 line="6"
	 path="TestMoreDependencies/src/anotherPackage/UseType.java"
	 uri="file:/C:/work/jsure-test-update-script-workspace/TestMoreDependencies/src/anotherPackage/UseType.java"
	 file="file:/C:/work/jsure-test-update-script-workspace/TestMoreDependencies/src/anotherPackage/UseType.java"
	 hash="1233840398"
	 context="-946635734"
	 id="467"
	 message="ProposedPromiseDrop @RegionEffects(none)"
	 target-project="TestMoreDependencies"
	 java-annotation="@RegionEffects(&quot;none&quot;)"
	 annotation-type="RegionEffects"
	 contents="none"
	 origin="CODE"
	 from-project="TestMoreDependencies"
	 full-type="edu.cmu.cs.fluid.sea.ProposedPromiseDrop"/>

<ir-drop type="ProposedPromiseDrop"
	 offset="116"
	 length="33"
	 line="6"
	 path="TestMoreDependencies/src/anotherPackage/UseField.java"
	 uri="file:/C:/work/jsure-test-update-script-workspace/TestMoreDependencies/src/anotherPackage/UseField.java"
	 file="file:/C:/work/jsure-test-update-script-workspace/TestMoreDependencies/src/anotherPackage/UseField.java"
	 hash="669455113"
	 context="-905291164"
	 id="709"
	 message="ProposedPromiseDrop @RegionEffects(writes java.lang.Object:All)"
	 target-project="TestMoreDependencies"
	 java-annotation="@RegionEffects(&quot;writes java.lang.Object:All&quot;)"
	 annotation-type="RegionEffects"
	 contents="writes java.lang.Object:All"
	 origin="CODE"
	 from-project="TestMoreDependencies"
	 full-type="edu.cmu.cs.fluid.sea.ProposedPromiseDrop"/>

<ir-drop type="ProposedPromiseDrop"
	 offset="277"
	 line="12"
	 path="TestMoreDependencies/src/testMethodRefs/HasRequiresLock.java"
	 uri="file:/C:/work/jsure-test-update-script-workspace/TestMoreDependencies/src/testMethodRefs/HasRequiresLock.java"
	 file="file:/C:/work/jsure-test-update-script-workspace/TestMoreDependencies/src/testMethodRefs/HasRequiresLock.java"
	 hash="-60950688"
	 context="605344766"
	 id="728"
	 message="ProposedPromiseDrop @RegionEffects(writes java.lang.Object:All)"
	 target-project="TestMoreDependencies"
	 java-annotation="@RegionEffects(&quot;writes java.lang.Object:All&quot;)"
	 annotation-type="RegionEffects"
	 contents="writes java.lang.Object:All"
	 origin="CODE"
	 from-project="TestMoreDependencies"
	 full-type="edu.cmu.cs.fluid.sea.ProposedPromiseDrop"/>

<promise-drop type="RegionModel"
	 offset="60"
	 line="5"
	 path="TestMoreDependencies/src/testTypeRefs/HasALockDecl.java"
	 uri="file:/C:/work/jsure-test-update-script-workspace/TestMoreDependencies/src/testTypeRefs/HasALockDecl.java"
	 file="file:/C:/work/jsure-test-update-script-workspace/TestMoreDependencies/src/testTypeRefs/HasALockDecl.java"
	 hash="-1312998157"
	 context="575965694"
	 id="1211"
	 message="Region public testTypeRefs.HasALockDecl.Root"
	 category="Regions"
	 from-src="true"
	 message-id="(117,public,,testTypeRefs.HasALockDecl.Root)"
	 checked-by-analysis="true"
	 proved-consistent="true"
	 full-type="edu.cmu.cs.fluid.sea.drops.promises.RegionModel"/>

<promise-drop type="RegionModel"
	 offset="123"
	 line="7"
	 path="TestMoreDependencies/src/testFieldRefs/HasARegionDecl.java"
	 uri="file:/C:/work/jsure-test-update-script-workspace/TestMoreDependencies/src/testFieldRefs/HasARegionDecl.java"
	 file="file:/C:/work/jsure-test-update-script-workspace/TestMoreDependencies/src/testFieldRefs/HasARegionDecl.java"
	 hash="1434242842"
	 context="-531924245"
	 id="1301"
	 message="Region public testFieldRefs.HasARegionDecl.Field"
	 category="Regions"
	 from-src="true"
	 message-id="(117,public,,testFieldRefs.HasARegionDecl.Field)"
	 checked-by-analysis="true"
	 proved-consistent="true"
	 full-type="edu.cmu.cs.fluid.sea.drops.promises.RegionModel"/>

<ir-drop type="ProposedPromiseDrop"
	 offset="96"
	 line="6"
	 path="TestMoreDependencies/src/anotherPackage/UseMethod.java"
	 uri="file:/C:/work/jsure-test-update-script-workspace/TestMoreDependencies/src/anotherPackage/UseMethod.java"
	 file="file:/C:/work/jsure-test-update-script-workspace/TestMoreDependencies/src/anotherPackage/UseMethod.java"
	 hash="1769910453"
	 context="-984856456"
	 id="1461"
	 message="ProposedPromiseDrop @RegionEffects(none)"
	 target-project="TestMoreDependencies"
	 java-annotation="@RegionEffects(&quot;none&quot;)"
	 annotation-type="RegionEffects"
	 contents="none"
	 origin="CODE"
	 from-project="TestMoreDependencies"
	 full-type="edu.cmu.cs.fluid.sea.ProposedPromiseDrop"/>

<result-drop type="ResultDrop"
	 offset="129"
	 length="18"
	 line="9"
	 path="TestMoreDependencies/src/anotherPackage/UseType.java"
	 uri="file:/C:/work/jsure-test-update-script-workspace/TestMoreDependencies/src/anotherPackage/UseType.java"
	 file="file:/C:/work/jsure-test-update-script-workspace/TestMoreDependencies/src/anotherPackage/UseType.java"
	 hash="-485519958"
	 context="835074631"
	 id="1594"
	 message="Lock &quot;&lt;this.hald&gt;:L&quot; not held when invoking this.hald.nullifyRoot; precondition unsatisfied"
	 category="lock precondition(s) not satisfied; possible race conditions enabled"
	 message-id="(209,&lt;this.hald&gt;:L,this.hald.nullifyRoot,null)"
	 result-type="LockAnalysis_ds_PreconditionsNotAssured"
	 full-type="edu.cmu.cs.fluid.sea.ResultDrop"/>

<ir-drop type="ProposedPromiseDrop"
	 offset="113"
	 length="39"
	 line="8"
	 path="TestMoreDependencies/src/anotherPackage/UseType.java"
	 uri="file:/C:/work/jsure-test-update-script-workspace/TestMoreDependencies/src/anotherPackage/UseType.java"
	 file="file:/C:/work/jsure-test-update-script-workspace/TestMoreDependencies/src/anotherPackage/UseType.java"
	 hash="-650750876"
	 context="683776636"
	 id="1595"
	 message="ProposedPromiseDrop @RequiresLock(L)"
	 target-project="TestMoreDependencies"
	 java-annotation="@RequiresLock(&quot;L&quot;)"
	 annotation-type="RequiresLock"
	 contents="L"
	 origin="MODEL"
	 from-project="TestMoreDependencies"
	 full-type="edu.cmu.cs.fluid.sea.ProposedPromiseDrop"/>

<ir-drop type="ProposedPromiseDrop"
	 offset="277"
	 length="48"
	 line="12"
	 path="TestMoreDependencies/src/testMethodRefs/HasRequiresLock.java"
	 uri="file:/C:/work/jsure-test-update-script-workspace/TestMoreDependencies/src/testMethodRefs/HasRequiresLock.java"
	 file="file:/C:/work/jsure-test-update-script-workspace/TestMoreDependencies/src/testMethodRefs/HasRequiresLock.java"
	 hash="293892272"
	 context="-810981007"
	 id="1751"
	 message="ProposedPromiseDrop @RegionEffects(none)"
	 target-project="TestMoreDependencies"
	 java-annotation="@RegionEffects(&quot;none&quot;)"
	 annotation-type="RegionEffects"
	 contents="none"
	 origin="CODE"
	 from-project="TestMoreDependencies"
	 full-type="edu.cmu.cs.fluid.sea.ProposedPromiseDrop"/>

<ir-drop type="ProposedPromiseDrop"
	 offset="193"
	 line="9"
	 path="TestMoreDependencies/src/testTypeRefs/HasALockDecl.java"
	 uri="file:/C:/work/jsure-test-update-script-workspace/TestMoreDependencies/src/testTypeRefs/HasALockDecl.java"
	 file="file:/C:/work/jsure-test-update-script-workspace/TestMoreDependencies/src/testTypeRefs/HasALockDecl.java"
	 hash="-885768741"
	 context="696560269"
	 id="2082"
	 message="ProposedPromiseDrop @RegionEffects(none)"
	 target-project="TestMoreDependencies"
	 java-annotation="@RegionEffects(&quot;none&quot;)"
	 annotation-type="RegionEffects"
	 contents="none"
	 origin="CODE"
	 from-project="TestMoreDependencies"
	 full-type="edu.cmu.cs.fluid.sea.ProposedPromiseDrop"/>

<ir-drop type="ProposedPromiseDrop"
	 offset="113"
	 length="39"
	 line="8"
	 path="TestMoreDependencies/src/anotherPackage/UseType.java"
	 uri="file:/C:/work/jsure-test-update-script-workspace/TestMoreDependencies/src/anotherPackage/UseType.java"
	 file="file:/C:/work/jsure-test-update-script-workspace/TestMoreDependencies/src/anotherPackage/UseType.java"
	 hash="-650750876"
	 context="683776636"
	 id="2352"
	 message="ProposedPromiseDrop @RegionEffects(writes java.lang.Object:All)"
	 target-project="TestMoreDependencies"
	 java-annotation="@RegionEffects(&quot;writes java.lang.Object:All&quot;)"
	 annotation-type="RegionEffects"
	 contents="writes java.lang.Object:All"
	 origin="CODE"
	 from-project="TestMoreDependencies"
	 full-type="edu.cmu.cs.fluid.sea.ProposedPromiseDrop"/>

<ir-drop type="ProposedPromiseDrop"
	 offset="266"
	 length="68"
	 line="13"
	 path="TestMoreDependencies/src/testTypeRefs/HasALockDecl.java"
	 uri="file:/C:/work/jsure-test-update-script-workspace/TestMoreDependencies/src/testTypeRefs/HasALockDecl.java"
	 file="file:/C:/work/jsure-test-update-script-workspace/TestMoreDependencies/src/testTypeRefs/HasALockDecl.java"
	 hash="-393316777"
	 context="1334582760"
	 id="2428"
	 message="ProposedPromiseDrop @RegionEffects(writes this:Root)"
	 target-project="TestMoreDependencies"
	 java-annotation="@RegionEffects(&quot;writes this:Root&quot;)"
	 annotation-type="RegionEffects"
	 contents="writes this:Root"
	 origin="CODE"
	 from-project="TestMoreDependencies"
	 full-type="edu.cmu.cs.fluid.sea.ProposedPromiseDrop"/>

<ir-drop type="ProposedPromiseDrop"
	 offset="245"
	 line="10"
	 path="TestMoreDependencies/src/testFieldRefs/HasARegionDecl.java"
	 uri="file:/C:/work/jsure-test-update-script-workspace/TestMoreDependencies/src/testFieldRefs/HasARegionDecl.java"
	 file="file:/C:/work/jsure-test-update-script-workspace/TestMoreDependencies/src/testFieldRefs/HasARegionDecl.java"
	 hash="-563283548"
	 context="-428933495"
	 id="2782"
	 message="ProposedPromiseDrop @RegionEffects(writes java.lang.Object:All)"
	 target-project="TestMoreDependencies"
	 java-annotation="@RegionEffects(&quot;writes java.lang.Object:All&quot;)"
	 annotation-type="RegionEffects"
	 contents="writes java.lang.Object:All"
	 origin="CODE"
	 from-project="TestMoreDependencies"
	 full-type="edu.cmu.cs.fluid.sea.ProposedPromiseDrop"/>

<result-drop type="ResultDrop"
	 offset="193"
	 length="9"
	 line="9"
	 path="TestMoreDependencies/src/anotherPackage/UseMethod.java"
	 uri="file:/C:/work/jsure-test-update-script-workspace/TestMoreDependencies/src/anotherPackage/UseMethod.java"
	 file="file:/C:/work/jsure-test-update-script-workspace/TestMoreDependencies/src/anotherPackage/UseMethod.java"
	 hash="1204666905"
	 context="-505549103"
	 id="3126"
	 message="Lock &quot;&lt;hsl&gt;:L&quot; held when invoking hsl.foo; precondition satisfied"
	 category="lock precondition(s) satisfied"
	 result-type="LockAnalysis_ds_PreconditionsAssured"
	 message-id="(207,&lt;hsl&gt;:L,hsl.foo,null)"
	 consistent="true"
	 proved-consistent="true"
	 full-type="edu.cmu.cs.fluid.sea.ResultDrop"/>

<promise-drop type="RequiresLockPromiseDrop"
	 offset="291"
	 line="12"
	 path="TestMoreDependencies/src/testMethodRefs/HasRequiresLock.java"
	 uri="file:/C:/work/jsure-test-update-script-workspace/TestMoreDependencies/src/testMethodRefs/HasRequiresLock.java"
	 file="file:/C:/work/jsure-test-update-script-workspace/TestMoreDependencies/src/testMethodRefs/HasRequiresLock.java"
	 hash="293892272"
	 context="-810981007"
	 id="3127"
	 message="RequiresLock L on testMethodRefs.HasRequiresLock.foo()"
	 category="lock precondition(s)"
	 to-be-checked-by-analysis="true"
	 from-src="true"
	 message-id="(102,RequiresLock L,testMethodRefs.HasRequiresLock.foo())"
	 checked-by-analysis="true"
	 proved-consistent="true"
	 full-type="edu.cmu.cs.fluid.sea.drops.promises.RequiresLockPromiseDrop"/>

<promise-drop type="InRegionPromiseDrop"
	 offset="255"
	 line="10"
	 path="TestMoreDependencies/src/testFieldRefs/HasARegionDecl.java"
	 uri="file:/C:/work/jsure-test-update-script-workspace/TestMoreDependencies/src/testFieldRefs/HasARegionDecl.java"
	 file="file:/C:/work/jsure-test-update-script-workspace/TestMoreDependencies/src/testFieldRefs/HasARegionDecl.java"
	 hash="97427706"
	 context="-672273353"
	 id="3851"
	 message="InRegion(Field) on field"
	 from-src="true"
	 message-id="(107,Field,field)"
	 checked-by-analysis="true"
	 proved-consistent="true"
	 full-type="edu.cmu.cs.fluid.sea.drops.promises.InRegionPromiseDrop"/>

</sea-summary>

