<sourceFiles>
	<package name="test">
		<class name="TestAnnotationBounds.java" source="/TestAllAnnotationsUnparse/src/test/TestAnnotationBounds.java"/>
		<class name="TestAssume.java" source="/TestAllAnnotationsUnparse/src/test/TestAssume.java"/>
		<class name="TestBorrowed.java" source="/TestAllAnnotationsUnparse/src/test/TestBorrowed.java"/>
		<class name="TestContainable.java" source="/TestAllAnnotationsUnparse/src/test/TestContainable.java"/>
		<class name="TestGuardedBy.java" source="/TestAllAnnotationsUnparse/src/test/TestGuardedBy.java"/>
		<class name="TestImmutable.java" source="/TestAllAnnotationsUnparse/src/test/TestImmutable.java"/>
		<class name="TestLockStuff.java" source="/TestAllAnnotationsUnparse/src/test/TestLockStuff.java"/>
		<class name="TestMayReferTo.java" source="/TestAllAnnotationsUnparse/src/test/TestMayReferTo.java"/>
		<class name="TestMustInvokeOnOverride.java" source="/TestAllAnnotationsUnparse/src/test/TestMustInvokeOnOverride.java"/>
		<class name="TestMutable.java" source="/TestAllAnnotationsUnparse/src/test/TestMutable.java"/>
		<class name="TestNonNull.java" source="/TestAllAnnotationsUnparse/src/test/TestNonNull.java"/>
		<class name="TestNotContainable.java" source="/TestAllAnnotationsUnparse/src/test/TestNotContainable.java"/>
		<class name="TestNotThreadSafe.java" source="/TestAllAnnotationsUnparse/src/test/TestNotThreadSafe.java"/>
		<class name="TestNullable.java" source="/TestAllAnnotationsUnparse/src/test/TestNullable.java"/>
		<class name="TestPromise.java" source="/TestAllAnnotationsUnparse/src/test/TestPromise.java"/>
		<class name="TestRaw.java" source="/TestAllAnnotationsUnparse/src/test/TestRaw.java"/>
		<class name="TestReadOnly.java" source="/TestAllAnnotationsUnparse/src/test/TestReadOnly.java"/>
		<class name="TestReferenceObject.java" source="/TestAllAnnotationsUnparse/src/test/TestReferenceObject.java"/>
		<class name="TestRegionEffects.java" source="/TestAllAnnotationsUnparse/src/test/TestRegionEffects.java"/>
		<class name="TestSingleton.java" source="/TestAllAnnotationsUnparse/src/test/TestSingleton.java"/>
		<class name="TestStarts.java" source="/TestAllAnnotationsUnparse/src/test/TestStarts.java"/>
		<class name="TestThreadSafe.java" source="/TestAllAnnotationsUnparse/src/test/TestThreadSafe.java"/>
		<class name="TestUnique.java" source="/TestAllAnnotationsUnparse/src/test/TestUnique.java"/>
		<class name="TestUtility.java" source="/TestAllAnnotationsUnparse/src/test/TestUtility.java"/>
		<class name="TestValueObject.java" source="/TestAllAnnotationsUnparse/src/test/TestValueObject.java"/>
		<class name="TestVouch.java" source="/TestAllAnnotationsUnparse/src/test/TestVouch.java"/>
	</package>
	<package name="testLayers">
		<class name="TestInLayer.java" source="/TestAllAnnotationsUnparse/src/testLayers/TestInLayer.java"/>
		<class name="package-info.java" source="/TestAllAnnotationsUnparse/src/testLayers/package-info.java"/>
	</package>
</sourceFiles>
