<sourceFiles>
	<package name="test">
		<class name="TestNonNullAndNullable.java" source="/TestNonNullSanityChecking/src/test/TestNonNullAndNullable.java"/>
		<class name="TestNonNullAndRaw.java" source="/TestNonNullSanityChecking/src/test/TestNonNullAndRaw.java"/>
		<class name="TestNonNullOnReferenceOnly.java" source="/TestNonNullSanityChecking/src/test/TestNonNullOnReferenceOnly.java"/>
		<class name="TestNullableAndRaw.java" source="/TestNonNullSanityChecking/src/test/TestNullableAndRaw.java"/>
		<class name="TestNullableOnReferencesOnly.java" source="/TestNonNullSanityChecking/src/test/TestNullableOnReferencesOnly.java"/>
		<class name="TestRawNamesInterface.java" source="/TestNonNullSanityChecking/src/test/TestRawNamesInterface.java"/>
		<class name="TestRawStarOnInterface.java" source="/TestNonNullSanityChecking/src/test/TestRawStarOnInterface.java"/>
		<class name="TestRawStarOnReferencesOnly.java" source="/TestNonNullSanityChecking/src/test/TestRawStarOnReferencesOnly.java"/>
	</package>
</sourceFiles>
