<?xml version='1.0' encoding='UTF-8' standalone='yes'?>
<sea-summary time="Aug 15, 2012 9:57:28 AM"
 project="TestEffects, TestUniqueness">

  <count RegionEffectsPromiseDrop="1"/>

  <count LockModel="1"/>

  <count InRegionPromiseDrop="1"/>

  <count UniquenessControlFlowDrop="1"/>

  <count ProposedPromiseDrop="2"/>

  <count UniquePromiseDrop="1"/>

  <count RegionModel="2"/>

  <count ResultDrop="9"/>

  <promise-drop type="UniquenessControlFlowDrop"
   offset="83"
   line="6"
   path="TestUniqueness/src/test/uniqueness/Uniqueness.java"
   uri="file:/C:/work/jsure-test-update-script-workspace/DifferentDrops/TestUniqueness/src/test/uniqueness/Uniqueness.java"
   file="file:/C:/work/jsure-test-update-script-workspace/DifferentDrops/TestUniqueness/src/test/uniqueness/Uniqueness.java"
   hash="1533438279"
   context="-1019620411"
   virtual="true"
   id="258"
   message="Control flow of test.uniqueness.Uniqueness.Uniqueness()"
   category="Uniqueness"
   to-be-checked-by-analysis="true"
   uses-red-dot="true"
   from-src="true"
   message-id="(132,test.uniqueness.Uniqueness.Uniqueness())"
   proved-consistent="true"
   full-type="edu.cmu.cs.fluid.sea.drops.promises.UniquenessControlFlowDrop"/>

  <result-drop type="ResultDrop"
   offset="83"
   line="6"
   path="TestUniqueness/src/test/uniqueness/Uniqueness.java"
   uri="file:/C:/work/jsure-test-update-script-workspace/DifferentDrops/TestUniqueness/src/test/uniqueness/Uniqueness.java"
   file="file:/C:/work/jsure-test-update-script-workspace/DifferentDrops/TestUniqueness/src/test/uniqueness/Uniqueness.java"
   hash="109801339"
   context="-1019620411"
   id="287"
   message="Effects of call super"
   result-type="UniquenessAssurance_effectOfCallDrop"
   message-id="(304,super)"
   proved-consistent="true"
   consistent="true"
   full-type="edu.cmu.cs.fluid.sea.ResultDrop"/>

  <promise-drop type="UniquePromiseDrop"
   offset="83"
   line="6"
   path="TestUniqueness/src/test/uniqueness/Uniqueness.java"
   uri="file:/C:/work/jsure-test-update-script-workspace/DifferentDrops/TestUniqueness/src/test/uniqueness/Uniqueness.java"
   file="file:/C:/work/jsure-test-update-script-workspace/DifferentDrops/TestUniqueness/src/test/uniqueness/Uniqueness.java"
   hash="97427706"
   context="-1829911170"
   id="289"
   message="Unique on field"
   category="Uniqueness"
   to-be-checked-by-analysis="true"
   from-src="true"
   message-id="(115,field)"
   checked-by-analysis="true"
   request-top-level="true"
   proved-consistent="true"
   full-type="edu.cmu.cs.fluid.sea.drops.promises.UniquePromiseDrop"/>

  <result-drop type="ResultDrop"
   offset="83"
   line="6"
   path="TestUniqueness/src/test/uniqueness/Uniqueness.java"
   uri="file:/C:/work/jsure-test-update-script-workspace/DifferentDrops/TestUniqueness/src/test/uniqueness/Uniqueness.java"
   file="file:/C:/work/jsure-test-update-script-workspace/DifferentDrops/TestUniqueness/src/test/uniqueness/Uniqueness.java"
   hash="109801339"
   context="-1019620411"
   id="584"
   message="Unique return value of call super"
   result-type="UniquenessAssurance_uniqueReturnDrop"
   message-id="(301,super)"
   proved-consistent="true"
   consistent="true"
   full-type="edu.cmu.cs.fluid.sea.ResultDrop"/>

  <result-drop type="ResultDrop"
   offset="83"
   line="6"
   path="TestUniqueness/src/test/uniqueness/Uniqueness.java"
   uri="file:/C:/work/jsure-test-update-script-workspace/DifferentDrops/TestUniqueness/src/test/uniqueness/Uniqueness.java"
   file="file:/C:/work/jsure-test-update-script-workspace/DifferentDrops/TestUniqueness/src/test/uniqueness/Uniqueness.java"
   hash="109801339"
   context="-1019620411"
   id="634"
   message="Effects of call super"
   result-type="UniquenessAssurance_effectOfCallDrop"
   message-id="(304,super)"
   proved-consistent="true"
   consistent="true"
   full-type="edu.cmu.cs.fluid.sea.ResultDrop"/>

  <promise-drop type="LockModel"
   offset="2147483647"
   line="0"
   path="java.lang/Object.class"
   file="java.lang/Object.class"
   hash="1709211273"
   context="1063877011"
   id="798"
   message="RegionLock java.lang.Object.MUTEX is this protects WaitQueue on Object"
   category="Concurrency"
   to-be-checked-by-analysis="true"
   from-src="true"
   message-id="(100,java.lang.Object.MUTEX,this,WaitQueue,Object)"
   checked-by-analysis="true"
   proved-consistent="true"
   full-type="edu.cmu.cs.fluid.sea.drops.promises.LockModel"/>

  <result-drop type="ResultDrop"
   offset="178"
   length="3"
   line="12"
   path="TestEffects/src/test/effects/Effects.java"
   uri="file:/C:/work/jsure-test-update-script-workspace/DifferentDrops/TestEffects/src/test/effects/Effects.java"
   file="file:/C:/work/jsure-test-update-script-workspace/DifferentDrops/TestEffects/src/test/effects/Effects.java"
   hash="1227375990"
   context="-1074437075"
   id="1662"
   message="&quot;reads this:foo&quot; checked by &quot;reads this:Foo&quot;"
   result-type="EffectAssurance_msgCheckedBy"
   message-id="(151,reads this:foo,reads this:Foo)"
   proved-consistent="true"
   consistent="true"
   full-type="edu.cmu.cs.fluid.sea.ResultDrop"/>

  <promise-drop type="RegionEffectsPromiseDrop"
   offset="141"
   line="10"
   path="TestEffects/src/test/effects/Effects.java"
   uri="file:/C:/work/jsure-test-update-script-workspace/DifferentDrops/TestEffects/src/test/effects/Effects.java"
   file="file:/C:/work/jsure-test-update-script-workspace/DifferentDrops/TestEffects/src/test/effects/Effects.java"
   hash="-1531990530"
   context="-1465663501"
   id="1663"
   message="Reads this:Foo on test.effects.Effects.foo()"
   category="Effects"
   to-be-checked-by-analysis="true"
   from-src="true"
   checked-by-analysis="true"
   proved-consistent="true"
   full-type="edu.cmu.cs.fluid.sea.drops.effects.RegionEffectsPromiseDrop"/>

  <ir-drop type="ProposedPromiseDrop"
   offset="83"
   line="6"
   path="TestUniqueness/src/test/uniqueness/Uniqueness.java"
   uri="file:/C:/work/jsure-test-update-script-workspace/DifferentDrops/TestUniqueness/src/test/uniqueness/Uniqueness.java"
   file="file:/C:/work/jsure-test-update-script-workspace/DifferentDrops/TestUniqueness/src/test/uniqueness/Uniqueness.java"
   hash="1533438279"
   context="-1019620411"
   id="1963"
   message="ProposedPromiseDrop @RegionEffects(none)"
   target-project="TestUniqueness"
   java-annotation="@RegionEffects(&quot;none&quot;)"
   annotation-type="RegionEffects"
   contents="none"
   origin="CODE"
   from-project="TestUniqueness"
   full-type="edu.cmu.cs.fluid.sea.ProposedPromiseDrop"/>

  <promise-drop type="InRegionPromiseDrop"
   offset="103"
   line="7"
   path="TestEffects/src/test/effects/Effects.java"
   uri="file:/C:/work/jsure-test-update-script-workspace/DifferentDrops/TestEffects/src/test/effects/Effects.java"
   file="file:/C:/work/jsure-test-update-script-workspace/DifferentDrops/TestEffects/src/test/effects/Effects.java"
   hash="101574"
   context="937021298"
   id="2177"
   message="InRegion(Foo) on foo"
   from-src="true"
   message-id="(107,Foo,foo)"
   checked-by-analysis="true"
   proved-consistent="true"
   full-type="edu.cmu.cs.fluid.sea.drops.promises.InRegionPromiseDrop"/>

  <promise-drop type="RegionModel"
   offset="93"
   length="27"
   line="7"
   path="TestEffects/src/test/effects/Effects.java"
   uri="file:/C:/work/jsure-test-update-script-workspace/DifferentDrops/TestEffects/src/test/effects/Effects.java"
   file="file:/C:/work/jsure-test-update-script-workspace/DifferentDrops/TestEffects/src/test/effects/Effects.java"
   hash="101574"
   context="937021298"
   id="2178"
   message="Region   test.effects.Effects.foo"
   category="Regions"
   from-src="true"
   message-id="(117, ,,test.effects.Effects.foo)"
   checked-by-analysis="true"
   proved-consistent="true"
   full-type="edu.cmu.cs.fluid.sea.drops.promises.RegionModel"/>

  <result-drop type="ResultDrop"
   offset="83"
   line="6"
   path="TestUniqueness/src/test/uniqueness/Uniqueness.java"
   uri="file:/C:/work/jsure-test-update-script-workspace/DifferentDrops/TestUniqueness/src/test/uniqueness/Uniqueness.java"
   file="file:/C:/work/jsure-test-update-script-workspace/DifferentDrops/TestUniqueness/src/test/uniqueness/Uniqueness.java"
   hash="109801339"
   context="-1019620411"
   id="2286"
   message="Unique return value of call super"
   result-type="UniquenessAssurance_uniqueReturnDrop"
   message-id="(301,super)"
   proved-consistent="true"
   consistent="true"
   full-type="edu.cmu.cs.fluid.sea.ResultDrop"/>

  <result-drop type="ResultDrop"
   offset="83"
   line="6"
   path="TestUniqueness/src/test/uniqueness/Uniqueness.java"
   uri="file:/C:/work/jsure-test-update-script-workspace/DifferentDrops/TestUniqueness/src/test/uniqueness/Uniqueness.java"
   file="file:/C:/work/jsure-test-update-script-workspace/DifferentDrops/TestUniqueness/src/test/uniqueness/Uniqueness.java"
   hash="1533438279"
   context="-1019620411"
   id="2630"
   message="Assurance conservatively depends on the unique fields accessed in method test.uniqueness.Uniqueness.Uniqueness()"
   result-type="UniquenessAssurance_aggregatedUniqueFields"
   message-id="(306,test.uniqueness.Uniqueness.Uniqueness())"
   proved-consistent="true"
   consistent="true"
   full-type="edu.cmu.cs.fluid.sea.ResultDrop"/>

  <result-drop type="ResultDrop"
   offset="83"
   line="6"
   path="TestUniqueness/src/test/uniqueness/Uniqueness.java"
   uri="file:/C:/work/jsure-test-update-script-workspace/DifferentDrops/TestUniqueness/src/test/uniqueness/Uniqueness.java"
   file="file:/C:/work/jsure-test-update-script-workspace/DifferentDrops/TestUniqueness/src/test/uniqueness/Uniqueness.java"
   hash="1533438279"
   context="-1019620411"
   id="2631"
   message="Control flow of constructor test.uniqueness.Uniqueness.Uniqueness()"
   result-type="UniquenessAssurance"
   message-id="(300,constructor,test.uniqueness.Uniqueness.Uniqueness())"
   proved-consistent="true"
   consistent="true"
   full-type="edu.cmu.cs.fluid.sea.ResultDrop"/>

  <promise-drop type="RegionModel"
   offset="60"
   line="5"
   path="TestEffects/src/test/effects/Effects.java"
   uri="file:/C:/work/jsure-test-update-script-workspace/DifferentDrops/TestEffects/src/test/effects/Effects.java"
   file="file:/C:/work/jsure-test-update-script-workspace/DifferentDrops/TestEffects/src/test/effects/Effects.java"
   hash="793003008"
   context="-2141964646"
   id="2755"
   message="Region   test.effects.Effects.Foo"
   category="Regions"
   from-src="true"
   message-id="(117, ,,test.effects.Effects.Foo)"
   checked-by-analysis="true"
   proved-consistent="true"
   full-type="edu.cmu.cs.fluid.sea.drops.promises.RegionModel"/>

  <result-drop type="ResultDrop"
   offset="83"
   line="6"
   path="TestUniqueness/src/test/uniqueness/Uniqueness.java"
   uri="file:/C:/work/jsure-test-update-script-workspace/DifferentDrops/TestUniqueness/src/test/uniqueness/Uniqueness.java"
   file="file:/C:/work/jsure-test-update-script-workspace/DifferentDrops/TestUniqueness/src/test/uniqueness/Uniqueness.java"
   hash="1533438279"
   context="-1019620411"
   id="3676"
   message="Assurance conservatively depends on the unique fields accessed in method test.uniqueness.Uniqueness.Uniqueness()"
   result-type="UniquenessAssurance_aggregatedUniqueFields"
   message-id="(306,test.uniqueness.Uniqueness.Uniqueness())"
   proved-consistent="true"
   consistent="true"
   full-type="edu.cmu.cs.fluid.sea.ResultDrop"/>

  <ir-drop type="ProposedPromiseDrop"
   offset="93"
   line="7"
   path="TestEffects/src/test/effects/Effects.java"
   uri="file:/C:/work/jsure-test-update-script-workspace/DifferentDrops/TestEffects/src/test/effects/Effects.java"
   file="file:/C:/work/jsure-test-update-script-workspace/DifferentDrops/TestEffects/src/test/effects/Effects.java"
   hash="-1734587601"
   context="-71895281"
   id="3893"
   message="ProposedPromiseDrop @RegionEffects(none)"
   target-project="TestEffects"
   java-annotation="@RegionEffects(&quot;none&quot;)"
   annotation-type="RegionEffects"
   contents="none"
   origin="CODE"
   from-project="TestEffects"
   full-type="edu.cmu.cs.fluid.sea.ProposedPromiseDrop"/>

  <result-drop type="ResultDrop"
   offset="83"
   line="6"
   path="TestUniqueness/src/test/uniqueness/Uniqueness.java"
   uri="file:/C:/work/jsure-test-update-script-workspace/DifferentDrops/TestUniqueness/src/test/uniqueness/Uniqueness.java"
   file="file:/C:/work/jsure-test-update-script-workspace/DifferentDrops/TestUniqueness/src/test/uniqueness/Uniqueness.java"
   hash="1533438279"
   context="-1019620411"
   id="4016"
   message="Control flow of constructor test.uniqueness.Uniqueness.Uniqueness()"
   result-type="UniquenessAssurance"
   message-id="(300,constructor,test.uniqueness.Uniqueness.Uniqueness())"
   proved-consistent="true"
   consistent="true"
   full-type="edu.cmu.cs.fluid.sea.ResultDrop"/>

</sea-summary>

