<?xml version='1.0' encoding='UTF-8' standalone='yes'?>
<sea-summary time="May 22, 2012 2:08:28 PM"
	 project="TestWarnings, TestUniqueness">

<count WarningDrop="1"/>
<count LockModel="1"/>
<count ProposedPromiseDrop="3"/>
<count UniquePromiseDrop="1"/>
<count ResultDrop="4"/>
<ir-drop type="ProposedPromiseDrop"
	 offset="83"
	 line="6"
	 path="TestUniqueness/src/test/uniqueness/Uniqueness.java"
	 uri="file:/C:/work/jsure-test-update-script-workspace/DifferentDrops/TestUniqueness/src/test/uniqueness/Uniqueness.java"
	 file="file:/C:/work/jsure-test-update-script-workspace/DifferentDrops/TestUniqueness/src/test/uniqueness/Uniqueness.java"
	 hash="1533438279"
	 context="-1019620411"
	 id="254"
	 message="ProposedPromiseDrop @RegionEffects(none)"
	 target-project="TestUniqueness"
	 java-annotation="@RegionEffects(&quot;none&quot;)"
	 annotation-type="RegionEffects"
	 contents="none"
	 origin="CODE"
	 from-project="TestUniqueness"
	 full-type="edu.cmu.cs.fluid.sea.ProposedPromiseDrop"/>

<promise-drop type="LockModel"
	 offset="2147483647"
	 line="0"
	 path="java.lang/Object.class"
	 file="java.lang/Object.class"
	 hash="1709211273"
	 context="1063877011"
	 id="276"
	 message="RegionLock java.lang.Object.MUTEX is this protects WaitQueue on Object"
	 category="Concurrency"
	 to-be-checked-by-analysis="true"
	 from-src="true"
	 message-id="(100,java.lang.Object.MUTEX,this,WaitQueue,Object)"
	 checked-by-analysis="true"
	 proved-consistent="true"
	 full-type="edu.cmu.cs.fluid.sea.drops.promises.LockModel"/>

<ir-drop type="ProposedPromiseDrop"
	 offset="50"
	 length="48"
	 line="4"
	 path="TestWarnings/src/test/warning/Warning.java"
	 uri="file:/C:/work/jsure-test-update-script-workspace/DifferentDrops/TestWarnings/src/test/warning/Warning.java"
	 file="file:/C:/work/jsure-test-update-script-workspace/DifferentDrops/TestWarnings/src/test/warning/Warning.java"
	 hash="870233406"
	 context="748832295"
	 id="1794"
	 message="ProposedPromiseDrop @RegionEffects(none)"
	 target-project="TestWarnings"
	 java-annotation="@RegionEffects(&quot;none&quot;)"
	 annotation-type="RegionEffects"
	 contents="none"
	 origin="CODE"
	 from-project="TestWarnings"
	 full-type="edu.cmu.cs.fluid.sea.ProposedPromiseDrop"/>

<ir-drop type="WarningDrop"
	 offset="50"
	 length="48"
	 line="4"
	 path="TestWarnings/src/test/warning/Warning.java"
	 uri="file:/C:/work/jsure-test-update-script-workspace/DifferentDrops/TestWarnings/src/test/warning/Warning.java"
	 file="file:/C:/work/jsure-test-update-script-workspace/DifferentDrops/TestWarnings/src/test/warning/Warning.java"
	 hash="870233406"
	 context="748832295"
	 id="1971"
	 message="Synchronized method test.warning.Warning.warn(): &quot;this&quot; is not identifiable as a programmer-declared lock"
	 category="unidentifiable lock(s); what is the name of the lock? what state is being protected?"
	 message-id="(216,test.warning.Warning.warn())"
	 result-type="LockAnalysis_ds_SynchronizedMethodWarningDetails"
	 full-type="edu.cmu.cs.fluid.sea.WarningDrop"/>

<result-drop type="ResultDrop"
	 offset="83"
	 line="6"
	 path="TestUniqueness/src/test/uniqueness/Uniqueness.java"
	 uri="file:/C:/work/jsure-test-update-script-workspace/DifferentDrops/TestUniqueness/src/test/uniqueness/Uniqueness.java"
	 file="file:/C:/work/jsure-test-update-script-workspace/DifferentDrops/TestUniqueness/src/test/uniqueness/Uniqueness.java"
	 hash="109801339"
	 context="-1019620411"
	 id="2514"
	 message="Effects of call super"
	 result-type="UniquenessAssurance_effectOfCallDrop"
	 message-id="(304,super)"
	 proved-consistent="true"
	 consistent="true"
	 full-type="edu.cmu.cs.fluid.sea.ResultDrop"/>

<promise-drop type="UniquePromiseDrop"
	 offset="83"
	 line="6"
	 path="TestUniqueness/src/test/uniqueness/Uniqueness.java"
	 uri="file:/C:/work/jsure-test-update-script-workspace/DifferentDrops/TestUniqueness/src/test/uniqueness/Uniqueness.java"
	 file="file:/C:/work/jsure-test-update-script-workspace/DifferentDrops/TestUniqueness/src/test/uniqueness/Uniqueness.java"
	 hash="97427706"
	 context="-1829911170"
	 id="2515"
	 message="Unique on field"
	 category="Uniqueness"
	 to-be-checked-by-analysis="true"
	 from-src="true"
	 message-id="(115,field)"
	 checked-by-analysis="true"
	 request-top-level="true"
	 proved-consistent="true"
	 full-type="edu.cmu.cs.fluid.sea.drops.promises.UniquePromiseDrop"/>

<result-drop type="ResultDrop"
	 offset="83"
	 line="6"
	 path="TestUniqueness/src/test/uniqueness/Uniqueness.java"
	 uri="file:/C:/work/jsure-test-update-script-workspace/DifferentDrops/TestUniqueness/src/test/uniqueness/Uniqueness.java"
	 file="file:/C:/work/jsure-test-update-script-workspace/DifferentDrops/TestUniqueness/src/test/uniqueness/Uniqueness.java"
	 hash="1533438279"
	 context="-1019620411"
	 id="3008"
	 message="Control flow of constructor test.uniqueness.Uniqueness.Uniqueness()"
	 result-type="UniquenessAssurance"
	 message-id="(300,constructor,test.uniqueness.Uniqueness.Uniqueness())"
	 proved-consistent="true"
	 consistent="true"
	 full-type="edu.cmu.cs.fluid.sea.ResultDrop"/>

<result-drop type="ResultDrop"
	 offset="83"
	 line="6"
	 path="TestUniqueness/src/test/uniqueness/Uniqueness.java"
	 uri="file:/C:/work/jsure-test-update-script-workspace/DifferentDrops/TestUniqueness/src/test/uniqueness/Uniqueness.java"
	 file="file:/C:/work/jsure-test-update-script-workspace/DifferentDrops/TestUniqueness/src/test/uniqueness/Uniqueness.java"
	 hash="1533438279"
	 context="-1019620411"
	 id="3018"
	 message="Assurance conservatively depends on the unique fields accessed in method test.uniqueness.Uniqueness.Uniqueness()"
	 result-type="UniquenessAssurance_aggregatedUniqueFields"
	 message-id="(306,test.uniqueness.Uniqueness.Uniqueness())"
	 proved-consistent="true"
	 consistent="true"
	 full-type="edu.cmu.cs.fluid.sea.ResultDrop"/>

<result-drop type="ResultDrop"
	 offset="83"
	 line="6"
	 path="TestUniqueness/src/test/uniqueness/Uniqueness.java"
	 uri="file:/C:/work/jsure-test-update-script-workspace/DifferentDrops/TestUniqueness/src/test/uniqueness/Uniqueness.java"
	 file="file:/C:/work/jsure-test-update-script-workspace/DifferentDrops/TestUniqueness/src/test/uniqueness/Uniqueness.java"
	 hash="109801339"
	 context="-1019620411"
	 id="3265"
	 message="Unique return value of call super"
	 result-type="UniquenessAssurance_uniqueReturnDrop"
	 message-id="(301,super)"
	 proved-consistent="true"
	 consistent="true"
	 full-type="edu.cmu.cs.fluid.sea.ResultDrop"/>

<ir-drop type="ProposedPromiseDrop"
	 offset="50"
	 line="4"
	 path="TestWarnings/src/test/warning/Warning.java"
	 uri="file:/C:/work/jsure-test-update-script-workspace/DifferentDrops/TestWarnings/src/test/warning/Warning.java"
	 file="file:/C:/work/jsure-test-update-script-workspace/DifferentDrops/TestWarnings/src/test/warning/Warning.java"
	 hash="-1885181239"
	 context="-1826049699"
	 id="3412"
	 message="ProposedPromiseDrop @RegionEffects(none)"
	 target-project="TestWarnings"
	 java-annotation="@RegionEffects(&quot;none&quot;)"
	 annotation-type="RegionEffects"
	 contents="none"
	 origin="CODE"
	 from-project="TestWarnings"
	 full-type="edu.cmu.cs.fluid.sea.ProposedPromiseDrop"/>

</sea-summary>

