<?xml version='1.0' encoding='UTF-8' standalone='yes'?>
<sea-summary time="May 22, 2012 2:08:13 PM"
	 project="TestUniqueness">

<count LockModel="1"/>
<count ProposedPromiseDrop="1"/>
<count UniquePromiseDrop="1"/>
<count ResultDrop="4"/>
<result-drop type="ResultDrop"
	 offset="83"
	 line="6"
	 path="TestUniqueness/src/test/uniqueness/Uniqueness.java"
	 uri="file:/C:/work/jsure-test-update-script-workspace/DifferentDrops/TestUniqueness/src/test/uniqueness/Uniqueness.java"
	 file="file:/C:/work/jsure-test-update-script-workspace/DifferentDrops/TestUniqueness/src/test/uniqueness/Uniqueness.java"
	 hash="109801339"
	 context="-1019620411"
	 id="315"
	 message="Effects of call super"
	 result-type="UniquenessAssurance_effectOfCallDrop"
	 message-id="(304,super)"
	 proved-consistent="true"
	 consistent="true"
	 full-type="edu.cmu.cs.fluid.sea.ResultDrop"/>

<promise-drop type="UniquePromiseDrop"
	 offset="83"
	 line="6"
	 path="TestUniqueness/src/test/uniqueness/Uniqueness.java"
	 uri="file:/C:/work/jsure-test-update-script-workspace/DifferentDrops/TestUniqueness/src/test/uniqueness/Uniqueness.java"
	 file="file:/C:/work/jsure-test-update-script-workspace/DifferentDrops/TestUniqueness/src/test/uniqueness/Uniqueness.java"
	 hash="97427706"
	 context="-1829911170"
	 id="316"
	 message="Unique on field"
	 category="Uniqueness"
	 to-be-checked-by-analysis="true"
	 from-src="true"
	 message-id="(115,field)"
	 checked-by-analysis="true"
	 request-top-level="true"
	 proved-consistent="true"
	 full-type="edu.cmu.cs.fluid.sea.drops.promises.UniquePromiseDrop"/>

<promise-drop type="LockModel"
	 offset="2147483647"
	 line="0"
	 path="java.lang/Object.class"
	 file="java.lang/Object.class"
	 hash="1709211273"
	 context="1063877011"
	 id="528"
	 message="RegionLock java.lang.Object.MUTEX is this protects WaitQueue on Object"
	 category="Concurrency"
	 to-be-checked-by-analysis="true"
	 from-src="true"
	 message-id="(100,java.lang.Object.MUTEX,this,WaitQueue,Object)"
	 checked-by-analysis="true"
	 proved-consistent="true"
	 full-type="edu.cmu.cs.fluid.sea.drops.promises.LockModel"/>

<result-drop type="ResultDrop"
	 offset="83"
	 line="6"
	 path="TestUniqueness/src/test/uniqueness/Uniqueness.java"
	 uri="file:/C:/work/jsure-test-update-script-workspace/DifferentDrops/TestUniqueness/src/test/uniqueness/Uniqueness.java"
	 file="file:/C:/work/jsure-test-update-script-workspace/DifferentDrops/TestUniqueness/src/test/uniqueness/Uniqueness.java"
	 hash="1533438279"
	 context="-1019620411"
	 id="1260"
	 message="Assurance conservatively depends on the unique fields accessed in method test.uniqueness.Uniqueness.Uniqueness()"
	 result-type="UniquenessAssurance_aggregatedUniqueFields"
	 message-id="(306,test.uniqueness.Uniqueness.Uniqueness())"
	 proved-consistent="true"
	 consistent="true"
	 full-type="edu.cmu.cs.fluid.sea.ResultDrop"/>

<result-drop type="ResultDrop"
	 offset="83"
	 line="6"
	 path="TestUniqueness/src/test/uniqueness/Uniqueness.java"
	 uri="file:/C:/work/jsure-test-update-script-workspace/DifferentDrops/TestUniqueness/src/test/uniqueness/Uniqueness.java"
	 file="file:/C:/work/jsure-test-update-script-workspace/DifferentDrops/TestUniqueness/src/test/uniqueness/Uniqueness.java"
	 hash="109801339"
	 context="-1019620411"
	 id="1261"
	 message="Unique return value of call super"
	 result-type="UniquenessAssurance_uniqueReturnDrop"
	 message-id="(301,super)"
	 proved-consistent="true"
	 consistent="true"
	 full-type="edu.cmu.cs.fluid.sea.ResultDrop"/>

<result-drop type="ResultDrop"
	 offset="83"
	 line="6"
	 path="TestUniqueness/src/test/uniqueness/Uniqueness.java"
	 uri="file:/C:/work/jsure-test-update-script-workspace/DifferentDrops/TestUniqueness/src/test/uniqueness/Uniqueness.java"
	 file="file:/C:/work/jsure-test-update-script-workspace/DifferentDrops/TestUniqueness/src/test/uniqueness/Uniqueness.java"
	 hash="1533438279"
	 context="-1019620411"
	 id="1262"
	 message="Control flow of constructor test.uniqueness.Uniqueness.Uniqueness()"
	 result-type="UniquenessAssurance"
	 message-id="(300,constructor,test.uniqueness.Uniqueness.Uniqueness())"
	 proved-consistent="true"
	 consistent="true"
	 full-type="edu.cmu.cs.fluid.sea.ResultDrop"/>

<ir-drop type="ProposedPromiseDrop"
	 offset="83"
	 line="6"
	 path="TestUniqueness/src/test/uniqueness/Uniqueness.java"
	 uri="file:/C:/work/jsure-test-update-script-workspace/DifferentDrops/TestUniqueness/src/test/uniqueness/Uniqueness.java"
	 file="file:/C:/work/jsure-test-update-script-workspace/DifferentDrops/TestUniqueness/src/test/uniqueness/Uniqueness.java"
	 hash="1533438279"
	 context="-1019620411"
	 id="2142"
	 message="ProposedPromiseDrop @RegionEffects(none)"
	 target-project="TestUniqueness"
	 java-annotation="@RegionEffects(&quot;none&quot;)"
	 annotation-type="RegionEffects"
	 contents="none"
	 origin="CODE"
	 from-project="TestUniqueness"
	 full-type="edu.cmu.cs.fluid.sea.ProposedPromiseDrop"/>

</sea-summary>

