<?xml version='1.0' encoding='UTF-8' standalone='yes'?>
<sea-summary time="Aug 15, 2012 9:56:50 AM"
 project="TestEffects">

  <count RegionEffectsPromiseDrop="1"/>

  <count LockModel="1"/>

  <count InRegionPromiseDrop="1"/>

  <count ProposedPromiseDrop="1"/>

  <count ResultDrop="1"/>

  <count RegionModel="2"/>

  <promise-drop type="LockModel"
   offset="2147483647"
   line="0"
   path="java.lang/Object.class"
   file="java.lang/Object.class"
   hash="1709211273"
   context="1063877011"
   id="606"
   message="RegionLock java.lang.Object.MUTEX is this protects WaitQueue on Object"
   category="Concurrency"
   to-be-checked-by-analysis="true"
   from-src="true"
   message-id="(100,java.lang.Object.MUTEX,this,WaitQueue,Object)"
   checked-by-analysis="true"
   proved-consistent="true"
   full-type="edu.cmu.cs.fluid.sea.drops.promises.LockModel"/>

  <promise-drop type="RegionModel"
   offset="60"
   line="5"
   path="TestEffects/src/test/effects/Effects.java"
   uri="file:/C:/work/jsure-test-update-script-workspace/DifferentDrops/TestEffects/src/test/effects/Effects.java"
   file="file:/C:/work/jsure-test-update-script-workspace/DifferentDrops/TestEffects/src/test/effects/Effects.java"
   hash="793003008"
   context="-2141964646"
   id="1267"
   message="Region   test.effects.Effects.Foo"
   category="Regions"
   from-src="true"
   message-id="(117, ,,test.effects.Effects.Foo)"
   checked-by-analysis="true"
   proved-consistent="true"
   full-type="edu.cmu.cs.fluid.sea.drops.promises.RegionModel"/>

  <result-drop type="ResultDrop"
   offset="178"
   length="3"
   line="12"
   path="TestEffects/src/test/effects/Effects.java"
   uri="file:/C:/work/jsure-test-update-script-workspace/DifferentDrops/TestEffects/src/test/effects/Effects.java"
   file="file:/C:/work/jsure-test-update-script-workspace/DifferentDrops/TestEffects/src/test/effects/Effects.java"
   hash="1227375990"
   context="-1074437075"
   id="1503"
   message="&quot;reads this:foo&quot; checked by &quot;reads this:Foo&quot;"
   result-type="EffectAssurance_msgCheckedBy"
   message-id="(151,reads this:foo,reads this:Foo)"
   proved-consistent="true"
   consistent="true"
   full-type="edu.cmu.cs.fluid.sea.ResultDrop"/>

  <promise-drop type="RegionEffectsPromiseDrop"
   offset="141"
   line="10"
   path="TestEffects/src/test/effects/Effects.java"
   uri="file:/C:/work/jsure-test-update-script-workspace/DifferentDrops/TestEffects/src/test/effects/Effects.java"
   file="file:/C:/work/jsure-test-update-script-workspace/DifferentDrops/TestEffects/src/test/effects/Effects.java"
   hash="-1531990530"
   context="-1465663501"
   id="1505"
   message="Reads this:Foo on test.effects.Effects.foo()"
   category="Effects"
   to-be-checked-by-analysis="true"
   from-src="true"
   checked-by-analysis="true"
   proved-consistent="true"
   full-type="edu.cmu.cs.fluid.sea.drops.effects.RegionEffectsPromiseDrop"/>

  <promise-drop type="RegionModel"
   offset="93"
   length="27"
   line="7"
   path="TestEffects/src/test/effects/Effects.java"
   uri="file:/C:/work/jsure-test-update-script-workspace/DifferentDrops/TestEffects/src/test/effects/Effects.java"
   file="file:/C:/work/jsure-test-update-script-workspace/DifferentDrops/TestEffects/src/test/effects/Effects.java"
   hash="101574"
   context="937021298"
   id="2097"
   message="Region   test.effects.Effects.foo"
   category="Regions"
   from-src="true"
   message-id="(117, ,,test.effects.Effects.foo)"
   checked-by-analysis="true"
   proved-consistent="true"
   full-type="edu.cmu.cs.fluid.sea.drops.promises.RegionModel"/>

  <promise-drop type="InRegionPromiseDrop"
   offset="103"
   line="7"
   path="TestEffects/src/test/effects/Effects.java"
   uri="file:/C:/work/jsure-test-update-script-workspace/DifferentDrops/TestEffects/src/test/effects/Effects.java"
   file="file:/C:/work/jsure-test-update-script-workspace/DifferentDrops/TestEffects/src/test/effects/Effects.java"
   hash="101574"
   context="937021298"
   id="2137"
   message="InRegion(Foo) on foo"
   from-src="true"
   message-id="(107,Foo,foo)"
   checked-by-analysis="true"
   proved-consistent="true"
   full-type="edu.cmu.cs.fluid.sea.drops.promises.InRegionPromiseDrop"/>

  <ir-drop type="ProposedPromiseDrop"
   offset="93"
   line="7"
   path="TestEffects/src/test/effects/Effects.java"
   uri="file:/C:/work/jsure-test-update-script-workspace/DifferentDrops/TestEffects/src/test/effects/Effects.java"
   file="file:/C:/work/jsure-test-update-script-workspace/DifferentDrops/TestEffects/src/test/effects/Effects.java"
   hash="-1734587601"
   context="-71895281"
   id="4136"
   message="ProposedPromiseDrop @RegionEffects(none)"
   target-project="TestEffects"
   java-annotation="@RegionEffects(&quot;none&quot;)"
   annotation-type="RegionEffects"
   contents="none"
   origin="CODE"
   from-project="TestEffects"
   full-type="edu.cmu.cs.fluid.sea.ProposedPromiseDrop"/>

</sea-summary>

