<sourceFiles>
	<package name="test.returnsLock">
		<class name="Test.java" source="/TestFieldRefLock/src/test/returnsLock/Test.java"/>
	</package>
	<package name="test.returnsLock2">
		<class name="TestUseOfReturnedLock.java" source="/TestFieldRefLock/src/test/returnsLock2/TestUseOfReturnedLock.java"/>
	</package>
	<package name="test.sanity">
		<class name="TestSanityChecking.java" source="/TestFieldRefLock/src/test/sanity/TestSanityChecking.java"/>
	</package>
	<package name="test.usecase">
		<class name="Outer.java" source="/TestFieldRefLock/src/test/usecase/Outer.java"/>
	</package>
</sourceFiles>
