<sourceFiles>
	<package name="test.fields">
		<class name="Class.java" source="/TestFinalAndEffectivelyFinal/src/test/fields/Class.java"/>
		<class name="Interface.java" source="/TestFinalAndEffectivelyFinal/src/test/fields/Interface.java"/>
	</package>
	<package name="test.locals">
		<class name="Locals.java" source="/TestFinalAndEffectivelyFinal/src/test/locals/Locals.java"/>
	</package>
	<package name="test.params">
		<class name="Params.java" source="/TestFinalAndEffectivelyFinal/src/test/params/Params.java"/>
	</package>
</sourceFiles>
