<sourceFiles>
	<package name="test">
		<class name="Test.java" source="/TestUniqueInRegion/src/test/Test.java"/>
	</package>
	<package name="test.fancy">
		<class name="C.java" source="/TestUniqueInRegion/src/test/fancy/C.java"/>
		<class name="TestFancy.java" source="/TestUniqueInRegion/src/test/fancy/TestFancy.java"/>
	</package>
	<package name="test.fancy.accessibility.differentPackages.p1">
		<class name="DefaultDelegate.java" source="/TestUniqueInRegion/src/test/fancy/accessibility/differentPackages/p1/DefaultDelegate.java"/>
		<class name="PrivateDelegate.java" source="/TestUniqueInRegion/src/test/fancy/accessibility/differentPackages/p1/PrivateDelegate.java"/>
		<class name="ProtectedDelegate.java" source="/TestUniqueInRegion/src/test/fancy/accessibility/differentPackages/p1/ProtectedDelegate.java"/>
		<class name="PublicDelegate.java" source="/TestUniqueInRegion/src/test/fancy/accessibility/differentPackages/p1/PublicDelegate.java"/>
		<class name="Super.java" source="/TestUniqueInRegion/src/test/fancy/accessibility/differentPackages/p1/Super.java"/>
	</package>
	<package name="test.fancy.accessibility.differentPackages.p2">
		<class name="ParentIsSuper.java" source="/TestUniqueInRegion/src/test/fancy/accessibility/differentPackages/p2/ParentIsSuper.java"/>
	</package>
	<package name="test.fancy.accessibility.samePackage">
		<class name="DefaultDelegate.java" source="/TestUniqueInRegion/src/test/fancy/accessibility/samePackage/DefaultDelegate.java"/>
		<class name="ParentIsSuper.java" source="/TestUniqueInRegion/src/test/fancy/accessibility/samePackage/ParentIsSuper.java"/>
		<class name="PrivateDelegate.java" source="/TestUniqueInRegion/src/test/fancy/accessibility/samePackage/PrivateDelegate.java"/>
		<class name="ProtectedDelegate.java" source="/TestUniqueInRegion/src/test/fancy/accessibility/samePackage/ProtectedDelegate.java"/>
		<class name="PublicDelegate.java" source="/TestUniqueInRegion/src/test/fancy/accessibility/samePackage/PublicDelegate.java"/>
		<class name="Super.java" source="/TestUniqueInRegion/src/test/fancy/accessibility/samePackage/Super.java"/>
	</package>
	<package name="test.fancy.respectsHierarchy">
		<class name="C.java" source="/TestUniqueInRegion/src/test/fancy/respectsHierarchy/C.java"/>
		<class name="Test.java" source="/TestUniqueInRegion/src/test/fancy/respectsHierarchy/Test.java"/>
	</package>
	<package name="test.norepeats">
		<class name="C.java" source="/TestUniqueInRegion/src/test/norepeats/C.java"/>
	</package>
	<package name="test.simple">
		<class name="TestSimple.java" source="/TestUniqueInRegion/src/test/simple/TestSimple.java"/>
	</package>
	<package name="test.simple.accessibility.differentPackages.p1">
		<class name="Super.java" source="/TestUniqueInRegion/src/test/simple/accessibility/differentPackages/p1/Super.java"/>
	</package>
	<package name="test.simple.accessibility.differentPackages.p2">
		<class name="ParentIsSuper.java" source="/TestUniqueInRegion/src/test/simple/accessibility/differentPackages/p2/ParentIsSuper.java"/>
	</package>
	<package name="test.simple.accessibility.samePackage">
		<class name="ParentIsSuper.java" source="/TestUniqueInRegion/src/test/simple/accessibility/samePackage/ParentIsSuper.java"/>
		<class name="Super.java" source="/TestUniqueInRegion/src/test/simple/accessibility/samePackage/Super.java"/>
	</package>
	<package name="test.simple.nonFinal">
		<class name="Test.java" source="/TestUniqueInRegion/src/test/simple/nonFinal/Test.java"/>
	</package>
</sourceFiles>
