<sourceFiles>
	<package name="test.simple">
		<class name="Unrelated.java" source="/UniquenessAndTypeBasedAliasAnalysis/src/test/simple/Unrelated.java"/>
		<class name="Useless.java" source="/UniquenessAndTypeBasedAliasAnalysis/src/test/simple/Useless.java"/>
		<class name="WithUnique.java" source="/UniquenessAndTypeBasedAliasAnalysis/src/test/simple/WithUnique.java"/>
	</package>
	<package name="test.typevars">
		<class name="Other.java" source="/UniquenessAndTypeBasedAliasAnalysis/src/test/typevars/Other.java"/>
		<class name="Parent.java" source="/UniquenessAndTypeBasedAliasAnalysis/src/test/typevars/Parent.java"/>
		<class name="Unrelated.java" source="/UniquenessAndTypeBasedAliasAnalysis/src/test/typevars/Unrelated.java"/>
		<class name="Useless.java" source="/UniquenessAndTypeBasedAliasAnalysis/src/test/typevars/Useless.java"/>
		<class name="WithUnique.java" source="/UniquenessAndTypeBasedAliasAnalysis/src/test/typevars/WithUnique.java"/>
	</package>
</sourceFiles>
