<sourceFiles>
	<package name="test">
		<class name="TestBorrowed.java" source="/MoreUniquenessSanityChecks/src/test/TestBorrowed.java"/>
		<class name="TestExplicitBorrowedInRegion.java" source="/MoreUniquenessSanityChecks/src/test/TestExplicitBorrowedInRegion.java"/>
		<class name="TestExplicitUniqueInRegion.java" source="/MoreUniquenessSanityChecks/src/test/TestExplicitUniqueInRegion.java"/>
		<class name="TestImmutable.java" source="/MoreUniquenessSanityChecks/src/test/TestImmutable.java"/>
		<class name="TestReadOnly.java" source="/MoreUniquenessSanityChecks/src/test/TestReadOnly.java"/>
		<class name="TestSimpleBorrowedInRegion.java" source="/MoreUniquenessSanityChecks/src/test/TestSimpleBorrowedInRegion.java"/>
		<class name="TestSimpleUniqueInRegion.java" source="/MoreUniquenessSanityChecks/src/test/TestSimpleUniqueInRegion.java"/>
		<class name="TestUniqueReturn.java" source="/MoreUniquenessSanityChecks/src/test/TestUniqueReturn.java"/>
	</package>
</sourceFiles>
