<sourceFiles>
	<package name="test.clazz.publicField">
		<class name="Bad.java" source="/TestSingletonClassPublicField/src/test/clazz/publicField/Bad.java"/>
		<class name="BadConstructorDefault.java" source="/TestSingletonClassPublicField/src/test/clazz/publicField/BadConstructorDefault.java"/>
		<class name="BadConstructorProtected.java" source="/TestSingletonClassPublicField/src/test/clazz/publicField/BadConstructorProtected.java"/>
		<class name="BadConstructorPublic.java" source="/TestSingletonClassPublicField/src/test/clazz/publicField/BadConstructorPublic.java"/>
		<class name="BadFieldNotFinal.java" source="/TestSingletonClassPublicField/src/test/clazz/publicField/BadFieldNotFinal.java"/>
		<class name="BadFieldNotStatic.java" source="/TestSingletonClassPublicField/src/test/clazz/publicField/BadFieldNotStatic.java"/>
		<class name="BadMakesExtraInstances.java" source="/TestSingletonClassPublicField/src/test/clazz/publicField/BadMakesExtraInstances.java"/>
		<class name="BadManyConstructors.java" source="/TestSingletonClassPublicField/src/test/clazz/publicField/BadManyConstructors.java"/>
		<class name="BadNotFinal.java" source="/TestSingletonClassPublicField/src/test/clazz/publicField/BadNotFinal.java"/>
		<class name="BadSerializableFieldNotTransient.java" source="/TestSingletonClassPublicField/src/test/clazz/publicField/BadSerializableFieldNotTransient.java"/>
		<class name="BadSerializableNoReadResolve.java" source="/TestSingletonClassPublicField/src/test/clazz/publicField/BadSerializableNoReadResolve.java"/>
		<class name="BadSerializableNoReturn.java" source="/TestSingletonClassPublicField/src/test/clazz/publicField/BadSerializableNoReturn.java"/>
		<class name="BadSerializableReturnsNull.java" source="/TestSingletonClassPublicField/src/test/clazz/publicField/BadSerializableReturnsNull.java"/>
		<class name="BadSerializableReturnsWrongField.java" source="/TestSingletonClassPublicField/src/test/clazz/publicField/BadSerializableReturnsWrongField.java"/>
		<class name="BadSerializableTooManyStatements.java" source="/TestSingletonClassPublicField/src/test/clazz/publicField/BadSerializableTooManyStatements.java"/>
		<class name="BadTooManyFields.java" source="/TestSingletonClassPublicField/src/test/clazz/publicField/BadTooManyFields.java"/>
		<class name="BadTooManyFields2.java" source="/TestSingletonClassPublicField/src/test/clazz/publicField/BadTooManyFields2.java"/>
		<class name="GoodManyConstructors.java" source="/TestSingletonClassPublicField/src/test/clazz/publicField/GoodManyConstructors.java"/>
		<class name="GoodSerializable.java" source="/TestSingletonClassPublicField/src/test/clazz/publicField/GoodSerializable.java"/>
		<class name="GoodSimple.java" source="/TestSingletonClassPublicField/src/test/clazz/publicField/GoodSimple.java"/>
		<class name="GoodWIthGetter.java" source="/TestSingletonClassPublicField/src/test/clazz/publicField/GoodWIthGetter.java"/>
	</package>
</sourceFiles>
