<sourceFiles>
	<package name="containable.helpers">
		<class name="Bad.java" source="/TestTypeAnnotationsInterfacesAndAnnoDecls/src/containable/helpers/Bad.java"/>
		<class name="Other.java" source="/TestTypeAnnotationsInterfacesAndAnnoDecls/src/containable/helpers/Other.java"/>
	</package>
	<package name="containable.testAnnotationDecls">
		<class name="Empty.java" source="/TestTypeAnnotationsInterfacesAndAnnoDecls/src/containable/testAnnotationDecls/Empty.java"/>
		<class name="MethodsOnly.java" source="/TestTypeAnnotationsInterfacesAndAnnoDecls/src/containable/testAnnotationDecls/MethodsOnly.java"/>
		<class name="StaticFieldsAndMethods.java" source="/TestTypeAnnotationsInterfacesAndAnnoDecls/src/containable/testAnnotationDecls/StaticFieldsAndMethods.java"/>
		<class name="StaticFieldsOnly.java" source="/TestTypeAnnotationsInterfacesAndAnnoDecls/src/containable/testAnnotationDecls/StaticFieldsOnly.java"/>
	</package>
	<package name="containable.testInterfaces">
		<class name="Empty.java" source="/TestTypeAnnotationsInterfacesAndAnnoDecls/src/containable/testInterfaces/Empty.java"/>
		<class name="MethodsOnly.java" source="/TestTypeAnnotationsInterfacesAndAnnoDecls/src/containable/testInterfaces/MethodsOnly.java"/>
		<class name="StaticFieldsAndMethods.java" source="/TestTypeAnnotationsInterfacesAndAnnoDecls/src/containable/testInterfaces/StaticFieldsAndMethods.java"/>
		<class name="StaticFieldsOnly.java" source="/TestTypeAnnotationsInterfacesAndAnnoDecls/src/containable/testInterfaces/StaticFieldsOnly.java"/>
	</package>
	<package name="containable.testStaticFieldsAndClasses">
		<class name="Empty.java" source="/TestTypeAnnotationsInterfacesAndAnnoDecls/src/containable/testStaticFieldsAndClasses/Empty.java"/>
		<class name="StaticFieldsOnly.java" source="/TestTypeAnnotationsInterfacesAndAnnoDecls/src/containable/testStaticFieldsAndClasses/StaticFieldsOnly.java"/>
		<class name="Test.java" source="/TestTypeAnnotationsInterfacesAndAnnoDecls/src/containable/testStaticFieldsAndClasses/Test.java"/>
	</package>
	<package name="immutable.helpers">
		<class name="C.java" source="/TestTypeAnnotationsInterfacesAndAnnoDecls/src/immutable/helpers/C.java"/>
		<class name="I.java" source="/TestTypeAnnotationsInterfacesAndAnnoDecls/src/immutable/helpers/I.java"/>
		<class name="Other.java" source="/TestTypeAnnotationsInterfacesAndAnnoDecls/src/immutable/helpers/Other.java"/>
		<class name="TS.java" source="/TestTypeAnnotationsInterfacesAndAnnoDecls/src/immutable/helpers/TS.java"/>
	</package>
	<package name="immutable.testAnnotationDecls">
		<class name="Empty.java" source="/TestTypeAnnotationsInterfacesAndAnnoDecls/src/immutable/testAnnotationDecls/Empty.java"/>
		<class name="StaticPartImmutable.java" source="/TestTypeAnnotationsInterfacesAndAnnoDecls/src/immutable/testAnnotationDecls/StaticPartImmutable.java"/>
		<class name="StaticPartNotThreadSafe.java" source="/TestTypeAnnotationsInterfacesAndAnnoDecls/src/immutable/testAnnotationDecls/StaticPartNotThreadSafe.java"/>
		<class name="StaticPartThreadSafe.java" source="/TestTypeAnnotationsInterfacesAndAnnoDecls/src/immutable/testAnnotationDecls/StaticPartThreadSafe.java"/>
	</package>
	<package name="immutable.testClasses">
		<class name="Empty.java" source="/TestTypeAnnotationsInterfacesAndAnnoDecls/src/immutable/testClasses/Empty.java"/>
		<class name="StaticPartImmutable.java" source="/TestTypeAnnotationsInterfacesAndAnnoDecls/src/immutable/testClasses/StaticPartImmutable.java"/>
		<class name="StaticPartNotThreadSafe.java" source="/TestTypeAnnotationsInterfacesAndAnnoDecls/src/immutable/testClasses/StaticPartNotThreadSafe.java"/>
		<class name="StaticPartThreadSafe.java" source="/TestTypeAnnotationsInterfacesAndAnnoDecls/src/immutable/testClasses/StaticPartThreadSafe.java"/>
	</package>
	<package name="immutable.testInterfaces">
		<class name="Empty.java" source="/TestTypeAnnotationsInterfacesAndAnnoDecls/src/immutable/testInterfaces/Empty.java"/>
		<class name="StaticPartImmutable.java" source="/TestTypeAnnotationsInterfacesAndAnnoDecls/src/immutable/testInterfaces/StaticPartImmutable.java"/>
		<class name="StaticPartNotThreadSafe.java" source="/TestTypeAnnotationsInterfacesAndAnnoDecls/src/immutable/testInterfaces/StaticPartNotThreadSafe.java"/>
		<class name="StaticPartThreadSafe.java" source="/TestTypeAnnotationsInterfacesAndAnnoDecls/src/immutable/testInterfaces/StaticPartThreadSafe.java"/>
	</package>
	<package name="refObject.testAnnotationDecls">
		<class name="Empty.java" source="/TestTypeAnnotationsInterfacesAndAnnoDecls/src/refObject/testAnnotationDecls/Empty.java"/>
	</package>
	<package name="refObject.testInterfaces">
		<class name="Empty.java" source="/TestTypeAnnotationsInterfacesAndAnnoDecls/src/refObject/testInterfaces/Empty.java"/>
		<class name="T.java" source="/TestTypeAnnotationsInterfacesAndAnnoDecls/src/refObject/testInterfaces/T.java"/>
	</package>
	<package name="threadSafe.testAnnotationDecls">
		<class name="Empty.java" source="/TestTypeAnnotationsInterfacesAndAnnoDecls/src/threadSafe/testAnnotationDecls/Empty.java"/>
		<class name="StaticPartImmutable.java" source="/TestTypeAnnotationsInterfacesAndAnnoDecls/src/threadSafe/testAnnotationDecls/StaticPartImmutable.java"/>
		<class name="StaticPartNotThreadSafe.java" source="/TestTypeAnnotationsInterfacesAndAnnoDecls/src/threadSafe/testAnnotationDecls/StaticPartNotThreadSafe.java"/>
		<class name="StaticPartThreadSafe.java" source="/TestTypeAnnotationsInterfacesAndAnnoDecls/src/threadSafe/testAnnotationDecls/StaticPartThreadSafe.java"/>
	</package>
	<package name="threadSafe.testClasses">
		<class name="Empty.java" source="/TestTypeAnnotationsInterfacesAndAnnoDecls/src/threadSafe/testClasses/Empty.java"/>
		<class name="StaticPartImmutable.java" source="/TestTypeAnnotationsInterfacesAndAnnoDecls/src/threadSafe/testClasses/StaticPartImmutable.java"/>
		<class name="StaticPartNotThreadSafe.java" source="/TestTypeAnnotationsInterfacesAndAnnoDecls/src/threadSafe/testClasses/StaticPartNotThreadSafe.java"/>
		<class name="StaticPartThreadSafe.java" source="/TestTypeAnnotationsInterfacesAndAnnoDecls/src/threadSafe/testClasses/StaticPartThreadSafe.java"/>
	</package>
	<package name="threadSafe.testInterfaces">
		<class name="Empty.java" source="/TestTypeAnnotationsInterfacesAndAnnoDecls/src/threadSafe/testInterfaces/Empty.java"/>
		<class name="StaticPartImmutable.java" source="/TestTypeAnnotationsInterfacesAndAnnoDecls/src/threadSafe/testInterfaces/StaticPartImmutable.java"/>
		<class name="StaticPartNotThreadSafe.java" source="/TestTypeAnnotationsInterfacesAndAnnoDecls/src/threadSafe/testInterfaces/StaticPartNotThreadSafe.java"/>
		<class name="StaticPartThreadSafe.java" source="/TestTypeAnnotationsInterfacesAndAnnoDecls/src/threadSafe/testInterfaces/StaticPartThreadSafe.java"/>
	</package>
	<package name="valObject.testAnnotationDecls">
		<class name="Empty.java" source="/TestTypeAnnotationsInterfacesAndAnnoDecls/src/valObject/testAnnotationDecls/Empty.java"/>
	</package>
	<package name="valObject.testInterfaces">
		<class name="Empty.java" source="/TestTypeAnnotationsInterfacesAndAnnoDecls/src/valObject/testInterfaces/Empty.java"/>
		<class name="T.java" source="/TestTypeAnnotationsInterfacesAndAnnoDecls/src/valObject/testInterfaces/T.java"/>
	</package>
</sourceFiles>
