<?xml version='1.0' encoding='UTF-8' standalone='yes'?>
<sea-summary time='Apr 14, 2010 12:25:37 PM'
	 project='SmallWorld-layers-3'>

<result-drop type='ResultDrop'
	 line='162'
	 file='/SmallWorld-layers-3/src/edu/afit/csce593/smallworld/textui/parser/UserCommandParser.java'
	 offset='6278'
	 hash='-346676934'
	 context='297682936'
	 message='Prohibited reference to edu.afit.csce593.smallworld.textui.TextUtilities.LINESEP2'
	 category='Static structure'
	 result-type='Layers'/>

<result-drop type='ResultDrop'
	 line='202'
	 file='/SmallWorld-layers-3/src/edu/afit/csce593/smallworld/controller/WorldController.java'
	 offset='5392'
	 hash='-619097084'
	 context='-678574790'
	 message='Prohibited reference to java.util.Iterator'
	 category='Static structure'
	 result-type='Layers'/>

<promise-drop type='LockModel'
	 line='0'
	 file='java.lang.Object'
	 offset='2147483647'
	 hash='1709211273'
	 context='1063877011'
	 message='RegionLock java.lang.Object.MUTEX is this protects WaitQueue  on  Object'
	 category='Concurrency'
	 proved-consistent='true'
	 checked-by-analysis='true'
	 from-src='true'/>

<promise-drop type='InLayerPromiseDrop'
	 line='11'
	 file='/SmallWorld-layers-3/src/edu/afit/csce593/smallworld/textui/WordWrappedMessage.java'
	 offset='325'
	 hash='-1147968112'
	 context='1411738381'
	 message='InLayer CONSOLE_UI, SWING_UI'
	 category='Static structure'
	 proved-consistent='true'
	 checked-by-analysis='true'
	 from-src='true'
	 virtual='true'/>

<result-drop type='ResultDrop'
	 line='166'
	 file='/SmallWorld-layers-3/src/edu/afit/csce593/smallworld/textui/parser/UserCommandParser.java'
	 offset='6466'
	 hash='-346676934'
	 context='297682936'
	 message='Prohibited reference to edu.afit.csce593.smallworld.textui.TextUtilities.LINESEP2'
	 category='Static structure'
	 result-type='Layers'/>

<result-drop type='ResultDrop'
	 line='178'
	 file='/SmallWorld-layers-3/src/edu/afit/csce593/smallworld/textui/parser/UserCommandParser.java'
	 offset='7230'
	 hash='-346676934'
	 context='297682936'
	 message='Prohibited reference to edu.afit.csce593.smallworld.textui.TextUtilities.LINESEP2'
	 category='Static structure'
	 result-type='Layers'/>

<promise-drop type='InLayerPromiseDrop'
	 line='3'
	 file='/SmallWorld-layers-3/src/edu/afit/csce593/smallworld/model/Item.java'
	 offset='46'
	 hash='-267711296'
	 context='1492794980'
	 message='InLayer edu.afit.csce593.smallworld.MODEL'
	 category='Static structure'
	 proved-consistent='true'
	 checked-by-analysis='true'
	 from-src='true'
	 virtual='true'/>

<result-drop type='ResultDrop'
	 line='16'
	 file='/SmallWorld-layers-3/src/edu/afit/csce593/smallworld/textui/ParserWorldObserver.java'
	 offset='617'
	 hash='-1992146685'
	 context='-1581341400'
	 message='All types referenced by ParserWorldObserver are permitted'
	 category='Static structure'
	 proved-consistent='true'
	 consistent='true'
	 result-type='Layers -- no errors'/>

<result-drop type='ResultDrop'
	 line='9'
	 file='/SmallWorld-layers-3/src/edu/afit/csce593/smallworld/model/IWorldObserver.java'
	 offset='198'
	 hash='-161456226'
	 context='-1207724880'
	 message='All types referenced by IWorldObserver are permitted'
	 category='Static structure'
	 proved-consistent='true'
	 consistent='true'
	 result-type='Layers -- no errors'/>

<result-drop type='ResultDrop'
	 line='172'
	 file='/SmallWorld-layers-3/src/edu/afit/csce593/smallworld/textui/parser/UserCommandParser.java'
	 offset='6863'
	 hash='-346676934'
	 context='297682936'
	 message='Prohibited reference to edu.afit.csce593.smallworld.textui.TextUtilities.LINESEP2'
	 category='Static structure'
	 result-type='Layers'/>

<result-drop type='ResultDrop'
	 line='130'
	 file='/SmallWorld-layers-3/src/edu/afit/csce593/smallworld/textui/console/SmallWorld.java'
	 offset='4277'
	 hash='109801339'
	 context='-1619640604'
	 message='Prohibited reference to edu.afit.csce593.smallworld.textui.ParserWorldObserver.ParserWorldObserver()'
	 category='Static structure'
	 result-type='Layers'/>

<result-drop type='ResultDrop'
	 line='162'
	 file='/SmallWorld-layers-3/src/edu/afit/csce593/smallworld/textui/parser/UserCommandParser.java'
	 offset='6278'
	 hash='-346676934'
	 context='297682936'
	 message='Prohibited reference to edu.afit.csce593.smallworld.textui.TextUtilities.LINESEP2'
	 category='Static structure'
	 result-type='Layers'/>

<result-drop type='ResultDrop'
	 line='202'
	 file='/SmallWorld-layers-3/src/edu/afit/csce593/smallworld/controller/WorldController.java'
	 offset='5392'
	 hash='1575993263'
	 context='926370587'
	 message='Prohibited reference to java.util.Iterator.hasNext()'
	 category='Static structure'
	 result-type='Layers'/>

<promise-drop type='PromisePromiseDrop'
	 line='1'
	 file='/SmallWorld-layers-3/src/edu/afit/csce593/smallworld/textui/parser/package-info.java'
	 offset='9'
	 hash='-347745995'
	 context='476132679'
	 message='Promise @InLayer(edu.afit.csce593.smallworld.textui.{CONSOLE_UI, SWING_UI})'
	 category='Scoped promises'
	 checked-by-analysis='true'
	 from-src='true'/>

<promise-drop type='InLayerPromiseDrop'
	 line='11'
	 file='/SmallWorld-layers-3/src/edu/afit/csce593/smallworld/model/Player.java'
	 offset='278'
	 hash='1988659447'
	 context='249810418'
	 message='InLayer edu.afit.csce593.smallworld.MODEL'
	 category='Static structure'
	 proved-consistent='true'
	 checked-by-analysis='true'
	 from-src='true'
	 virtual='true'/>

<promise-drop type='LayerPromiseDrop'
	 line='1'
	 file='/SmallWorld-layers-3/src/edu/afit/csce593/smallworld/package-info.java'
	 offset='211'
	 hash='-369752013'
	 context='476132679'
	 message='Layer PERSISTENCE may refer to MODEL | XML'
	 category='Static structure'
	 proved-consistent='true'
	 checked-by-analysis='true'
	 from-src='true'/>

<result-drop type='ResultDrop'
	 line='13'
	 file='/SmallWorld-layers-3/src/edu/afit/csce593/smallworld/textui/parser/IParserObserver.java'
	 offset='447'
	 hash='-429115790'
	 context='-421125648'
	 message='All types referenced by IParserObserver are permitted'
	 category='Static structure'
	 proved-consistent='true'
	 consistent='true'
	 result-type='Layers -- no errors'/>

<promise-drop type='InLayerPromiseDrop'
	 line='10'
	 file='/SmallWorld-layers-3/src/edu/afit/csce593/smallworld/model/Direction.java'
	 offset='234'
	 hash='246083731'
	 context='-166613298'
	 message='InLayer edu.afit.csce593.smallworld.MODEL'
	 category='Static structure'
	 proved-consistent='true'
	 checked-by-analysis='true'
	 from-src='true'
	 virtual='true'/>

<result-drop type='ResultDrop'
	 line='11'
	 file='/SmallWorld-layers-3/src/edu/afit/csce593/smallworld/model/Player.java'
	 offset='278'
	 hash='1988659447'
	 context='249810418'
	 message='All types referenced by Player are permitted'
	 category='Static structure'
	 proved-consistent='true'
	 consistent='true'
	 result-type='Layers -- no errors'/>

<promise-drop type='TypeSetPromiseDrop'
	 line='1'
	 file='/SmallWorld-layers-3/src/edu/afit/csce593/smallworld/textui/package-info.java'
	 offset='23'
	 hash='899380468'
	 context='476132679'
	 message='TypeSet SWING = java.awt+ | javax.swing+'
	 category='Static structure'
	 proved-consistent='true'
	 checked-by-analysis='true'
	 from-src='true'/>

<result-drop type='ResultDrop'
	 line='176'
	 file='/SmallWorld-layers-3/src/edu/afit/csce593/smallworld/textui/parser/UserCommandParser.java'
	 offset='7110'
	 hash='-346676934'
	 context='297682936'
	 message='Prohibited reference to edu.afit.csce593.smallworld.textui.TextUtilities.LINESEP2'
	 category='Static structure'
	 result-type='Layers'/>

<result-drop type='ResultDrop'
	 line='42'
	 file='/SmallWorld-layers-3/src/edu/afit/csce593/smallworld/textui/console/SmallWorld.java'
	 offset='1344'
	 hash='60582015'
	 context='947911333'
	 message='Prohibited reference to edu.afit.csce593.smallworld.textui.ParserWorldObserver.setTextWidth(int)'
	 category='Static structure'
	 result-type='Layers'/>

<result-drop type='ResultDrop'
	 line='20'
	 file='/SmallWorld-layers-3/src/edu/afit/csce593/smallworld/model/World.java'
	 offset='828'
	 hash='1762364759'
	 context='-955202975'
	 message='All types referenced by World are permitted'
	 category='Static structure'
	 proved-consistent='true'
	 consistent='true'
	 result-type='Layers -- no errors'/>

<result-drop type='ResultDrop'
	 line='175'
	 file='/SmallWorld-layers-3/src/edu/afit/csce593/smallworld/textui/graphical/SmallWorld.java'
	 offset='5789'
	 hash='109801339'
	 context='-42498354'
	 message='Prohibited reference to edu.afit.csce593.smallworld.textui.ParserWorldObserver.ParserWorldObserver()'
	 category='Static structure'
	 result-type='Layers'/>

<promise-drop type='TypeSetPromiseDrop'
	 line='1'
	 file='/SmallWorld-layers-3/src/edu/afit/csce593/smallworld/package-info.java'
	 offset='102'
	 hash='-369752013'
	 context='476132679'
	 message='TypeSet XML = org.jdom+ | UTIL | java.{ io, net }'
	 category='Static structure'
	 proved-consistent='true'
	 checked-by-analysis='true'
	 from-src='true'/>

<promise-drop type='InLayerPromiseDrop'
	 line='9'
	 file='/SmallWorld-layers-3/src/edu/afit/csce593/smallworld/model/IWorldObserver.java'
	 offset='198'
	 hash='-161456226'
	 context='-1207724880'
	 message='InLayer edu.afit.csce593.smallworld.MODEL'
	 category='Static structure'
	 proved-consistent='true'
	 checked-by-analysis='true'
	 from-src='true'
	 virtual='true'/>

<promise-drop type='PromisePromiseDrop'
	 line='1'
	 file='/SmallWorld-layers-3/src/edu/afit/csce593/smallworld/persistence/package-info.java'
	 offset='9'
	 hash='-763424606'
	 context='476132679'
	 message='Promise @InLayer(edu.afit.csce593.smallworld.PERSISTENCE)'
	 category='Scoped promises'
	 proved-consistent='true'
	 checked-by-analysis='true'
	 from-src='true'/>

<result-drop type='ResultDrop'
	 line='162'
	 file='/SmallWorld-layers-3/src/edu/afit/csce593/smallworld/textui/graphical/SmallWorld.java'
	 offset='5364'
	 hash='-1341612577'
	 context='-654987170'
	 message='Prohibited reference to edu.afit.csce593.smallworld.textui.ParserWorldObserver.setTextWidth(int)'
	 category='Static structure'
	 result-type='Layers'/>

<promise-drop type='InLayerPromiseDrop'
	 line='43'
	 file='/SmallWorld-layers-3/src/edu/afit/csce593/smallworld/textui/graphical/SmallWorld.java'
	 offset='1419'
	 hash='1626812468'
	 context='794432487'
	 message='InLayer edu.afit.csce593.smallworld.textui.SWING_UI'
	 category='Static structure'
	 checked-by-analysis='true'
	 from-src='true'
	 virtual='true'/>

<promise-drop type='InLayerPromiseDrop'
	 line='11'
	 file='/SmallWorld-layers-3/src/edu/afit/csce593/smallworld/textui/TextUtilities.java'
	 offset='270'
	 hash='1137910645'
	 context='-1397078500'
	 message='InLayer CONSOLE_UI, SWING_UI'
	 category='Static structure'
	 proved-consistent='true'
	 checked-by-analysis='true'
	 from-src='true'
	 virtual='true'/>

<result-drop type='ResultDrop'
	 line='10'
	 file='/SmallWorld-layers-3/src/edu/afit/csce593/smallworld/model/Direction.java'
	 offset='234'
	 hash='246083731'
	 context='-166613298'
	 message='All types referenced by Direction are permitted'
	 category='Static structure'
	 proved-consistent='true'
	 consistent='true'
	 result-type='Layers -- no errors'/>

<promise-drop type='InLayerPromiseDrop'
	 line='22'
	 file='/SmallWorld-layers-3/src/edu/afit/csce593/smallworld/textui/console/SmallWorld.java'
	 offset='604'
	 hash='-857442275'
	 context='-896656029'
	 message='InLayer edu.afit.csce593.smallworld.textui.CONSOLE_UI'
	 category='Static structure'
	 checked-by-analysis='true'
	 from-src='true'
	 virtual='true'/>

<result-drop type='ResultDrop'
	 line='178'
	 file='/SmallWorld-layers-3/src/edu/afit/csce593/smallworld/textui/parser/UserCommandParser.java'
	 offset='7230'
	 hash='-346676934'
	 context='297682936'
	 message='Prohibited reference to edu.afit.csce593.smallworld.textui.TextUtilities.LINESEP2'
	 category='Static structure'
	 result-type='Layers'/>

<promise-drop type='LayerPromiseDrop'
	 line='1'
	 file='/SmallWorld-layers-3/src/edu/afit/csce593/smallworld/package-info.java'
	 offset='168'
	 hash='-369752013'
	 context='476132679'
	 message='Layer MODEL may refer to UTIL'
	 category='Static structure'
	 proved-consistent='true'
	 checked-by-analysis='true'
	 from-src='true'/>

<promise-drop type='TypeSetPromiseDrop'
	 line='1'
	 file='/SmallWorld-layers-3/src/edu/afit/csce593/smallworld/package-info.java'
	 offset='23'
	 hash='-369752013'
	 context='476132679'
	 message='TypeSet UTIL = java.util &amp; !java.util.{ Enumeration, Hashtable, Vector }'
	 category='Static structure'
	 proved-consistent='true'
	 checked-by-analysis='true'
	 from-src='true'/>

<promise-drop type='PromisePromiseDrop'
	 line='22'
	 file='/SmallWorld-layers-3/src/edu/afit/csce593/smallworld/textui/console/SmallWorld.java'
	 offset='613'
	 hash='-857442275'
	 context='-896656029'
	 message='Promise @InLayer(edu.afit.csce593.smallworld.textui.CONSOLE_UI)'
	 category='Scoped promises'
	 checked-by-analysis='true'
	 from-src='true'/>

<result-drop type='ResultDrop'
	 line='90'
	 file='/SmallWorld-layers-3/src/edu/afit/csce593/smallworld/textui/graphical/SmallWorld.java'
	 offset='2978'
	 hash='-753638200'
	 context='-58754126'
	 message='Prohibited reference to java.util.EventObject.getSource()'
	 category='Static structure'
	 result-type='Layers'/>

<promise-drop type='RegionModel'
	 line='0'
	 file='java.lang.[]'
	 offset='-1'
	 hash='-1305411288'
	 context='156839830'
	 message='Region public length'
	 category='Regions'
	 proved-consistent='true'
	 checked-by-analysis='true'
	 from-src='true'/>

<result-drop type='ResultDrop'
	 line='27'
	 file='/SmallWorld-layers-3/src/edu/afit/csce593/smallworld/persistence/WorldPersistence.java'
	 offset='771'
	 hash='1481043848'
	 context='1273957320'
	 message='All types referenced by WorldPersistence are permitted'
	 category='Static structure'
	 proved-consistent='true'
	 consistent='true'
	 result-type='Layers -- no errors'/>

<result-drop type='ResultDrop'
	 line='180'
	 file='/SmallWorld-layers-3/src/edu/afit/csce593/smallworld/textui/parser/UserCommandParser.java'
	 offset='7343'
	 hash='-346676934'
	 context='297682936'
	 message='Prohibited reference to edu.afit.csce593.smallworld.textui.TextUtilities.LINESEP2'
	 category='Static structure'
	 result-type='Layers'/>

<promise-drop type='InLayerPromiseDrop'
	 line='16'
	 file='/SmallWorld-layers-3/src/edu/afit/csce593/smallworld/textui/ParserWorldObserver.java'
	 offset='617'
	 hash='-1992146685'
	 context='-1581341400'
	 message='InLayer CONSOLE_UI, SWING_UI'
	 category='Static structure'
	 proved-consistent='true'
	 checked-by-analysis='true'
	 from-src='true'
	 virtual='true'/>

<promise-drop type='LayerPromiseDrop'
	 line='1'
	 file='/SmallWorld-layers-3/src/edu/afit/csce593/smallworld/textui/package-info.java'
	 offset='201'
	 hash='899380468'
	 context='476132679'
	 message='Layer SWING_UI may refer to edu.afit.csce593.smallworld.{ MODEL, CONTROLLER } | SWING'
	 category='Static structure'
	 checked-by-analysis='true'
	 from-src='true'/>

<result-drop type='ResultDrop'
	 line='180'
	 file='/SmallWorld-layers-3/src/edu/afit/csce593/smallworld/textui/parser/UserCommandParser.java'
	 offset='7343'
	 hash='-346676934'
	 context='297682936'
	 message='Prohibited reference to edu.afit.csce593.smallworld.textui.TextUtilities.LINESEP2'
	 category='Static structure'
	 result-type='Layers'/>

<promise-drop type='RegionModel'
	 line='0'
	 file='java.lang.[]'
	 offset='-1'
	 hash='-1305411288'
	 context='156839830'
	 message='Region public []'
	 category='Regions'
	 proved-consistent='true'
	 checked-by-analysis='true'
	 from-src='true'/>

<promise-drop type='InLayerPromiseDrop'
	 line='23'
	 file='/SmallWorld-layers-3/src/edu/afit/csce593/smallworld/controller/WorldController.java'
	 offset='706'
	 hash='1862472665'
	 context='1359787496'
	 message='InLayer edu.afit.csce593.smallworld.CONTROLLER'
	 category='Static structure'
	 checked-by-analysis='true'
	 from-src='true'/>

<result-drop type='ResultDrop'
	 line='202'
	 file='/SmallWorld-layers-3/src/edu/afit/csce593/smallworld/controller/WorldController.java'
	 offset='5392'
	 hash='-1961607867'
	 context='220578964'
	 message='Prohibited reference to java.util.Set.iterator()'
	 category='Static structure'
	 result-type='Layers'/>

<result-drop type='ResultDrop'
	 line='11'
	 file='/SmallWorld-layers-3/src/edu/afit/csce593/smallworld/textui/TextUtilities.java'
	 offset='270'
	 hash='1137910645'
	 context='-1397078500'
	 message='All types referenced by TextUtilities are permitted'
	 category='Static structure'
	 proved-consistent='true'
	 consistent='true'
	 result-type='Layers -- no errors'/>

<result-drop type='ResultDrop'
	 line='46'
	 file='/SmallWorld-layers-3/src/edu/afit/csce593/smallworld/textui/console/SmallWorld.java'
	 offset='1449'
	 hash='-1626215429'
	 context='1892917875'
	 message='Prohibited reference to edu.afit.csce593.smallworld.textui.ParserWorldObserver.update(edu.afit.csce593.smallworld.model.World)'
	 category='Static structure'
	 result-type='Layers'/>

<result-drop type='ResultDrop'
	 line='166'
	 file='/SmallWorld-layers-3/src/edu/afit/csce593/smallworld/textui/parser/UserCommandParser.java'
	 offset='6466'
	 hash='-346676934'
	 context='297682936'
	 message='Prohibited reference to edu.afit.csce593.smallworld.textui.TextUtilities.LINESEP2'
	 category='Static structure'
	 result-type='Layers'/>

<result-drop type='ResultDrop'
	 line='3'
	 file='/SmallWorld-layers-3/src/edu/afit/csce593/smallworld/model/Item.java'
	 offset='46'
	 hash='-267711296'
	 context='1492794980'
	 message='All types referenced by Item are permitted'
	 category='Static structure'
	 proved-consistent='true'
	 consistent='true'
	 result-type='Layers -- no errors'/>

<result-drop type='ResultDrop'
	 line='168'
	 file='/SmallWorld-layers-3/src/edu/afit/csce593/smallworld/textui/graphical/SmallWorld.java'
	 offset='5592'
	 hash='-1771358083'
	 context='-258155184'
	 message='Prohibited reference to edu.afit.csce593.smallworld.textui.ParserWorldObserver.update(edu.afit.csce593.smallworld.model.World)'
	 category='Static structure'
	 result-type='Layers'/>

<promise-drop type='InLayerPromiseDrop'
	 line='13'
	 file='/SmallWorld-layers-3/src/edu/afit/csce593/smallworld/textui/parser/IParserObserver.java'
	 offset='447'
	 hash='-429115790'
	 context='-421125648'
	 message='InLayer edu.afit.csce593.smallworld.textui.{ CONSOLE_UI, SWING_UI }'
	 category='Static structure'
	 proved-consistent='true'
	 checked-by-analysis='true'
	 from-src='true'
	 virtual='true'/>

<promise-drop type='PromisePromiseDrop'
	 line='1'
	 file='/SmallWorld-layers-3/src/edu/afit/csce593/smallworld/textui/package-info.java'
	 offset='298'
	 hash='899380468'
	 context='476132679'
	 message='Promise @InLayer(CONSOLE_UI, SWING_UI)'
	 category='Scoped promises'
	 proved-consistent='true'
	 checked-by-analysis='true'
	 from-src='true'/>

<promise-drop type='InLayerPromiseDrop'
	 line='27'
	 file='/SmallWorld-layers-3/src/edu/afit/csce593/smallworld/persistence/WorldPersistence.java'
	 offset='771'
	 hash='1481043848'
	 context='1273957320'
	 message='InLayer edu.afit.csce593.smallworld.PERSISTENCE'
	 category='Static structure'
	 proved-consistent='true'
	 checked-by-analysis='true'
	 from-src='true'
	 virtual='true'/>

<result-drop type='ResultDrop'
	 line='202'
	 file='/SmallWorld-layers-3/src/edu/afit/csce593/smallworld/controller/WorldController.java'
	 offset='5392'
	 hash='-659472624'
	 context='-678574790'
	 message='Prohibited reference to java.util.Set'
	 category='Static structure'
	 result-type='Layers'/>

<promise-drop type='PromisePromiseDrop'
	 line='43'
	 file='/SmallWorld-layers-3/src/edu/afit/csce593/smallworld/textui/graphical/SmallWorld.java'
	 offset='1428'
	 hash='1626812468'
	 context='794432487'
	 message='Promise @InLayer(edu.afit.csce593.smallworld.textui.SWING_UI)'
	 category='Scoped promises'
	 checked-by-analysis='true'
	 from-src='true'/>

<result-drop type='ResultDrop'
	 line='11'
	 file='/SmallWorld-layers-3/src/edu/afit/csce593/smallworld/textui/WordWrappedMessage.java'
	 offset='325'
	 hash='-1147968112'
	 context='1411738381'
	 message='All types referenced by WordWrappedMessage are permitted'
	 category='Static structure'
	 proved-consistent='true'
	 consistent='true'
	 result-type='Layers -- no errors'/>

<promise-drop type='InLayerPromiseDrop'
	 line='14'
	 file='/SmallWorld-layers-3/src/edu/afit/csce593/smallworld/model/Place.java'
	 offset='358'
	 hash='-122283845'
	 context='-961773610'
	 message='InLayer edu.afit.csce593.smallworld.MODEL'
	 category='Static structure'
	 proved-consistent='true'
	 checked-by-analysis='true'
	 from-src='true'
	 virtual='true'/>

<promise-drop type='PromisePromiseDrop'
	 line='1'
	 file='/SmallWorld-layers-3/src/edu/afit/csce593/smallworld/model/package-info.java'
	 offset='9'
	 hash='-439861800'
	 context='476132679'
	 message='Promise @InLayer(edu.afit.csce593.smallworld.MODEL)'
	 category='Scoped promises'
	 proved-consistent='true'
	 checked-by-analysis='true'
	 from-src='true'/>

<promise-drop type='InLayerPromiseDrop'
	 line='15'
	 file='/SmallWorld-layers-3/src/edu/afit/csce593/smallworld/textui/parser/UserCommandParser.java'
	 offset='523'
	 hash='778476982'
	 context='218532305'
	 message='InLayer edu.afit.csce593.smallworld.textui.{ CONSOLE_UI, SWING_UI }'
	 category='Static structure'
	 checked-by-analysis='true'
	 from-src='true'
	 virtual='true'/>

<result-drop type='ResultDrop'
	 line='172'
	 file='/SmallWorld-layers-3/src/edu/afit/csce593/smallworld/textui/parser/UserCommandParser.java'
	 offset='6863'
	 hash='-346676934'
	 context='297682936'
	 message='Prohibited reference to edu.afit.csce593.smallworld.textui.TextUtilities.LINESEP2'
	 category='Static structure'
	 result-type='Layers'/>

<promise-drop type='LayerPromiseDrop'
	 line='1'
	 file='/SmallWorld-layers-3/src/edu/afit/csce593/smallworld/textui/package-info.java'
	 offset='111'
	 hash='899380468'
	 context='476132679'
	 message='Layer CONSOLE_UI may refer to edu.afit.csce593.smallworld.{ MODEL, CONTROLLER } | IO'
	 category='Static structure'
	 checked-by-analysis='true'
	 from-src='true'/>

<promise-drop type='InLayerPromiseDrop'
	 line='20'
	 file='/SmallWorld-layers-3/src/edu/afit/csce593/smallworld/model/World.java'
	 offset='828'
	 hash='1762364759'
	 context='-955202975'
	 message='InLayer edu.afit.csce593.smallworld.MODEL'
	 category='Static structure'
	 proved-consistent='true'
	 checked-by-analysis='true'
	 from-src='true'
	 virtual='true'/>

<promise-drop type='LayerPromiseDrop'
	 line='1'
	 file='/SmallWorld-layers-3/src/edu/afit/csce593/smallworld/package-info.java'
	 offset='261'
	 hash='-369752013'
	 context='476132679'
	 message='Layer CONTROLLER may refer to MODEL | PERSISTENCE | java.io.File'
	 category='Static structure'
	 checked-by-analysis='true'
	 from-src='true'/>

<result-drop type='ResultDrop'
	 line='202'
	 file='/SmallWorld-layers-3/src/edu/afit/csce593/smallworld/controller/WorldController.java'
	 offset='5392'
	 hash='-2032849103'
	 context='-748920688'
	 message='Prohibited reference to java.util.Iterator.next()'
	 category='Static structure'
	 result-type='Layers'/>

<result-drop type='ResultDrop'
	 line='176'
	 file='/SmallWorld-layers-3/src/edu/afit/csce593/smallworld/textui/parser/UserCommandParser.java'
	 offset='7110'
	 hash='-346676934'
	 context='297682936'
	 message='Prohibited reference to edu.afit.csce593.smallworld.textui.TextUtilities.LINESEP2'
	 category='Static structure'
	 result-type='Layers'/>

<promise-drop type='TypeSetPromiseDrop'
	 line='1'
	 file='/SmallWorld-layers-3/src/edu/afit/csce593/smallworld/textui/package-info.java'
	 offset='71'
	 hash='899380468'
	 context='476132679'
	 message='TypeSet IO = java.io'
	 category='Static structure'
	 proved-consistent='true'
	 checked-by-analysis='true'
	 from-src='true'/>

<result-drop type='ResultDrop'
	 line='14'
	 file='/SmallWorld-layers-3/src/edu/afit/csce593/smallworld/model/Place.java'
	 offset='358'
	 hash='-122283845'
	 context='-961773610'
	 message='All types referenced by Place are permitted'
	 category='Static structure'
	 proved-consistent='true'
	 consistent='true'
	 result-type='Layers -- no errors'/>

</sea-summary>

