<sourceFiles>
	<package name="aggregated_fields">
		<class name="Inner.java" source="/TestJUCRWLocks/src/aggregated_fields/Inner.java"/>
		<class name="Test.java" source="/TestJUCRWLocks/src/aggregated_fields/Test.java"/>
	</package>
	<package name="basic_usage">
		<class name="Test.java" source="/TestJUCRWLocks/src/basic_usage/Test.java"/>
	</package>
	<package name="dont_sync_on_JUC_locks">
		<class name="Test.java" source="/TestJUCRWLocks/src/dont_sync_on_JUC_locks/Test.java"/>
	</package>
	<package name="not_just_any_RWLock_class">
		<class name="Main.java" source="/TestJUCRWLocks/src/not_just_any_RWLock_class/Main.java"/>
		<class name="ReaderWriterLock.java" source="/TestJUCRWLocks/src/not_just_any_RWLock_class/ReaderWriterLock.java"/>
	</package>
	<package name="requiresLock">
		<class name="C.java" source="/TestJUCRWLocks/src/requiresLock/C.java"/>
		<class name="Spy.java" source="/TestJUCRWLocks/src/requiresLock/Spy.java"/>
		<class name="Warnings.java" source="/TestJUCRWLocks/src/requiresLock/Warnings.java"/>
	</package>
	<package name="returnsLock_and_JUC">
		<class name="C.java" source="/TestJUCRWLocks/src/returnsLock_and_JUC/C.java"/>
		<class name="Test.java" source="/TestJUCRWLocks/src/returnsLock_and_JUC/Test.java"/>
		<class name="Test2.java" source="/TestJUCRWLocks/src/returnsLock_and_JUC/Test2.java"/>
	</package>
	<package name="singleThreaded">
		<class name="SingleThreadedTest.java" source="/TestJUCRWLocks/src/singleThreaded/SingleThreadedTest.java"/>
	</package>
</sourceFiles>
