<sourceFiles>
	<package name="instanceLock.diffClass">
		<class name="C.java" source="/TestCachedJUCRWLocks/src/instanceLock/diffClass/C.java"/>
		<class name="Test.java" source="/TestCachedJUCRWLocks/src/instanceLock/diffClass/Test.java"/>
	</package>
	<package name="instanceLock.duelingLocks">
		<class name="C.java" source="/TestCachedJUCRWLocks/src/instanceLock/duelingLocks/C.java"/>
		<class name="Test.java" source="/TestCachedJUCRWLocks/src/instanceLock/duelingLocks/Test.java"/>
	</package>
	<package name="instanceLock.sameClass">
		<class name="Test.java" source="/TestCachedJUCRWLocks/src/instanceLock/sameClass/Test.java"/>
	</package>
	<package name="staticLock.diffClass">
		<class name="C.java" source="/TestCachedJUCRWLocks/src/staticLock/diffClass/C.java"/>
		<class name="Test.java" source="/TestCachedJUCRWLocks/src/staticLock/diffClass/Test.java"/>
	</package>
	<package name="staticLock.duelingLocks">
		<class name="C.java" source="/TestCachedJUCRWLocks/src/staticLock/duelingLocks/C.java"/>
		<class name="Test.java" source="/TestCachedJUCRWLocks/src/staticLock/duelingLocks/Test.java"/>
	</package>
	<package name="staticLock.sameClass">
		<class name="Test.java" source="/TestCachedJUCRWLocks/src/staticLock/sameClass/Test.java"/>
	</package>
</sourceFiles>
