<?xml version='1.0' encoding='UTF-8' standalone='yes'?>
<sea-summary time="May 22, 2012 11:21:52 AM"
	 project="BoundedFIFOJSure">

<count WarningDrop="4"/>
<count LockModel="2"/>
<count ProposedPromiseDrop="42"/>
<count ResultDrop="31"/>
<result-drop type="ResultDrop"
	 offset="807"
	 length="1"
	 line="29"
	 path="BoundedFIFOJSure/src/com/surelogic/jsure/BoundedFIFO.java"
	 uri="file:/C:/work/jsure-test-update-script-workspace/BoundedFIFOJSure/src/com/surelogic/jsure/BoundedFIFO.java"
	 file="file:/C:/work/jsure-test-update-script-workspace/BoundedFIFOJSure/src/com/surelogic/jsure/BoundedFIFO.java"
	 hash="-568260359"
	 context="784257478"
	 id="24"
	 message="Lock &quot;&lt;this&gt;:BufLock&quot; not held when accessing numElts = 0"
	 category="unprotected field access(es); possible race condition detected"
	 message-id="(205,&lt;this&gt;:BufLock,numElts = 0,null)"
	 result-type="LockAnalysis_ds_FieldAccessNotAssured"
	 full-type="edu.cmu.cs.fluid.sea.ResultDrop"/>

<promise-drop type="LockModel"
	 offset="702"
	 line="25"
	 path="BoundedFIFOJSure/src/com/surelogic/jsure/BoundedFIFO.java"
	 uri="file:/C:/work/jsure-test-update-script-workspace/BoundedFIFOJSure/src/com/surelogic/jsure/BoundedFIFO.java"
	 file="file:/C:/work/jsure-test-update-script-workspace/BoundedFIFOJSure/src/com/surelogic/jsure/BoundedFIFO.java"
	 hash="1990119280"
	 context="-1685491800"
	 id="25"
	 message="RegionLock com.surelogic.jsure.BoundedFIFO.BufLock is this protects Instance on BoundedFIFO"
	 category="Concurrency"
	 to-be-checked-by-analysis="true"
	 from-src="true"
	 message-id="(100,com.surelogic.jsure.BoundedFIFO.BufLock,this,Instance,BoundedFIFO)"
	 checked-by-analysis="true"
	 full-type="edu.cmu.cs.fluid.sea.drops.promises.LockModel"/>

<ir-drop type="ProposedPromiseDrop"
	 offset="1026"
	 length="147"
	 line="40"
	 path="BoundedFIFOJSure/src/com/surelogic/jsure/BoundedFIFO.java"
	 uri="file:/C:/work/jsure-test-update-script-workspace/BoundedFIFOJSure/src/com/surelogic/jsure/BoundedFIFO.java"
	 file="file:/C:/work/jsure-test-update-script-workspace/BoundedFIFOJSure/src/com/surelogic/jsure/BoundedFIFO.java"
	 hash="88407834"
	 context="-1313831777"
	 id="28"
	 message="ProposedPromiseDrop @Unique(return)"
	 target-project="BoundedFIFOJSure"
	 java-annotation="@Unique(&quot;return&quot;)"
	 annotation-type="Unique"
	 contents="return"
	 origin="MODEL"
	 from-project="BoundedFIFOJSure"
	 full-type="edu.cmu.cs.fluid.sea.ProposedPromiseDrop"/>

<result-drop type="ResultDrop"
	 offset="1888"
	 length="7"
	 line="74"
	 path="BoundedFIFOJSure/src/com/surelogic/jsure/BoundedFIFO.java"
	 uri="file:/C:/work/jsure-test-update-script-workspace/BoundedFIFOJSure/src/com/surelogic/jsure/BoundedFIFO.java"
	 file="file:/C:/work/jsure-test-update-script-workspace/BoundedFIFOJSure/src/com/surelogic/jsure/BoundedFIFO.java"
	 hash="2135064005"
	 context="523364846"
	 id="98"
	 message="Lock &quot;&lt;this&gt;:BufLock&quot; not held when accessing (this.numElts)"
	 category="unprotected field access(es); possible race condition detected"
	 message-id="(205,&lt;this&gt;:BufLock,(this.numElts),null)"
	 result-type="LockAnalysis_ds_FieldAccessNotAssured"
	 full-type="edu.cmu.cs.fluid.sea.ResultDrop"/>

<ir-drop type="ProposedPromiseDrop"
	 offset="1766"
	 length="141"
	 line="69"
	 path="BoundedFIFOJSure/src/com/surelogic/jsure/BoundedFIFO.java"
	 uri="file:/C:/work/jsure-test-update-script-workspace/BoundedFIFOJSure/src/com/surelogic/jsure/BoundedFIFO.java"
	 file="file:/C:/work/jsure-test-update-script-workspace/BoundedFIFOJSure/src/com/surelogic/jsure/BoundedFIFO.java"
	 hash="1420648169"
	 context="-398113170"
	 id="99"
	 message="ProposedPromiseDrop @RequiresLock(BufLock)"
	 target-project="BoundedFIFOJSure"
	 java-annotation="@RequiresLock(&quot;BufLock&quot;)"
	 annotation-type="RequiresLock"
	 contents="BufLock"
	 origin="MODEL"
	 from-project="BoundedFIFOJSure"
	 full-type="edu.cmu.cs.fluid.sea.ProposedPromiseDrop"/>

<ir-drop type="ProposedPromiseDrop"
	 offset="2626"
	 length="61"
	 line="106"
	 path="BoundedFIFOJSure/src/com/surelogic/jsure/BoundedFIFO.java"
	 uri="file:/C:/work/jsure-test-update-script-workspace/BoundedFIFOJSure/src/com/surelogic/jsure/BoundedFIFO.java"
	 file="file:/C:/work/jsure-test-update-script-workspace/BoundedFIFOJSure/src/com/surelogic/jsure/BoundedFIFO.java"
	 hash="981319203"
	 context="-759745197"
	 id="127"
	 message="ProposedPromiseDrop @RequiresLock(BufLock)"
	 target-project="BoundedFIFOJSure"
	 java-annotation="@RequiresLock(&quot;BufLock&quot;)"
	 annotation-type="RequiresLock"
	 contents="BufLock"
	 origin="MODEL"
	 from-project="BoundedFIFOJSure"
	 full-type="edu.cmu.cs.fluid.sea.ProposedPromiseDrop"/>

<result-drop type="ResultDrop"
	 offset="1389"
	 length="3"
	 line="54"
	 path="BoundedFIFOJSure/src/com/surelogic/jsure/BoundedFIFO.java"
	 uri="file:/C:/work/jsure-test-update-script-workspace/BoundedFIFOJSure/src/com/surelogic/jsure/BoundedFIFO.java"
	 file="file:/C:/work/jsure-test-update-script-workspace/BoundedFIFOJSure/src/com/surelogic/jsure/BoundedFIFO.java"
	 hash="1227372323"
	 context="-1096173211"
	 id="173"
	 message="Lock &quot;&lt;this&gt;:BufLock&quot; not held when accessing this.buf"
	 category="unprotected field access(es); possible race condition detected"
	 message-id="(205,&lt;this&gt;:BufLock,this.buf,null)"
	 result-type="LockAnalysis_ds_FieldAccessNotAssured"
	 full-type="edu.cmu.cs.fluid.sea.ResultDrop"/>

<ir-drop type="ProposedPromiseDrop"
	 offset="1303"
	 length="166"
	 line="51"
	 path="BoundedFIFOJSure/src/com/surelogic/jsure/BoundedFIFO.java"
	 uri="file:/C:/work/jsure-test-update-script-workspace/BoundedFIFOJSure/src/com/surelogic/jsure/BoundedFIFO.java"
	 file="file:/C:/work/jsure-test-update-script-workspace/BoundedFIFOJSure/src/com/surelogic/jsure/BoundedFIFO.java"
	 hash="-1878828405"
	 context="-269806319"
	 id="174"
	 message="ProposedPromiseDrop @RequiresLock(BufLock)"
	 target-project="BoundedFIFOJSure"
	 java-annotation="@RequiresLock(&quot;BufLock&quot;)"
	 annotation-type="RequiresLock"
	 contents="BufLock"
	 origin="MODEL"
	 from-project="BoundedFIFOJSure"
	 full-type="edu.cmu.cs.fluid.sea.ProposedPromiseDrop"/>

<ir-drop type="ProposedPromiseDrop"
	 offset="1766"
	 length="141"
	 line="69"
	 path="BoundedFIFOJSure/src/com/surelogic/jsure/BoundedFIFO.java"
	 uri="file:/C:/work/jsure-test-update-script-workspace/BoundedFIFOJSure/src/com/surelogic/jsure/BoundedFIFO.java"
	 file="file:/C:/work/jsure-test-update-script-workspace/BoundedFIFOJSure/src/com/surelogic/jsure/BoundedFIFO.java"
	 hash="1420648169"
	 context="-398113170"
	 id="218"
	 message="ProposedPromiseDrop @RequiresLock(BufLock)"
	 target-project="BoundedFIFOJSure"
	 java-annotation="@RequiresLock(&quot;BufLock&quot;)"
	 annotation-type="RequiresLock"
	 contents="BufLock"
	 origin="MODEL"
	 from-project="BoundedFIFOJSure"
	 full-type="edu.cmu.cs.fluid.sea.ProposedPromiseDrop"/>

<result-drop type="ResultDrop"
	 offset="1140"
	 length="3"
	 line="44"
	 path="BoundedFIFOJSure/src/com/surelogic/jsure/BoundedFIFO.java"
	 uri="file:/C:/work/jsure-test-update-script-workspace/BoundedFIFOJSure/src/com/surelogic/jsure/BoundedFIFO.java"
	 file="file:/C:/work/jsure-test-update-script-workspace/BoundedFIFOJSure/src/com/surelogic/jsure/BoundedFIFO.java"
	 hash="1227372323"
	 context="435203526"
	 id="294"
	 message="Lock &quot;&lt;this&gt;:BufLock&quot; not held when accessing this.buf"
	 category="unprotected field access(es); possible race condition detected"
	 message-id="(205,&lt;this&gt;:BufLock,this.buf,null)"
	 result-type="LockAnalysis_ds_FieldAccessNotAssured"
	 full-type="edu.cmu.cs.fluid.sea.ResultDrop"/>

<ir-drop type="ProposedPromiseDrop"
	 offset="1026"
	 length="147"
	 line="40"
	 path="BoundedFIFOJSure/src/com/surelogic/jsure/BoundedFIFO.java"
	 uri="file:/C:/work/jsure-test-update-script-workspace/BoundedFIFOJSure/src/com/surelogic/jsure/BoundedFIFO.java"
	 file="file:/C:/work/jsure-test-update-script-workspace/BoundedFIFOJSure/src/com/surelogic/jsure/BoundedFIFO.java"
	 hash="88407834"
	 context="-1313831777"
	 id="295"
	 message="ProposedPromiseDrop @Unique(return)"
	 target-project="BoundedFIFOJSure"
	 java-annotation="@Unique(&quot;return&quot;)"
	 annotation-type="Unique"
	 contents="return"
	 origin="MODEL"
	 from-project="BoundedFIFOJSure"
	 full-type="edu.cmu.cs.fluid.sea.ProposedPromiseDrop"/>

<ir-drop type="ProposedPromiseDrop"
	 offset="30"
	 line="3"
	 path="BoundedFIFOJSure/src/com/surelogic/jsure/LoggingEvent.java"
	 uri="file:/C:/work/jsure-test-update-script-workspace/BoundedFIFOJSure/src/com/surelogic/jsure/LoggingEvent.java"
	 file="file:/C:/work/jsure-test-update-script-workspace/BoundedFIFOJSure/src/com/surelogic/jsure/LoggingEvent.java"
	 hash="439958362"
	 context="-591630994"
	 id="323"
	 message="ProposedPromiseDrop @RegionEffects(none)"
	 target-project="BoundedFIFOJSure"
	 java-annotation="@RegionEffects(&quot;none&quot;)"
	 annotation-type="RegionEffects"
	 contents="none"
	 origin="CODE"
	 from-project="BoundedFIFOJSure"
	 full-type="edu.cmu.cs.fluid.sea.ProposedPromiseDrop"/>

<result-drop type="ResultDrop"
	 offset="824"
	 length="1"
	 line="30"
	 path="BoundedFIFOJSure/src/com/surelogic/jsure/BoundedFIFO.java"
	 uri="file:/C:/work/jsure-test-update-script-workspace/BoundedFIFOJSure/src/com/surelogic/jsure/BoundedFIFO.java"
	 file="file:/C:/work/jsure-test-update-script-workspace/BoundedFIFOJSure/src/com/surelogic/jsure/BoundedFIFO.java"
	 hash="131428253"
	 context="-270610198"
	 id="454"
	 message="Lock &quot;&lt;this&gt;:BufLock&quot; not held when accessing first = 0"
	 category="unprotected field access(es); possible race condition detected"
	 message-id="(205,&lt;this&gt;:BufLock,first = 0,null)"
	 result-type="LockAnalysis_ds_FieldAccessNotAssured"
	 full-type="edu.cmu.cs.fluid.sea.ResultDrop"/>

<ir-drop type="ProposedPromiseDrop"
	 offset="1026"
	 length="147"
	 line="40"
	 path="BoundedFIFOJSure/src/com/surelogic/jsure/BoundedFIFO.java"
	 uri="file:/C:/work/jsure-test-update-script-workspace/BoundedFIFOJSure/src/com/surelogic/jsure/BoundedFIFO.java"
	 file="file:/C:/work/jsure-test-update-script-workspace/BoundedFIFOJSure/src/com/surelogic/jsure/BoundedFIFO.java"
	 hash="88407834"
	 context="-1313831777"
	 id="455"
	 message="ProposedPromiseDrop @Unique(return)"
	 target-project="BoundedFIFOJSure"
	 java-annotation="@Unique(&quot;return&quot;)"
	 annotation-type="Unique"
	 contents="return"
	 origin="MODEL"
	 from-project="BoundedFIFOJSure"
	 full-type="edu.cmu.cs.fluid.sea.ProposedPromiseDrop"/>

<ir-drop type="WarningDrop"
	 offset="760"
	 length="50"
	 line="47"
	 path="BoundedFIFOJSure/src/com/surelogic/jsure/BlockingFIFO.java"
	 uri="file:/C:/work/jsure-test-update-script-workspace/BoundedFIFOJSure/src/com/surelogic/jsure/BlockingFIFO.java"
	 file="file:/C:/work/jsure-test-update-script-workspace/BoundedFIFOJSure/src/com/surelogic/jsure/BlockingFIFO.java"
	 hash="-1873771185"
	 context="1303360307"
	 id="528"
	 message="Locks [&lt;this.fifo&gt;:BufLock, &lt;this.fifo&gt;:MUTEX] not needed by body of synchronized block"
	 category="synchronized block(s) not protecting any state; what state is being protected?"
	 message-id="(218,[&lt;this.fifo&gt;:BufLock, &lt;this.fifo&gt;:MUTEX])"
	 result-type="LockAnalysis_ds_SynchronizationUnused"
	 full-type="edu.cmu.cs.fluid.sea.WarningDrop"/>

<promise-drop type="LockModel"
	 offset="2147483647"
	 line="0"
	 path="java.lang/Object.class"
	 file="java.lang/Object.class"
	 hash="1709211273"
	 context="1063877011"
	 id="529"
	 message="RegionLock java.lang.Object.MUTEX is this protects WaitQueue on Object"
	 category="Concurrency"
	 to-be-checked-by-analysis="true"
	 from-src="true"
	 message-id="(100,java.lang.Object.MUTEX,this,WaitQueue,Object)"
	 checked-by-analysis="true"
	 full-type="edu.cmu.cs.fluid.sea.drops.promises.LockModel"/>

<result-drop type="ResultDrop"
	 offset="1119"
	 length="9"
	 line="43"
	 path="BoundedFIFOJSure/src/com/surelogic/jsure/BoundedFIFO.java"
	 uri="file:/C:/work/jsure-test-update-script-workspace/BoundedFIFOJSure/src/com/surelogic/jsure/BoundedFIFO.java"
	 file="file:/C:/work/jsure-test-update-script-workspace/BoundedFIFOJSure/src/com/surelogic/jsure/BoundedFIFO.java"
	 hash="-605668015"
	 context="1385517012"
	 id="540"
	 message="Lock &quot;&lt;this&gt;:BufLock&quot; not held when accessing this.size"
	 category="unprotected field access(es); possible race condition detected"
	 message-id="(205,&lt;this&gt;:BufLock,this.size,null)"
	 result-type="LockAnalysis_ds_FieldAccessNotAssured"
	 full-type="edu.cmu.cs.fluid.sea.ResultDrop"/>

<ir-drop type="ProposedPromiseDrop"
	 offset="1026"
	 length="147"
	 line="40"
	 path="BoundedFIFOJSure/src/com/surelogic/jsure/BoundedFIFO.java"
	 uri="file:/C:/work/jsure-test-update-script-workspace/BoundedFIFOJSure/src/com/surelogic/jsure/BoundedFIFO.java"
	 file="file:/C:/work/jsure-test-update-script-workspace/BoundedFIFOJSure/src/com/surelogic/jsure/BoundedFIFO.java"
	 hash="88407834"
	 context="-1313831777"
	 id="541"
	 message="ProposedPromiseDrop @Unique(return)"
	 target-project="BoundedFIFOJSure"
	 java-annotation="@Unique(&quot;return&quot;)"
	 annotation-type="Unique"
	 contents="return"
	 origin="MODEL"
	 from-project="BoundedFIFOJSure"
	 full-type="edu.cmu.cs.fluid.sea.ProposedPromiseDrop"/>

<ir-drop type="ProposedPromiseDrop"
	 offset="1303"
	 length="166"
	 line="51"
	 path="BoundedFIFOJSure/src/com/surelogic/jsure/BoundedFIFO.java"
	 uri="file:/C:/work/jsure-test-update-script-workspace/BoundedFIFOJSure/src/com/surelogic/jsure/BoundedFIFO.java"
	 file="file:/C:/work/jsure-test-update-script-workspace/BoundedFIFOJSure/src/com/surelogic/jsure/BoundedFIFO.java"
	 hash="-1878828405"
	 context="-269806319"
	 id="562"
	 message="ProposedPromiseDrop @RequiresLock(BufLock)"
	 target-project="BoundedFIFOJSure"
	 java-annotation="@RequiresLock(&quot;BufLock&quot;)"
	 annotation-type="RequiresLock"
	 contents="BufLock"
	 origin="MODEL"
	 from-project="BoundedFIFOJSure"
	 full-type="edu.cmu.cs.fluid.sea.ProposedPromiseDrop"/>

<ir-drop type="ProposedPromiseDrop"
	 offset="1303"
	 length="166"
	 line="51"
	 path="BoundedFIFOJSure/src/com/surelogic/jsure/BoundedFIFO.java"
	 uri="file:/C:/work/jsure-test-update-script-workspace/BoundedFIFOJSure/src/com/surelogic/jsure/BoundedFIFO.java"
	 file="file:/C:/work/jsure-test-update-script-workspace/BoundedFIFOJSure/src/com/surelogic/jsure/BoundedFIFO.java"
	 hash="-1878828405"
	 context="-269806319"
	 id="594"
	 message="ProposedPromiseDrop @RequiresLock(BufLock)"
	 target-project="BoundedFIFOJSure"
	 java-annotation="@RequiresLock(&quot;BufLock&quot;)"
	 annotation-type="RequiresLock"
	 contents="BufLock"
	 origin="MODEL"
	 from-project="BoundedFIFOJSure"
	 full-type="edu.cmu.cs.fluid.sea.ProposedPromiseDrop"/>

<ir-drop type="ProposedPromiseDrop"
	 offset="1026"
	 length="147"
	 line="40"
	 path="BoundedFIFOJSure/src/com/surelogic/jsure/BoundedFIFO.java"
	 uri="file:/C:/work/jsure-test-update-script-workspace/BoundedFIFOJSure/src/com/surelogic/jsure/BoundedFIFO.java"
	 file="file:/C:/work/jsure-test-update-script-workspace/BoundedFIFOJSure/src/com/surelogic/jsure/BoundedFIFO.java"
	 hash="88407834"
	 context="-1313831777"
	 id="799"
	 message="ProposedPromiseDrop @Unique(return)"
	 target-project="BoundedFIFOJSure"
	 java-annotation="@Unique(&quot;return&quot;)"
	 annotation-type="Unique"
	 contents="return"
	 origin="MODEL"
	 from-project="BoundedFIFOJSure"
	 full-type="edu.cmu.cs.fluid.sea.ProposedPromiseDrop"/>

<result-drop type="ResultDrop"
	 offset="388"
	 length="13"
	 line="21"
	 path="BoundedFIFOJSure/src/com/surelogic/jsure/BlockingFIFO.java"
	 uri="file:/C:/work/jsure-test-update-script-workspace/BoundedFIFOJSure/src/com/surelogic/jsure/BlockingFIFO.java"
	 file="file:/C:/work/jsure-test-update-script-workspace/BoundedFIFOJSure/src/com/surelogic/jsure/BlockingFIFO.java"
	 hash="-930704549"
	 context="1758745509"
	 id="989"
	 message="Lock &quot;&lt;this.fifo&gt;:MUTEX&quot; not held when invoking this.fifo.notify; precondition unsatisfied"
	 category="lock precondition(s) not satisfied; possible race conditions enabled"
	 message-id="(209,&lt;this.fifo&gt;:MUTEX,this.fifo.notify,null)"
	 result-type="LockAnalysis_ds_PreconditionsNotAssured"
	 full-type="edu.cmu.cs.fluid.sea.ResultDrop"/>

<ir-drop type="ProposedPromiseDrop"
	 offset="1303"
	 length="166"
	 line="51"
	 path="BoundedFIFOJSure/src/com/surelogic/jsure/BoundedFIFO.java"
	 uri="file:/C:/work/jsure-test-update-script-workspace/BoundedFIFOJSure/src/com/surelogic/jsure/BoundedFIFO.java"
	 file="file:/C:/work/jsure-test-update-script-workspace/BoundedFIFOJSure/src/com/surelogic/jsure/BoundedFIFO.java"
	 hash="-1878828405"
	 context="-269806319"
	 id="1022"
	 message="ProposedPromiseDrop @RequiresLock(BufLock)"
	 target-project="BoundedFIFOJSure"
	 java-annotation="@RequiresLock(&quot;BufLock&quot;)"
	 annotation-type="RequiresLock"
	 contents="BufLock"
	 origin="MODEL"
	 from-project="BoundedFIFOJSure"
	 full-type="edu.cmu.cs.fluid.sea.ProposedPromiseDrop"/>

<result-drop type="ResultDrop"
	 offset="1418"
	 length="4"
	 line="55"
	 path="BoundedFIFOJSure/src/com/surelogic/jsure/BoundedFIFO.java"
	 uri="file:/C:/work/jsure-test-update-script-workspace/BoundedFIFOJSure/src/com/surelogic/jsure/BoundedFIFO.java"
	 file="file:/C:/work/jsure-test-update-script-workspace/BoundedFIFOJSure/src/com/surelogic/jsure/BoundedFIFO.java"
	 hash="-605668015"
	 context="242563324"
	 id="1059"
	 message="Lock &quot;&lt;this&gt;:BufLock&quot; not held when accessing this.size"
	 category="unprotected field access(es); possible race condition detected"
	 message-id="(205,&lt;this&gt;:BufLock,this.size,null)"
	 result-type="LockAnalysis_ds_FieldAccessNotAssured"
	 full-type="edu.cmu.cs.fluid.sea.ResultDrop"/>

<result-drop type="ResultDrop"
	 offset="840"
	 length="1"
	 line="31"
	 path="BoundedFIFOJSure/src/com/surelogic/jsure/BoundedFIFO.java"
	 uri="file:/C:/work/jsure-test-update-script-workspace/BoundedFIFOJSure/src/com/surelogic/jsure/BoundedFIFO.java"
	 file="file:/C:/work/jsure-test-update-script-workspace/BoundedFIFOJSure/src/com/surelogic/jsure/BoundedFIFO.java"
	 hash="1422806624"
	 context="-1116873351"
	 id="1060"
	 message="Lock &quot;&lt;this&gt;:BufLock&quot; not held when accessing next = 0"
	 category="unprotected field access(es); possible race condition detected"
	 message-id="(205,&lt;this&gt;:BufLock,next = 0,null)"
	 result-type="LockAnalysis_ds_FieldAccessNotAssured"
	 full-type="edu.cmu.cs.fluid.sea.ResultDrop"/>

<result-drop type="ResultDrop"
	 offset="1807"
	 length="7"
	 line="70"
	 path="BoundedFIFOJSure/src/com/surelogic/jsure/BoundedFIFO.java"
	 uri="file:/C:/work/jsure-test-update-script-workspace/BoundedFIFOJSure/src/com/surelogic/jsure/BoundedFIFO.java"
	 file="file:/C:/work/jsure-test-update-script-workspace/BoundedFIFOJSure/src/com/surelogic/jsure/BoundedFIFO.java"
	 hash="-110077252"
	 context="523364846"
	 id="1061"
	 message="Lock &quot;&lt;this&gt;:BufLock&quot; not held when accessing this.numElts"
	 category="unprotected field access(es); possible race condition detected"
	 message-id="(205,&lt;this&gt;:BufLock,this.numElts,null)"
	 result-type="LockAnalysis_ds_FieldAccessNotAssured"
	 full-type="edu.cmu.cs.fluid.sea.ResultDrop"/>

<result-drop type="ResultDrop"
	 offset="1818"
	 length="4"
	 line="70"
	 path="BoundedFIFOJSure/src/com/surelogic/jsure/BoundedFIFO.java"
	 uri="file:/C:/work/jsure-test-update-script-workspace/BoundedFIFOJSure/src/com/surelogic/jsure/BoundedFIFO.java"
	 file="file:/C:/work/jsure-test-update-script-workspace/BoundedFIFOJSure/src/com/surelogic/jsure/BoundedFIFO.java"
	 hash="-605668015"
	 context="1653407321"
	 id="1062"
	 message="Lock &quot;&lt;this&gt;:BufLock&quot; not held when accessing this.size"
	 category="unprotected field access(es); possible race condition detected"
	 message-id="(205,&lt;this&gt;:BufLock,this.size,null)"
	 result-type="LockAnalysis_ds_FieldAccessNotAssured"
	 full-type="edu.cmu.cs.fluid.sea.ResultDrop"/>

<result-drop type="ResultDrop"
	 offset="1428"
	 length="5"
	 line="56"
	 path="BoundedFIFOJSure/src/com/surelogic/jsure/BoundedFIFO.java"
	 uri="file:/C:/work/jsure-test-update-script-workspace/BoundedFIFOJSure/src/com/surelogic/jsure/BoundedFIFO.java"
	 file="file:/C:/work/jsure-test-update-script-workspace/BoundedFIFOJSure/src/com/surelogic/jsure/BoundedFIFO.java"
	 hash="-1607852192"
	 context="1225240429"
	 id="1063"
	 message="Lock &quot;&lt;this&gt;:BufLock&quot; not held when accessing this.first"
	 category="unprotected field access(es); possible race condition detected"
	 message-id="(205,&lt;this&gt;:BufLock,this.first,null)"
	 result-type="LockAnalysis_ds_FieldAccessNotAssured"
	 full-type="edu.cmu.cs.fluid.sea.ResultDrop"/>

<result-drop type="ResultDrop"
	 offset="1393"
	 length="4"
	 line="54"
	 path="BoundedFIFOJSure/src/com/surelogic/jsure/BoundedFIFO.java"
	 uri="file:/C:/work/jsure-test-update-script-workspace/BoundedFIFOJSure/src/com/surelogic/jsure/BoundedFIFO.java"
	 file="file:/C:/work/jsure-test-update-script-workspace/BoundedFIFOJSure/src/com/surelogic/jsure/BoundedFIFO.java"
	 hash="-605820861"
	 context="-679977755"
	 id="1064"
	 message="Lock &quot;&lt;this&gt;:BufLock&quot; not held when accessing this.next"
	 category="unprotected field access(es); possible race condition detected"
	 message-id="(205,&lt;this&gt;:BufLock,this.next,null)"
	 result-type="LockAnalysis_ds_FieldAccessNotAssured"
	 full-type="edu.cmu.cs.fluid.sea.ResultDrop"/>

<result-drop type="ResultDrop"
	 offset="2897"
	 length="4"
	 line="115"
	 path="BoundedFIFOJSure/src/com/surelogic/jsure/BoundedFIFO.java"
	 uri="file:/C:/work/jsure-test-update-script-workspace/BoundedFIFOJSure/src/com/surelogic/jsure/BoundedFIFO.java"
	 file="file:/C:/work/jsure-test-update-script-workspace/BoundedFIFOJSure/src/com/surelogic/jsure/BoundedFIFO.java"
	 hash="-605668015"
	 context="-443932331"
	 id="1065"
	 message="Lock &quot;&lt;this&gt;:BufLock&quot; not held when accessing this.size"
	 category="unprotected field access(es); possible race condition detected"
	 message-id="(205,&lt;this&gt;:BufLock,this.size,null)"
	 result-type="LockAnalysis_ds_FieldAccessNotAssured"
	 full-type="edu.cmu.cs.fluid.sea.ResultDrop"/>

<result-drop type="ResultDrop"
	 offset="2678"
	 length="4"
	 line="107"
	 path="BoundedFIFOJSure/src/com/surelogic/jsure/BoundedFIFO.java"
	 uri="file:/C:/work/jsure-test-update-script-workspace/BoundedFIFOJSure/src/com/surelogic/jsure/BoundedFIFO.java"
	 file="file:/C:/work/jsure-test-update-script-workspace/BoundedFIFOJSure/src/com/surelogic/jsure/BoundedFIFO.java"
	 hash="-605668015"
	 context="-1771607106"
	 id="1066"
	 message="Lock &quot;&lt;this&gt;:BufLock&quot; not held when accessing this.size"
	 category="unprotected field access(es); possible race condition detected"
	 message-id="(205,&lt;this&gt;:BufLock,this.size,null)"
	 result-type="LockAnalysis_ds_FieldAccessNotAssured"
	 full-type="edu.cmu.cs.fluid.sea.ResultDrop"/>

<result-drop type="ResultDrop"
	 offset="1830"
	 length="3"
	 line="71"
	 path="BoundedFIFOJSure/src/com/surelogic/jsure/BoundedFIFO.java"
	 uri="file:/C:/work/jsure-test-update-script-workspace/BoundedFIFOJSure/src/com/surelogic/jsure/BoundedFIFO.java"
	 file="file:/C:/work/jsure-test-update-script-workspace/BoundedFIFOJSure/src/com/surelogic/jsure/BoundedFIFO.java"
	 hash="1227372323"
	 context="289942439"
	 id="1067"
	 message="Lock &quot;&lt;this&gt;:BufLock&quot; not held when accessing this.buf"
	 category="unprotected field access(es); possible race condition detected"
	 message-id="(205,&lt;this&gt;:BufLock,this.buf,null)"
	 result-type="LockAnalysis_ds_FieldAccessNotAssured"
	 full-type="edu.cmu.cs.fluid.sea.ResultDrop"/>

<result-drop type="ResultDrop"
	 offset="2195"
	 length="7"
	 line="90"
	 path="BoundedFIFOJSure/src/com/surelogic/jsure/BoundedFIFO.java"
	 uri="file:/C:/work/jsure-test-update-script-workspace/BoundedFIFOJSure/src/com/surelogic/jsure/BoundedFIFO.java"
	 file="file:/C:/work/jsure-test-update-script-workspace/BoundedFIFOJSure/src/com/surelogic/jsure/BoundedFIFO.java"
	 hash="-110077252"
	 context="742746733"
	 id="1068"
	 message="Lock &quot;&lt;this&gt;:BufLock&quot; not held when accessing this.numElts"
	 category="unprotected field access(es); possible race condition detected"
	 message-id="(205,&lt;this&gt;:BufLock,this.numElts,null)"
	 result-type="LockAnalysis_ds_FieldAccessNotAssured"
	 full-type="edu.cmu.cs.fluid.sea.ResultDrop"/>

<result-drop type="ResultDrop"
	 offset="1834"
	 length="4"
	 line="71"
	 path="BoundedFIFOJSure/src/com/surelogic/jsure/BoundedFIFO.java"
	 uri="file:/C:/work/jsure-test-update-script-workspace/BoundedFIFOJSure/src/com/surelogic/jsure/BoundedFIFO.java"
	 file="file:/C:/work/jsure-test-update-script-workspace/BoundedFIFOJSure/src/com/surelogic/jsure/BoundedFIFO.java"
	 hash="-605820861"
	 context="178982695"
	 id="1069"
	 message="Lock &quot;&lt;this&gt;:BufLock&quot; not held when accessing this.next"
	 category="unprotected field access(es); possible race condition detected"
	 message-id="(205,&lt;this&gt;:BufLock,this.next,null)"
	 result-type="LockAnalysis_ds_FieldAccessNotAssured"
	 full-type="edu.cmu.cs.fluid.sea.ResultDrop"/>

<result-drop type="ResultDrop"
	 offset="2886"
	 length="7"
	 line="115"
	 path="BoundedFIFOJSure/src/com/surelogic/jsure/BoundedFIFO.java"
	 uri="file:/C:/work/jsure-test-update-script-workspace/BoundedFIFOJSure/src/com/surelogic/jsure/BoundedFIFO.java"
	 file="file:/C:/work/jsure-test-update-script-workspace/BoundedFIFOJSure/src/com/surelogic/jsure/BoundedFIFO.java"
	 hash="-110077252"
	 context="-1783038560"
	 id="1070"
	 message="Lock &quot;&lt;this&gt;:BufLock&quot; not held when accessing this.numElts"
	 category="unprotected field access(es); possible race condition detected"
	 message-id="(205,&lt;this&gt;:BufLock,this.numElts,null)"
	 result-type="LockAnalysis_ds_FieldAccessNotAssured"
	 full-type="edu.cmu.cs.fluid.sea.ResultDrop"/>

<result-drop type="ResultDrop"
	 offset="1338"
	 length="7"
	 line="52"
	 path="BoundedFIFOJSure/src/com/surelogic/jsure/BoundedFIFO.java"
	 uri="file:/C:/work/jsure-test-update-script-workspace/BoundedFIFOJSure/src/com/surelogic/jsure/BoundedFIFO.java"
	 file="file:/C:/work/jsure-test-update-script-workspace/BoundedFIFOJSure/src/com/surelogic/jsure/BoundedFIFO.java"
	 hash="-110077252"
	 context="-968509295"
	 id="1071"
	 message="Lock &quot;&lt;this&gt;:BufLock&quot; not held when accessing this.numElts"
	 category="unprotected field access(es); possible race condition detected"
	 message-id="(205,&lt;this&gt;:BufLock,this.numElts,null)"
	 result-type="LockAnalysis_ds_FieldAccessNotAssured"
	 full-type="edu.cmu.cs.fluid.sea.ResultDrop"/>

<result-drop type="ResultDrop"
	 offset="2663"
	 length="7"
	 line="107"
	 path="BoundedFIFOJSure/src/com/surelogic/jsure/BoundedFIFO.java"
	 uri="file:/C:/work/jsure-test-update-script-workspace/BoundedFIFOJSure/src/com/surelogic/jsure/BoundedFIFO.java"
	 file="file:/C:/work/jsure-test-update-script-workspace/BoundedFIFOJSure/src/com/surelogic/jsure/BoundedFIFO.java"
	 hash="-110077252"
	 context="-334227245"
	 id="1072"
	 message="Lock &quot;&lt;this&gt;:BufLock&quot; not held when accessing this.numElts"
	 category="unprotected field access(es); possible race condition detected"
	 message-id="(205,&lt;this&gt;:BufLock,this.numElts,null)"
	 result-type="LockAnalysis_ds_FieldAccessNotAssured"
	 full-type="edu.cmu.cs.fluid.sea.ResultDrop"/>

<result-drop type="ResultDrop"
	 offset="1442"
	 length="7"
	 line="57"
	 path="BoundedFIFOJSure/src/com/surelogic/jsure/BoundedFIFO.java"
	 uri="file:/C:/work/jsure-test-update-script-workspace/BoundedFIFOJSure/src/com/surelogic/jsure/BoundedFIFO.java"
	 file="file:/C:/work/jsure-test-update-script-workspace/BoundedFIFOJSure/src/com/surelogic/jsure/BoundedFIFO.java"
	 hash="2135064005"
	 context="-968509295"
	 id="1073"
	 message="Lock &quot;&lt;this&gt;:BufLock&quot; not held when accessing (this.numElts)"
	 category="unprotected field access(es); possible race condition detected"
	 message-id="(205,&lt;this&gt;:BufLock,(this.numElts),null)"
	 result-type="LockAnalysis_ds_FieldAccessNotAssured"
	 full-type="edu.cmu.cs.fluid.sea.ResultDrop"/>

<result-drop type="ResultDrop"
	 offset="2439"
	 length="7"
	 line="99"
	 path="BoundedFIFOJSure/src/com/surelogic/jsure/BoundedFIFO.java"
	 uri="file:/C:/work/jsure-test-update-script-workspace/BoundedFIFOJSure/src/com/surelogic/jsure/BoundedFIFO.java"
	 file="file:/C:/work/jsure-test-update-script-workspace/BoundedFIFOJSure/src/com/surelogic/jsure/BoundedFIFO.java"
	 hash="-110077252"
	 context="1411330667"
	 id="1074"
	 message="Lock &quot;&lt;this&gt;:BufLock&quot; not held when accessing this.numElts"
	 category="unprotected field access(es); possible race condition detected"
	 message-id="(205,&lt;this&gt;:BufLock,this.numElts,null)"
	 result-type="LockAnalysis_ds_FieldAccessNotAssured"
	 full-type="edu.cmu.cs.fluid.sea.ResultDrop"/>

<result-drop type="ResultDrop"
	 offset="2001"
	 length="4"
	 line="82"
	 path="BoundedFIFOJSure/src/com/surelogic/jsure/BoundedFIFO.java"
	 uri="file:/C:/work/jsure-test-update-script-workspace/BoundedFIFOJSure/src/com/surelogic/jsure/BoundedFIFO.java"
	 file="file:/C:/work/jsure-test-update-script-workspace/BoundedFIFOJSure/src/com/surelogic/jsure/BoundedFIFO.java"
	 hash="-605668015"
	 context="-1105696053"
	 id="1075"
	 message="Lock &quot;&lt;this&gt;:BufLock&quot; not held when accessing this.size"
	 category="unprotected field access(es); possible race condition detected"
	 message-id="(205,&lt;this&gt;:BufLock,this.size,null)"
	 result-type="LockAnalysis_ds_FieldAccessNotAssured"
	 full-type="edu.cmu.cs.fluid.sea.ResultDrop"/>

<result-drop type="ResultDrop"
	 offset="1874"
	 length="4"
	 line="73"
	 path="BoundedFIFOJSure/src/com/surelogic/jsure/BoundedFIFO.java"
	 uri="file:/C:/work/jsure-test-update-script-workspace/BoundedFIFOJSure/src/com/surelogic/jsure/BoundedFIFO.java"
	 file="file:/C:/work/jsure-test-update-script-workspace/BoundedFIFOJSure/src/com/surelogic/jsure/BoundedFIFO.java"
	 hash="-605820861"
	 context="178982695"
	 id="1076"
	 message="Lock &quot;&lt;this&gt;:BufLock&quot; not held when accessing this.next"
	 category="unprotected field access(es); possible race condition detected"
	 message-id="(205,&lt;this&gt;:BufLock,this.next,null)"
	 result-type="LockAnalysis_ds_FieldAccessNotAssured"
	 full-type="edu.cmu.cs.fluid.sea.ResultDrop"/>

<result-drop type="ResultDrop"
	 offset="1863"
	 length="4"
	 line="72"
	 path="BoundedFIFOJSure/src/com/surelogic/jsure/BoundedFIFO.java"
	 uri="file:/C:/work/jsure-test-update-script-workspace/BoundedFIFOJSure/src/com/surelogic/jsure/BoundedFIFO.java"
	 file="file:/C:/work/jsure-test-update-script-workspace/BoundedFIFOJSure/src/com/surelogic/jsure/BoundedFIFO.java"
	 hash="-605668015"
	 context="1653407321"
	 id="1077"
	 message="Lock &quot;&lt;this&gt;:BufLock&quot; not held when accessing this.size"
	 category="unprotected field access(es); possible race condition detected"
	 message-id="(205,&lt;this&gt;:BufLock,this.size,null)"
	 result-type="LockAnalysis_ds_FieldAccessNotAssured"
	 full-type="edu.cmu.cs.fluid.sea.ResultDrop"/>

<result-drop type="ResultDrop"
	 offset="1409"
	 length="5"
	 line="55"
	 path="BoundedFIFOJSure/src/com/surelogic/jsure/BoundedFIFO.java"
	 uri="file:/C:/work/jsure-test-update-script-workspace/BoundedFIFOJSure/src/com/surelogic/jsure/BoundedFIFO.java"
	 file="file:/C:/work/jsure-test-update-script-workspace/BoundedFIFOJSure/src/com/surelogic/jsure/BoundedFIFO.java"
	 hash="-1730436191"
	 context="1225240429"
	 id="1078"
	 message="Lock &quot;&lt;this&gt;:BufLock&quot; not held when accessing (this.first)"
	 category="unprotected field access(es); possible race condition detected"
	 message-id="(205,&lt;this&gt;:BufLock,(this.first),null)"
	 result-type="LockAnalysis_ds_FieldAccessNotAssured"
	 full-type="edu.cmu.cs.fluid.sea.ResultDrop"/>

<result-drop type="ResultDrop"
	 offset="1855"
	 length="4"
	 line="72"
	 path="BoundedFIFOJSure/src/com/surelogic/jsure/BoundedFIFO.java"
	 uri="file:/C:/work/jsure-test-update-script-workspace/BoundedFIFOJSure/src/com/surelogic/jsure/BoundedFIFO.java"
	 file="file:/C:/work/jsure-test-update-script-workspace/BoundedFIFOJSure/src/com/surelogic/jsure/BoundedFIFO.java"
	 hash="-464187794"
	 context="178982695"
	 id="1079"
	 message="Lock &quot;&lt;this&gt;:BufLock&quot; not held when accessing (this.next)"
	 category="unprotected field access(es); possible race condition detected"
	 message-id="(205,&lt;this&gt;:BufLock,(this.next),null)"
	 result-type="LockAnalysis_ds_FieldAccessNotAssured"
	 full-type="edu.cmu.cs.fluid.sea.ResultDrop"/>

<ir-drop type="ProposedPromiseDrop"
	 offset="2626"
	 length="61"
	 line="106"
	 path="BoundedFIFOJSure/src/com/surelogic/jsure/BoundedFIFO.java"
	 uri="file:/C:/work/jsure-test-update-script-workspace/BoundedFIFOJSure/src/com/surelogic/jsure/BoundedFIFO.java"
	 file="file:/C:/work/jsure-test-update-script-workspace/BoundedFIFOJSure/src/com/surelogic/jsure/BoundedFIFO.java"
	 hash="981319203"
	 context="-759745197"
	 id="1081"
	 message="ProposedPromiseDrop @RequiresLock(BufLock)"
	 target-project="BoundedFIFOJSure"
	 java-annotation="@RequiresLock(&quot;BufLock&quot;)"
	 annotation-type="RequiresLock"
	 contents="BufLock"
	 origin="MODEL"
	 from-project="BoundedFIFOJSure"
	 full-type="edu.cmu.cs.fluid.sea.ProposedPromiseDrop"/>

<ir-drop type="ProposedPromiseDrop"
	 offset="1766"
	 length="141"
	 line="69"
	 path="BoundedFIFOJSure/src/com/surelogic/jsure/BoundedFIFO.java"
	 uri="file:/C:/work/jsure-test-update-script-workspace/BoundedFIFOJSure/src/com/surelogic/jsure/BoundedFIFO.java"
	 file="file:/C:/work/jsure-test-update-script-workspace/BoundedFIFOJSure/src/com/surelogic/jsure/BoundedFIFO.java"
	 hash="1420648169"
	 context="-398113170"
	 id="1180"
	 message="ProposedPromiseDrop @RequiresLock(BufLock)"
	 target-project="BoundedFIFOJSure"
	 java-annotation="@RequiresLock(&quot;BufLock&quot;)"
	 annotation-type="RequiresLock"
	 contents="BufLock"
	 origin="MODEL"
	 from-project="BoundedFIFOJSure"
	 full-type="edu.cmu.cs.fluid.sea.ProposedPromiseDrop"/>

<ir-drop type="ProposedPromiseDrop"
	 offset="1766"
	 length="141"
	 line="69"
	 path="BoundedFIFOJSure/src/com/surelogic/jsure/BoundedFIFO.java"
	 uri="file:/C:/work/jsure-test-update-script-workspace/BoundedFIFOJSure/src/com/surelogic/jsure/BoundedFIFO.java"
	 file="file:/C:/work/jsure-test-update-script-workspace/BoundedFIFOJSure/src/com/surelogic/jsure/BoundedFIFO.java"
	 hash="1420648169"
	 context="-398113170"
	 id="1374"
	 message="ProposedPromiseDrop @RequiresLock(BufLock)"
	 target-project="BoundedFIFOJSure"
	 java-annotation="@RequiresLock(&quot;BufLock&quot;)"
	 annotation-type="RequiresLock"
	 contents="BufLock"
	 origin="MODEL"
	 from-project="BoundedFIFOJSure"
	 full-type="edu.cmu.cs.fluid.sea.ProposedPromiseDrop"/>

<ir-drop type="WarningDrop"
	 offset="213"
	 length="4"
	 line="11"
	 path="BoundedFIFOJSure/src/com/surelogic/jsure/BlockingFIFO.java"
	 uri="file:/C:/work/jsure-test-update-script-workspace/BoundedFIFOJSure/src/com/surelogic/jsure/BlockingFIFO.java"
	 file="file:/C:/work/jsure-test-update-script-workspace/BoundedFIFOJSure/src/com/surelogic/jsure/BlockingFIFO.java"
	 hash="3559070"
	 context="-1009164568"
	 id="1395"
	 message="Lock expression &quot;this&quot; does not name a programmer-declared lock; consider declaring what state is protected by the referenced lock"
	 category="unidentifiable lock(s); what is the name of the lock? what state is being protected?"
	 message-id="(220,this)"
	 result-type="LockAnalysis_ds_UnidentifiableLock"
	 full-type="edu.cmu.cs.fluid.sea.WarningDrop"/>

<ir-drop type="ProposedPromiseDrop"
	 offset="2850"
	 length="56"
	 line="114"
	 path="BoundedFIFOJSure/src/com/surelogic/jsure/BoundedFIFO.java"
	 uri="file:/C:/work/jsure-test-update-script-workspace/BoundedFIFOJSure/src/com/surelogic/jsure/BoundedFIFO.java"
	 file="file:/C:/work/jsure-test-update-script-workspace/BoundedFIFOJSure/src/com/surelogic/jsure/BoundedFIFO.java"
	 hash="1874440324"
	 context="-134196960"
	 id="1408"
	 message="ProposedPromiseDrop @RequiresLock(BufLock)"
	 target-project="BoundedFIFOJSure"
	 java-annotation="@RequiresLock(&quot;BufLock&quot;)"
	 annotation-type="RequiresLock"
	 contents="BufLock"
	 origin="MODEL"
	 from-project="BoundedFIFOJSure"
	 full-type="edu.cmu.cs.fluid.sea.ProposedPromiseDrop"/>

<result-drop type="ResultDrop"
	 offset="263"
	 length="11"
	 line="14"
	 path="BoundedFIFOJSure/src/com/surelogic/jsure/BlockingFIFO.java"
	 uri="file:/C:/work/jsure-test-update-script-workspace/BoundedFIFOJSure/src/com/surelogic/jsure/BlockingFIFO.java"
	 file="file:/C:/work/jsure-test-update-script-workspace/BoundedFIFOJSure/src/com/surelogic/jsure/BlockingFIFO.java"
	 hash="-1341494777"
	 context="-442105391"
	 id="1521"
	 message="Lock &quot;&lt;this.fifo&gt;:MUTEX&quot; not held when invoking this.fifo.wait; precondition unsatisfied"
	 category="lock precondition(s) not satisfied; possible race conditions enabled"
	 message-id="(209,&lt;this.fifo&gt;:MUTEX,this.fifo.wait,null)"
	 result-type="LockAnalysis_ds_PreconditionsNotAssured"
	 full-type="edu.cmu.cs.fluid.sea.ResultDrop"/>

<result-drop type="ResultDrop"
	 offset="567"
	 length="11"
	 line="33"
	 path="BoundedFIFOJSure/src/com/surelogic/jsure/BlockingFIFO.java"
	 uri="file:/C:/work/jsure-test-update-script-workspace/BoundedFIFOJSure/src/com/surelogic/jsure/BlockingFIFO.java"
	 file="file:/C:/work/jsure-test-update-script-workspace/BoundedFIFOJSure/src/com/surelogic/jsure/BlockingFIFO.java"
	 hash="-1341494777"
	 context="1488591988"
	 id="1522"
	 message="Lock &quot;&lt;this.fifo&gt;:MUTEX&quot; held when invoking this.fifo.wait; precondition satisfied"
	 category="lock precondition(s) satisfied"
	 result-type="LockAnalysis_ds_PreconditionsAssured"
	 message-id="(207,&lt;this.fifo&gt;:MUTEX,this.fifo.wait,null)"
	 consistent="true"
	 proved-consistent="true"
	 full-type="edu.cmu.cs.fluid.sea.ResultDrop"/>

<ir-drop type="ProposedPromiseDrop"
	 offset="2401"
	 length="55"
	 line="98"
	 path="BoundedFIFOJSure/src/com/surelogic/jsure/BoundedFIFO.java"
	 uri="file:/C:/work/jsure-test-update-script-workspace/BoundedFIFOJSure/src/com/surelogic/jsure/BoundedFIFO.java"
	 file="file:/C:/work/jsure-test-update-script-workspace/BoundedFIFOJSure/src/com/surelogic/jsure/BoundedFIFO.java"
	 hash="-1390514151"
	 context="1105176043"
	 id="1541"
	 message="ProposedPromiseDrop @RequiresLock(BufLock)"
	 target-project="BoundedFIFOJSure"
	 java-annotation="@RequiresLock(&quot;BufLock&quot;)"
	 annotation-type="RequiresLock"
	 contents="BufLock"
	 origin="MODEL"
	 from-project="BoundedFIFOJSure"
	 full-type="edu.cmu.cs.fluid.sea.ProposedPromiseDrop"/>

<ir-drop type="ProposedPromiseDrop"
	 offset="2626"
	 length="61"
	 line="106"
	 path="BoundedFIFOJSure/src/com/surelogic/jsure/BoundedFIFO.java"
	 uri="file:/C:/work/jsure-test-update-script-workspace/BoundedFIFOJSure/src/com/surelogic/jsure/BoundedFIFO.java"
	 file="file:/C:/work/jsure-test-update-script-workspace/BoundedFIFOJSure/src/com/surelogic/jsure/BoundedFIFO.java"
	 hash="981319203"
	 context="-759745197"
	 id="1618"
	 message="ProposedPromiseDrop @RegionEffects(reads this:Instance)"
	 target-project="BoundedFIFOJSure"
	 java-annotation="@RegionEffects(&quot;reads this:Instance&quot;)"
	 annotation-type="RegionEffects"
	 contents="reads this:Instance"
	 origin="CODE"
	 from-project="BoundedFIFOJSure"
	 full-type="edu.cmu.cs.fluid.sea.ProposedPromiseDrop"/>

<result-drop type="ResultDrop"
	 offset="694"
	 length="13"
	 line="40"
	 path="BoundedFIFOJSure/src/com/surelogic/jsure/BlockingFIFO.java"
	 uri="file:/C:/work/jsure-test-update-script-workspace/BoundedFIFOJSure/src/com/surelogic/jsure/BlockingFIFO.java"
	 file="file:/C:/work/jsure-test-update-script-workspace/BoundedFIFOJSure/src/com/surelogic/jsure/BlockingFIFO.java"
	 hash="-930704549"
	 context="-1610301880"
	 id="1937"
	 message="Lock &quot;&lt;this.fifo&gt;:MUTEX&quot; held when invoking this.fifo.notify; precondition satisfied"
	 category="lock precondition(s) satisfied"
	 result-type="LockAnalysis_ds_PreconditionsAssured"
	 message-id="(207,&lt;this.fifo&gt;:MUTEX,this.fifo.notify,null)"
	 consistent="true"
	 proved-consistent="true"
	 full-type="edu.cmu.cs.fluid.sea.ResultDrop"/>

<ir-drop type="ProposedPromiseDrop"
	 offset="2401"
	 length="55"
	 line="98"
	 path="BoundedFIFOJSure/src/com/surelogic/jsure/BoundedFIFO.java"
	 uri="file:/C:/work/jsure-test-update-script-workspace/BoundedFIFOJSure/src/com/surelogic/jsure/BoundedFIFO.java"
	 file="file:/C:/work/jsure-test-update-script-workspace/BoundedFIFOJSure/src/com/surelogic/jsure/BoundedFIFO.java"
	 hash="-1390514151"
	 context="1105176043"
	 id="1968"
	 message="ProposedPromiseDrop @RegionEffects(reads this:Instance)"
	 target-project="BoundedFIFOJSure"
	 java-annotation="@RegionEffects(&quot;reads this:Instance&quot;)"
	 annotation-type="RegionEffects"
	 contents="reads this:Instance"
	 origin="CODE"
	 from-project="BoundedFIFOJSure"
	 full-type="edu.cmu.cs.fluid.sea.ProposedPromiseDrop"/>

<ir-drop type="ProposedPromiseDrop"
	 offset="2850"
	 length="56"
	 line="114"
	 path="BoundedFIFOJSure/src/com/surelogic/jsure/BoundedFIFO.java"
	 uri="file:/C:/work/jsure-test-update-script-workspace/BoundedFIFOJSure/src/com/surelogic/jsure/BoundedFIFO.java"
	 file="file:/C:/work/jsure-test-update-script-workspace/BoundedFIFOJSure/src/com/surelogic/jsure/BoundedFIFO.java"
	 hash="1874440324"
	 context="-134196960"
	 id="1993"
	 message="ProposedPromiseDrop @RequiresLock(BufLock)"
	 target-project="BoundedFIFOJSure"
	 java-annotation="@RequiresLock(&quot;BufLock&quot;)"
	 annotation-type="RequiresLock"
	 contents="BufLock"
	 origin="MODEL"
	 from-project="BoundedFIFOJSure"
	 full-type="edu.cmu.cs.fluid.sea.ProposedPromiseDrop"/>

<ir-drop type="ProposedPromiseDrop"
	 offset="1766"
	 length="141"
	 line="69"
	 path="BoundedFIFOJSure/src/com/surelogic/jsure/BoundedFIFO.java"
	 uri="file:/C:/work/jsure-test-update-script-workspace/BoundedFIFOJSure/src/com/surelogic/jsure/BoundedFIFO.java"
	 file="file:/C:/work/jsure-test-update-script-workspace/BoundedFIFOJSure/src/com/surelogic/jsure/BoundedFIFO.java"
	 hash="1420648169"
	 context="-398113170"
	 id="2019"
	 message="ProposedPromiseDrop @RequiresLock(BufLock)"
	 target-project="BoundedFIFOJSure"
	 java-annotation="@RequiresLock(&quot;BufLock&quot;)"
	 annotation-type="RequiresLock"
	 contents="BufLock"
	 origin="MODEL"
	 from-project="BoundedFIFOJSure"
	 full-type="edu.cmu.cs.fluid.sea.ProposedPromiseDrop"/>

<ir-drop type="ProposedPromiseDrop"
	 offset="1026"
	 length="147"
	 line="40"
	 path="BoundedFIFOJSure/src/com/surelogic/jsure/BoundedFIFO.java"
	 uri="file:/C:/work/jsure-test-update-script-workspace/BoundedFIFOJSure/src/com/surelogic/jsure/BoundedFIFO.java"
	 file="file:/C:/work/jsure-test-update-script-workspace/BoundedFIFOJSure/src/com/surelogic/jsure/BoundedFIFO.java"
	 hash="88407834"
	 context="-1313831777"
	 id="2056"
	 message="ProposedPromiseDrop @RegionEffects(none)"
	 target-project="BoundedFIFOJSure"
	 java-annotation="@RegionEffects(&quot;none&quot;)"
	 annotation-type="RegionEffects"
	 contents="none"
	 origin="CODE"
	 from-project="BoundedFIFOJSure"
	 full-type="edu.cmu.cs.fluid.sea.ProposedPromiseDrop"/>

<ir-drop type="ProposedPromiseDrop"
	 offset="1303"
	 length="166"
	 line="51"
	 path="BoundedFIFOJSure/src/com/surelogic/jsure/BoundedFIFO.java"
	 uri="file:/C:/work/jsure-test-update-script-workspace/BoundedFIFOJSure/src/com/surelogic/jsure/BoundedFIFO.java"
	 file="file:/C:/work/jsure-test-update-script-workspace/BoundedFIFOJSure/src/com/surelogic/jsure/BoundedFIFO.java"
	 hash="-1878828405"
	 context="-269806319"
	 id="2180"
	 message="ProposedPromiseDrop @RequiresLock(BufLock)"
	 target-project="BoundedFIFOJSure"
	 java-annotation="@RequiresLock(&quot;BufLock&quot;)"
	 annotation-type="RequiresLock"
	 contents="BufLock"
	 origin="MODEL"
	 from-project="BoundedFIFOJSure"
	 full-type="edu.cmu.cs.fluid.sea.ProposedPromiseDrop"/>

<ir-drop type="ProposedPromiseDrop"
	 offset="1303"
	 length="166"
	 line="51"
	 path="BoundedFIFOJSure/src/com/surelogic/jsure/BoundedFIFO.java"
	 uri="file:/C:/work/jsure-test-update-script-workspace/BoundedFIFOJSure/src/com/surelogic/jsure/BoundedFIFO.java"
	 file="file:/C:/work/jsure-test-update-script-workspace/BoundedFIFOJSure/src/com/surelogic/jsure/BoundedFIFO.java"
	 hash="-1878828405"
	 context="-269806319"
	 id="2196"
	 message="ProposedPromiseDrop @RequiresLock(BufLock)"
	 target-project="BoundedFIFOJSure"
	 java-annotation="@RequiresLock(&quot;BufLock&quot;)"
	 annotation-type="RequiresLock"
	 contents="BufLock"
	 origin="MODEL"
	 from-project="BoundedFIFOJSure"
	 full-type="edu.cmu.cs.fluid.sea.ProposedPromiseDrop"/>

<ir-drop type="ProposedPromiseDrop"
	 offset="1965"
	 length="45"
	 line="81"
	 path="BoundedFIFOJSure/src/com/surelogic/jsure/BoundedFIFO.java"
	 uri="file:/C:/work/jsure-test-update-script-workspace/BoundedFIFOJSure/src/com/surelogic/jsure/BoundedFIFO.java"
	 file="file:/C:/work/jsure-test-update-script-workspace/BoundedFIFOJSure/src/com/surelogic/jsure/BoundedFIFO.java"
	 hash="800772265"
	 context="1191951638"
	 id="2329"
	 message="ProposedPromiseDrop @RequiresLock(BufLock)"
	 target-project="BoundedFIFOJSure"
	 java-annotation="@RequiresLock(&quot;BufLock&quot;)"
	 annotation-type="RequiresLock"
	 contents="BufLock"
	 origin="MODEL"
	 from-project="BoundedFIFOJSure"
	 full-type="edu.cmu.cs.fluid.sea.ProposedPromiseDrop"/>

<ir-drop type="ProposedPromiseDrop"
	 offset="2163"
	 length="44"
	 line="89"
	 path="BoundedFIFOJSure/src/com/surelogic/jsure/BoundedFIFO.java"
	 uri="file:/C:/work/jsure-test-update-script-workspace/BoundedFIFOJSure/src/com/surelogic/jsure/BoundedFIFO.java"
	 file="file:/C:/work/jsure-test-update-script-workspace/BoundedFIFOJSure/src/com/surelogic/jsure/BoundedFIFO.java"
	 hash="-619934927"
	 context="-1903378963"
	 id="2458"
	 message="ProposedPromiseDrop @RequiresLock(BufLock)"
	 target-project="BoundedFIFOJSure"
	 java-annotation="@RequiresLock(&quot;BufLock&quot;)"
	 annotation-type="RequiresLock"
	 contents="BufLock"
	 origin="MODEL"
	 from-project="BoundedFIFOJSure"
	 full-type="edu.cmu.cs.fluid.sea.ProposedPromiseDrop"/>

<ir-drop type="WarningDrop"
	 offset="1389"
	 length="9"
	 line="54"
	 path="BoundedFIFOJSure/src/com/surelogic/jsure/BoundedFIFO.java"
	 uri="file:/C:/work/jsure-test-update-script-workspace/BoundedFIFOJSure/src/com/surelogic/jsure/BoundedFIFO.java"
	 file="file:/C:/work/jsure-test-update-script-workspace/BoundedFIFOJSure/src/com/surelogic/jsure/BoundedFIFO.java"
	 hash="-49834690"
	 context="-554947668"
	 id="2555"
	 message="Field reference &quot;this.buf [ this.next ]&quot; may be to a shared unprotected object"
	 category="protected reference(s) to a possibly shared unprotected object; possible race condition detected"
	 message-id="(201,this.buf [ this.next ])"
	 result-type="LockAnalysis_ds_AggregationNeeded"
	 full-type="edu.cmu.cs.fluid.sea.WarningDrop"/>

<ir-drop type="ProposedPromiseDrop"
	 offset="769"
	 length="19"
	 line="27"
	 path="BoundedFIFOJSure/src/com/surelogic/jsure/BoundedFIFO.java"
	 uri="file:/C:/work/jsure-test-update-script-workspace/BoundedFIFOJSure/src/com/surelogic/jsure/BoundedFIFO.java"
	 file="file:/C:/work/jsure-test-update-script-workspace/BoundedFIFOJSure/src/com/surelogic/jsure/BoundedFIFO.java"
	 hash="97907"
	 context="-728775891"
	 id="2556"
	 message="ProposedPromiseDrop @Unique()"
	 target-project="BoundedFIFOJSure"
	 java-annotation="@Unique"
	 annotation-type="Unique"
	 origin="MODEL"
	 from-project="BoundedFIFOJSure"
	 full-type="edu.cmu.cs.fluid.sea.ProposedPromiseDrop"/>

<ir-drop type="ProposedPromiseDrop"
	 offset="1766"
	 length="141"
	 line="69"
	 path="BoundedFIFOJSure/src/com/surelogic/jsure/BoundedFIFO.java"
	 uri="file:/C:/work/jsure-test-update-script-workspace/BoundedFIFOJSure/src/com/surelogic/jsure/BoundedFIFO.java"
	 file="file:/C:/work/jsure-test-update-script-workspace/BoundedFIFOJSure/src/com/surelogic/jsure/BoundedFIFO.java"
	 hash="1420648169"
	 context="-398113170"
	 id="2563"
	 message="ProposedPromiseDrop @RequiresLock(BufLock)"
	 target-project="BoundedFIFOJSure"
	 java-annotation="@RequiresLock(&quot;BufLock&quot;)"
	 annotation-type="RequiresLock"
	 contents="BufLock"
	 origin="MODEL"
	 from-project="BoundedFIFOJSure"
	 full-type="edu.cmu.cs.fluid.sea.ProposedPromiseDrop"/>

<ir-drop type="ProposedPromiseDrop"
	 offset="1303"
	 length="166"
	 line="51"
	 path="BoundedFIFOJSure/src/com/surelogic/jsure/BoundedFIFO.java"
	 uri="file:/C:/work/jsure-test-update-script-workspace/BoundedFIFOJSure/src/com/surelogic/jsure/BoundedFIFO.java"
	 file="file:/C:/work/jsure-test-update-script-workspace/BoundedFIFOJSure/src/com/surelogic/jsure/BoundedFIFO.java"
	 hash="-1878828405"
	 context="-269806319"
	 id="2579"
	 message="ProposedPromiseDrop @RequiresLock(BufLock)"
	 target-project="BoundedFIFOJSure"
	 java-annotation="@RequiresLock(&quot;BufLock&quot;)"
	 annotation-type="RequiresLock"
	 contents="BufLock"
	 origin="MODEL"
	 from-project="BoundedFIFOJSure"
	 full-type="edu.cmu.cs.fluid.sea.ProposedPromiseDrop"/>

<ir-drop type="ProposedPromiseDrop"
	 offset="1766"
	 length="141"
	 line="69"
	 path="BoundedFIFOJSure/src/com/surelogic/jsure/BoundedFIFO.java"
	 uri="file:/C:/work/jsure-test-update-script-workspace/BoundedFIFOJSure/src/com/surelogic/jsure/BoundedFIFO.java"
	 file="file:/C:/work/jsure-test-update-script-workspace/BoundedFIFOJSure/src/com/surelogic/jsure/BoundedFIFO.java"
	 hash="1420648169"
	 context="-398113170"
	 id="2686"
	 message="ProposedPromiseDrop @RequiresLock(BufLock)"
	 target-project="BoundedFIFOJSure"
	 java-annotation="@RequiresLock(&quot;BufLock&quot;)"
	 annotation-type="RequiresLock"
	 contents="BufLock"
	 origin="MODEL"
	 from-project="BoundedFIFOJSure"
	 full-type="edu.cmu.cs.fluid.sea.ProposedPromiseDrop"/>

<ir-drop type="ProposedPromiseDrop"
	 offset="1766"
	 length="141"
	 line="69"
	 path="BoundedFIFOJSure/src/com/surelogic/jsure/BoundedFIFO.java"
	 uri="file:/C:/work/jsure-test-update-script-workspace/BoundedFIFOJSure/src/com/surelogic/jsure/BoundedFIFO.java"
	 file="file:/C:/work/jsure-test-update-script-workspace/BoundedFIFOJSure/src/com/surelogic/jsure/BoundedFIFO.java"
	 hash="1420648169"
	 context="-398113170"
	 id="2736"
	 message="ProposedPromiseDrop @RequiresLock(BufLock)"
	 target-project="BoundedFIFOJSure"
	 java-annotation="@RequiresLock(&quot;BufLock&quot;)"
	 annotation-type="RequiresLock"
	 contents="BufLock"
	 origin="MODEL"
	 from-project="BoundedFIFOJSure"
	 full-type="edu.cmu.cs.fluid.sea.ProposedPromiseDrop"/>

<ir-drop type="ProposedPromiseDrop"
	 offset="2163"
	 length="44"
	 line="89"
	 path="BoundedFIFOJSure/src/com/surelogic/jsure/BoundedFIFO.java"
	 uri="file:/C:/work/jsure-test-update-script-workspace/BoundedFIFOJSure/src/com/surelogic/jsure/BoundedFIFO.java"
	 file="file:/C:/work/jsure-test-update-script-workspace/BoundedFIFOJSure/src/com/surelogic/jsure/BoundedFIFO.java"
	 hash="-619934927"
	 context="-1903378963"
	 id="2777"
	 message="ProposedPromiseDrop @RegionEffects(reads this:Instance)"
	 target-project="BoundedFIFOJSure"
	 java-annotation="@RegionEffects(&quot;reads this:Instance&quot;)"
	 annotation-type="RegionEffects"
	 contents="reads this:Instance"
	 origin="CODE"
	 from-project="BoundedFIFOJSure"
	 full-type="edu.cmu.cs.fluid.sea.ProposedPromiseDrop"/>

<ir-drop type="ProposedPromiseDrop"
	 offset="94"
	 length="66"
	 line="6"
	 path="BoundedFIFOJSure/src/com/surelogic/jsure/BlockingFIFO.java"
	 uri="file:/C:/work/jsure-test-update-script-workspace/BoundedFIFOJSure/src/com/surelogic/jsure/BlockingFIFO.java"
	 file="file:/C:/work/jsure-test-update-script-workspace/BoundedFIFOJSure/src/com/surelogic/jsure/BlockingFIFO.java"
	 hash="1659404402"
	 context="485168373"
	 id="2836"
	 message="ProposedPromiseDrop @RegionEffects(writes java.lang.Object:All)"
	 target-project="BoundedFIFOJSure"
	 java-annotation="@RegionEffects(&quot;writes java.lang.Object:All&quot;)"
	 annotation-type="RegionEffects"
	 contents="writes java.lang.Object:All"
	 origin="CODE"
	 from-project="BoundedFIFOJSure"
	 full-type="edu.cmu.cs.fluid.sea.ProposedPromiseDrop"/>

<ir-drop type="ProposedPromiseDrop"
	 offset="1965"
	 length="45"
	 line="81"
	 path="BoundedFIFOJSure/src/com/surelogic/jsure/BoundedFIFO.java"
	 uri="file:/C:/work/jsure-test-update-script-workspace/BoundedFIFOJSure/src/com/surelogic/jsure/BoundedFIFO.java"
	 file="file:/C:/work/jsure-test-update-script-workspace/BoundedFIFOJSure/src/com/surelogic/jsure/BoundedFIFO.java"
	 hash="800772265"
	 context="1191951638"
	 id="2992"
	 message="ProposedPromiseDrop @RegionEffects(reads this:Instance)"
	 target-project="BoundedFIFOJSure"
	 java-annotation="@RegionEffects(&quot;reads this:Instance&quot;)"
	 annotation-type="RegionEffects"
	 contents="reads this:Instance"
	 origin="CODE"
	 from-project="BoundedFIFOJSure"
	 full-type="edu.cmu.cs.fluid.sea.ProposedPromiseDrop"/>

<ir-drop type="ProposedPromiseDrop"
	 offset="769"
	 length="19"
	 line="27"
	 path="BoundedFIFOJSure/src/com/surelogic/jsure/BoundedFIFO.java"
	 uri="file:/C:/work/jsure-test-update-script-workspace/BoundedFIFOJSure/src/com/surelogic/jsure/BoundedFIFO.java"
	 file="file:/C:/work/jsure-test-update-script-workspace/BoundedFIFOJSure/src/com/surelogic/jsure/BoundedFIFO.java"
	 hash="97907"
	 context="-728775891"
	 id="3015"
	 message="ProposedPromiseDrop @Unique()"
	 target-project="BoundedFIFOJSure"
	 java-annotation="@Unique"
	 annotation-type="Unique"
	 origin="MODEL"
	 from-project="BoundedFIFOJSure"
	 full-type="edu.cmu.cs.fluid.sea.ProposedPromiseDrop"/>

<ir-drop type="ProposedPromiseDrop"
	 offset="2850"
	 length="56"
	 line="114"
	 path="BoundedFIFOJSure/src/com/surelogic/jsure/BoundedFIFO.java"
	 uri="file:/C:/work/jsure-test-update-script-workspace/BoundedFIFOJSure/src/com/surelogic/jsure/BoundedFIFO.java"
	 file="file:/C:/work/jsure-test-update-script-workspace/BoundedFIFOJSure/src/com/surelogic/jsure/BoundedFIFO.java"
	 hash="1874440324"
	 context="-134196960"
	 id="3239"
	 message="ProposedPromiseDrop @RegionEffects(reads this:Instance)"
	 target-project="BoundedFIFOJSure"
	 java-annotation="@RegionEffects(&quot;reads this:Instance&quot;)"
	 annotation-type="RegionEffects"
	 contents="reads this:Instance"
	 origin="CODE"
	 from-project="BoundedFIFOJSure"
	 full-type="edu.cmu.cs.fluid.sea.ProposedPromiseDrop"/>

<ir-drop type="ProposedPromiseDrop"
	 offset="163"
	 length="283"
	 line="10"
	 path="BoundedFIFOJSure/src/com/surelogic/jsure/BlockingFIFO.java"
	 uri="file:/C:/work/jsure-test-update-script-workspace/BoundedFIFOJSure/src/com/surelogic/jsure/BlockingFIFO.java"
	 file="file:/C:/work/jsure-test-update-script-workspace/BoundedFIFOJSure/src/com/surelogic/jsure/BlockingFIFO.java"
	 hash="803008296"
	 context="-1009164568"
	 id="3363"
	 message="ProposedPromiseDrop @RegionEffects(writes java.lang.Object:All)"
	 target-project="BoundedFIFOJSure"
	 java-annotation="@RegionEffects(&quot;writes java.lang.Object:All&quot;)"
	 annotation-type="RegionEffects"
	 contents="writes java.lang.Object:All"
	 origin="CODE"
	 from-project="BoundedFIFOJSure"
	 full-type="edu.cmu.cs.fluid.sea.ProposedPromiseDrop"/>

<ir-drop type="ProposedPromiseDrop"
	 offset="1303"
	 length="166"
	 line="51"
	 path="BoundedFIFOJSure/src/com/surelogic/jsure/BoundedFIFO.java"
	 uri="file:/C:/work/jsure-test-update-script-workspace/BoundedFIFOJSure/src/com/surelogic/jsure/BoundedFIFO.java"
	 file="file:/C:/work/jsure-test-update-script-workspace/BoundedFIFOJSure/src/com/surelogic/jsure/BoundedFIFO.java"
	 hash="-1878828405"
	 context="-269806319"
	 id="3490"
	 message="ProposedPromiseDrop @RegionEffects(reads any(java.lang.Object):Instance; writes this:Instance)"
	 target-project="BoundedFIFOJSure"
	 java-annotation="@RegionEffects(&quot;reads any(java.lang.Object):Instance; writes this:Instance&quot;)"
	 annotation-type="RegionEffects"
	 contents="reads any(java.lang.Object):Instance; writes this:Instance"
	 origin="CODE"
	 from-project="BoundedFIFOJSure"
	 full-type="edu.cmu.cs.fluid.sea.ProposedPromiseDrop"/>

<ir-drop type="WarningDrop"
	 offset="1830"
	 length="9"
	 line="71"
	 path="BoundedFIFOJSure/src/com/surelogic/jsure/BoundedFIFO.java"
	 uri="file:/C:/work/jsure-test-update-script-workspace/BoundedFIFOJSure/src/com/surelogic/jsure/BoundedFIFO.java"
	 file="file:/C:/work/jsure-test-update-script-workspace/BoundedFIFOJSure/src/com/surelogic/jsure/BoundedFIFO.java"
	 hash="-49834690"
	 context="-398113170"
	 id="3723"
	 message="Field reference &quot;this.buf [ this.next ]&quot; may be to a shared unprotected object"
	 category="protected reference(s) to a possibly shared unprotected object; possible race condition detected"
	 message-id="(201,this.buf [ this.next ])"
	 result-type="LockAnalysis_ds_AggregationNeeded"
	 full-type="edu.cmu.cs.fluid.sea.WarningDrop"/>

<ir-drop type="ProposedPromiseDrop"
	 offset="1766"
	 length="141"
	 line="69"
	 path="BoundedFIFOJSure/src/com/surelogic/jsure/BoundedFIFO.java"
	 uri="file:/C:/work/jsure-test-update-script-workspace/BoundedFIFOJSure/src/com/surelogic/jsure/BoundedFIFO.java"
	 file="file:/C:/work/jsure-test-update-script-workspace/BoundedFIFOJSure/src/com/surelogic/jsure/BoundedFIFO.java"
	 hash="1420648169"
	 context="-398113170"
	 id="3724"
	 message="ProposedPromiseDrop @RegionEffects(writes any(java.lang.Object):Instance)"
	 target-project="BoundedFIFOJSure"
	 java-annotation="@RegionEffects(&quot;writes any(java.lang.Object):Instance&quot;)"
	 annotation-type="RegionEffects"
	 contents="writes any(java.lang.Object):Instance"
	 origin="CODE"
	 from-project="BoundedFIFOJSure"
	 full-type="edu.cmu.cs.fluid.sea.ProposedPromiseDrop"/>

<ir-drop type="ProposedPromiseDrop"
	 offset="449"
	 length="284"
	 line="28"
	 path="BoundedFIFOJSure/src/com/surelogic/jsure/BlockingFIFO.java"
	 uri="file:/C:/work/jsure-test-update-script-workspace/BoundedFIFOJSure/src/com/surelogic/jsure/BlockingFIFO.java"
	 file="file:/C:/work/jsure-test-update-script-workspace/BoundedFIFOJSure/src/com/surelogic/jsure/BlockingFIFO.java"
	 hash="2145759295"
	 context="78615947"
	 id="3942"
	 message="ProposedPromiseDrop @RegionEffects(writes java.lang.Object:All)"
	 target-project="BoundedFIFOJSure"
	 java-annotation="@RegionEffects(&quot;writes java.lang.Object:All&quot;)"
	 annotation-type="RegionEffects"
	 contents="writes java.lang.Object:All"
	 origin="CODE"
	 from-project="BoundedFIFOJSure"
	 full-type="edu.cmu.cs.fluid.sea.ProposedPromiseDrop"/>

<ir-drop type="ProposedPromiseDrop"
	 offset="736"
	 length="77"
	 line="46"
	 path="BoundedFIFOJSure/src/com/surelogic/jsure/BlockingFIFO.java"
	 uri="file:/C:/work/jsure-test-update-script-workspace/BoundedFIFOJSure/src/com/surelogic/jsure/BlockingFIFO.java"
	 file="file:/C:/work/jsure-test-update-script-workspace/BoundedFIFOJSure/src/com/surelogic/jsure/BlockingFIFO.java"
	 hash="97438872"
	 context="1303360307"
	 id="4191"
	 message="ProposedPromiseDrop @RegionEffects(writes java.lang.Object:All)"
	 target-project="BoundedFIFOJSure"
	 java-annotation="@RegionEffects(&quot;writes java.lang.Object:All&quot;)"
	 annotation-type="RegionEffects"
	 contents="writes java.lang.Object:All"
	 origin="CODE"
	 from-project="BoundedFIFOJSure"
	 full-type="edu.cmu.cs.fluid.sea.ProposedPromiseDrop"/>

</sea-summary>

