<?xml version='1.0' encoding='UTF-8' standalone='yes'?>
<sea-summary time="May 22, 2012 11:22:14 AM"
	 project="BoundedFIFOJSure">

<count WarningDrop="2"/>
<count LockModel="2"/>
<count PromisePromiseDrop="1"/>
<count ProposedPromiseDrop="15"/>
<count UniquePromiseDrop="1"/>
<count ResultDrop="45"/>
<count RequiresLockPromiseDrop="7"/>
<result-drop type="ResultDrop"
	 offset="1459"
	 length="4"
	 line="56"
	 path="BoundedFIFOJSure/src/com/surelogic/jsure/BoundedFIFO.java"
	 uri="file:/C:/work/jsure-test-update-script-workspace/BoundedFIFOJSure/src/com/surelogic/jsure/BoundedFIFO.java"
	 file="file:/C:/work/jsure-test-update-script-workspace/BoundedFIFOJSure/src/com/surelogic/jsure/BoundedFIFO.java"
	 hash="-605820861"
	 context="-679977755"
	 id="26"
	 message="Lock &quot;&lt;this&gt;:BufLock&quot; held when accessing this.next"
	 category="protected field access(es)"
	 result-type="LockAnalysis_ds_FieldAccessAssured"
	 message-id="(203,&lt;this&gt;:BufLock,this.next,null)"
	 consistent="true"
	 proved-consistent="true"
	 full-type="edu.cmu.cs.fluid.sea.ResultDrop"/>

<promise-drop type="LockModel"
	 offset="702"
	 line="25"
	 path="BoundedFIFOJSure/src/com/surelogic/jsure/BoundedFIFO.java"
	 uri="file:/C:/work/jsure-test-update-script-workspace/BoundedFIFOJSure/src/com/surelogic/jsure/BoundedFIFO.java"
	 file="file:/C:/work/jsure-test-update-script-workspace/BoundedFIFOJSure/src/com/surelogic/jsure/BoundedFIFO.java"
	 hash="1990119280"
	 context="-1685491800"
	 id="28"
	 message="RegionLock com.surelogic.jsure.BoundedFIFO.BufLock is this protects Instance on BoundedFIFO"
	 category="Concurrency"
	 to-be-checked-by-analysis="true"
	 from-src="true"
	 message-id="(100,com.surelogic.jsure.BoundedFIFO.BufLock,this,Instance,BoundedFIFO)"
	 checked-by-analysis="true"
	 proved-consistent="true"
	 full-type="edu.cmu.cs.fluid.sea.drops.promises.LockModel"/>

<promise-drop type="RequiresLockPromiseDrop"
	 offset="1369"
	 line="53"
	 path="BoundedFIFOJSure/src/com/surelogic/jsure/BoundedFIFO.java"
	 uri="file:/C:/work/jsure-test-update-script-workspace/BoundedFIFOJSure/src/com/surelogic/jsure/BoundedFIFO.java"
	 file="file:/C:/work/jsure-test-update-script-workspace/BoundedFIFOJSure/src/com/surelogic/jsure/BoundedFIFO.java"
	 hash="-1878828405"
	 context="-269806319"
	 virtual="true"
	 id="30"
	 message="RequiresLock BufLock on com.surelogic.jsure.BoundedFIFO.get()"
	 category="lock precondition(s)"
	 to-be-checked-by-analysis="true"
	 from-src="true"
	 message-id="(102,RequiresLock BufLock,com.surelogic.jsure.BoundedFIFO.get())"
	 checked-by-analysis="true"
	 proved-consistent="true"
	 full-type="edu.cmu.cs.fluid.sea.drops.promises.RequiresLockPromiseDrop"/>

<promise-drop type="UniquePromiseDrop"
	 offset="1080"
	 line="41"
	 path="BoundedFIFOJSure/src/com/surelogic/jsure/BoundedFIFO.java"
	 uri="file:/C:/work/jsure-test-update-script-workspace/BoundedFIFOJSure/src/com/surelogic/jsure/BoundedFIFO.java"
	 file="file:/C:/work/jsure-test-update-script-workspace/BoundedFIFOJSure/src/com/surelogic/jsure/BoundedFIFO.java"
	 hash="-176181199"
	 context="-1313831777"
	 id="84"
	 message="Unique(return) on com.surelogic.jsure.BoundedFIFO.BoundedFIFO(int)"
	 category="Uniqueness"
	 to-be-checked-by-analysis="true"
	 from-src="true"
	 message-id="(116,return,com.surelogic.jsure.BoundedFIFO.BoundedFIFO(int))"
	 checked-by-analysis="true"
	 request-top-level="true"
	 proved-consistent="true"
	 full-type="edu.cmu.cs.fluid.sea.drops.promises.UniquePromiseDrop"/>

<result-drop type="ResultDrop"
	 offset="1072"
	 length="167"
	 line="41"
	 path="BoundedFIFOJSure/src/com/surelogic/jsure/BoundedFIFO.java"
	 uri="file:/C:/work/jsure-test-update-script-workspace/BoundedFIFOJSure/src/com/surelogic/jsure/BoundedFIFO.java"
	 file="file:/C:/work/jsure-test-update-script-workspace/BoundedFIFOJSure/src/com/surelogic/jsure/BoundedFIFO.java"
	 hash="88407834"
	 context="-1313831777"
	 id="85"
	 message="Control flow of constructor com.surelogic.jsure.BoundedFIFO.BoundedFIFO(int)"
	 result-type="UniquenessAssurance"
	 message-id="(300,constructor,com.surelogic.jsure.BoundedFIFO.BoundedFIFO(int))"
	 proved-consistent="true"
	 consistent="true"
	 full-type="edu.cmu.cs.fluid.sea.ResultDrop"/>

<result-drop type="ResultDrop"
	 offset="1126"
	 line="43"
	 path="BoundedFIFOJSure/src/com/surelogic/jsure/BoundedFIFO.java"
	 uri="file:/C:/work/jsure-test-update-script-workspace/BoundedFIFOJSure/src/com/surelogic/jsure/BoundedFIFO.java"
	 file="file:/C:/work/jsure-test-update-script-workspace/BoundedFIFOJSure/src/com/surelogic/jsure/BoundedFIFO.java"
	 hash="109801339"
	 context="-1313831777"
	 id="86"
	 message="Unique return value of call super"
	 result-type="UniquenessAssurance_uniqueReturnDrop"
	 message-id="(301,super)"
	 proved-consistent="true"
	 consistent="true"
	 full-type="edu.cmu.cs.fluid.sea.ResultDrop"/>

<result-drop type="ResultDrop"
	 offset="1150"
	 length="30"
	 line="44"
	 path="BoundedFIFOJSure/src/com/surelogic/jsure/BoundedFIFO.java"
	 uri="file:/C:/work/jsure-test-update-script-workspace/BoundedFIFOJSure/src/com/surelogic/jsure/BoundedFIFO.java"
	 file="file:/C:/work/jsure-test-update-script-workspace/BoundedFIFOJSure/src/com/surelogic/jsure/BoundedFIFO.java"
	 hash="1689055504"
	 context="-1313831777"
	 id="87"
	 message="Unique return value of call new java.lang.IllegalArgumentException"
	 result-type="UniquenessAssurance_uniqueReturnDrop"
	 message-id="(301,new java.lang.IllegalArgumentException)"
	 proved-consistent="true"
	 consistent="true"
	 full-type="edu.cmu.cs.fluid.sea.ResultDrop"/>

<ir-drop type="WarningDrop"
	 offset="1896"
	 length="9"
	 line="73"
	 path="BoundedFIFOJSure/src/com/surelogic/jsure/BoundedFIFO.java"
	 uri="file:/C:/work/jsure-test-update-script-workspace/BoundedFIFOJSure/src/com/surelogic/jsure/BoundedFIFO.java"
	 file="file:/C:/work/jsure-test-update-script-workspace/BoundedFIFOJSure/src/com/surelogic/jsure/BoundedFIFO.java"
	 hash="-49834690"
	 context="-398113170"
	 id="422"
	 message="Field reference &quot;this.buf [ this.next ]&quot; may be to a shared unprotected object"
	 category="protected reference(s) to a possibly shared unprotected object; possible race condition detected"
	 message-id="(201,this.buf [ this.next ])"
	 result-type="LockAnalysis_ds_AggregationNeeded"
	 full-type="edu.cmu.cs.fluid.sea.WarningDrop"/>

<ir-drop type="ProposedPromiseDrop"
	 offset="815"
	 length="19"
	 line="28"
	 path="BoundedFIFOJSure/src/com/surelogic/jsure/BoundedFIFO.java"
	 uri="file:/C:/work/jsure-test-update-script-workspace/BoundedFIFOJSure/src/com/surelogic/jsure/BoundedFIFO.java"
	 file="file:/C:/work/jsure-test-update-script-workspace/BoundedFIFOJSure/src/com/surelogic/jsure/BoundedFIFO.java"
	 hash="97907"
	 context="-728775891"
	 id="423"
	 message="ProposedPromiseDrop @Unique()"
	 target-project="BoundedFIFOJSure"
	 java-annotation="@Unique"
	 annotation-type="Unique"
	 origin="MODEL"
	 from-project="BoundedFIFOJSure"
	 full-type="edu.cmu.cs.fluid.sea.ProposedPromiseDrop"/>

<promise-drop type="LockModel"
	 offset="2147483647"
	 line="0"
	 path="java.lang/Object.class"
	 file="java.lang/Object.class"
	 hash="1709211273"
	 context="1063877011"
	 id="470"
	 message="RegionLock java.lang.Object.MUTEX is this protects WaitQueue on Object"
	 category="Concurrency"
	 to-be-checked-by-analysis="true"
	 from-src="true"
	 message-id="(100,java.lang.Object.MUTEX,this,WaitQueue,Object)"
	 checked-by-analysis="true"
	 proved-consistent="true"
	 full-type="edu.cmu.cs.fluid.sea.drops.promises.LockModel"/>

<result-drop type="ResultDrop"
	 offset="599"
	 length="11"
	 line="33"
	 path="BoundedFIFOJSure/src/com/surelogic/jsure/BlockingFIFO.java"
	 uri="file:/C:/work/jsure-test-update-script-workspace/BoundedFIFOJSure/src/com/surelogic/jsure/BlockingFIFO.java"
	 file="file:/C:/work/jsure-test-update-script-workspace/BoundedFIFOJSure/src/com/surelogic/jsure/BlockingFIFO.java"
	 hash="-1341494777"
	 context="1488591988"
	 id="471"
	 message="Lock &quot;&lt;this.fifo&gt;:MUTEX&quot; held when invoking this.fifo.wait; precondition satisfied"
	 category="lock precondition(s) satisfied"
	 result-type="LockAnalysis_ds_PreconditionsAssured"
	 message-id="(207,&lt;this.fifo&gt;:MUTEX,this.fifo.wait,null)"
	 consistent="true"
	 proved-consistent="true"
	 full-type="edu.cmu.cs.fluid.sea.ResultDrop"/>

<result-drop type="ResultDrop"
	 offset="276"
	 length="11"
	 line="14"
	 path="BoundedFIFOJSure/src/com/surelogic/jsure/BlockingFIFO.java"
	 uri="file:/C:/work/jsure-test-update-script-workspace/BoundedFIFOJSure/src/com/surelogic/jsure/BlockingFIFO.java"
	 file="file:/C:/work/jsure-test-update-script-workspace/BoundedFIFOJSure/src/com/surelogic/jsure/BlockingFIFO.java"
	 hash="-1341494777"
	 context="-442105391"
	 id="472"
	 message="Lock &quot;&lt;this.fifo&gt;:MUTEX&quot; held when invoking this.fifo.wait; precondition satisfied"
	 category="lock precondition(s) satisfied"
	 result-type="LockAnalysis_ds_PreconditionsAssured"
	 message-id="(207,&lt;this.fifo&gt;:MUTEX,this.fifo.wait,null)"
	 consistent="true"
	 proved-consistent="true"
	 full-type="edu.cmu.cs.fluid.sea.ResultDrop"/>

<result-drop type="ResultDrop"
	 offset="1940"
	 length="4"
	 line="75"
	 path="BoundedFIFOJSure/src/com/surelogic/jsure/BoundedFIFO.java"
	 uri="file:/C:/work/jsure-test-update-script-workspace/BoundedFIFOJSure/src/com/surelogic/jsure/BoundedFIFO.java"
	 file="file:/C:/work/jsure-test-update-script-workspace/BoundedFIFOJSure/src/com/surelogic/jsure/BoundedFIFO.java"
	 hash="-605820861"
	 context="178982695"
	 id="571"
	 message="Lock &quot;&lt;this&gt;:BufLock&quot; held when accessing this.next"
	 category="protected field access(es)"
	 result-type="LockAnalysis_ds_FieldAccessAssured"
	 message-id="(203,&lt;this&gt;:BufLock,this.next,null)"
	 consistent="true"
	 proved-consistent="true"
	 full-type="edu.cmu.cs.fluid.sea.ResultDrop"/>

<promise-drop type="RequiresLockPromiseDrop"
	 offset="1832"
	 line="71"
	 path="BoundedFIFOJSure/src/com/surelogic/jsure/BoundedFIFO.java"
	 uri="file:/C:/work/jsure-test-update-script-workspace/BoundedFIFOJSure/src/com/surelogic/jsure/BoundedFIFO.java"
	 file="file:/C:/work/jsure-test-update-script-workspace/BoundedFIFOJSure/src/com/surelogic/jsure/BoundedFIFO.java"
	 hash="1420648169"
	 context="-398113170"
	 virtual="true"
	 id="572"
	 message="RequiresLock BufLock on com.surelogic.jsure.BoundedFIFO.put(com.surelogic.jsure.LoggingEvent)"
	 category="lock precondition(s)"
	 to-be-checked-by-analysis="true"
	 from-src="true"
	 message-id="(102,RequiresLock BufLock,com.surelogic.jsure.BoundedFIFO.put(com.surelogic.jsure.LoggingEvent))"
	 checked-by-analysis="true"
	 proved-consistent="true"
	 full-type="edu.cmu.cs.fluid.sea.drops.promises.RequiresLockPromiseDrop"/>

<result-drop type="ResultDrop"
	 offset="733"
	 length="13"
	 line="40"
	 path="BoundedFIFOJSure/src/com/surelogic/jsure/BlockingFIFO.java"
	 uri="file:/C:/work/jsure-test-update-script-workspace/BoundedFIFOJSure/src/com/surelogic/jsure/BlockingFIFO.java"
	 file="file:/C:/work/jsure-test-update-script-workspace/BoundedFIFOJSure/src/com/surelogic/jsure/BlockingFIFO.java"
	 hash="-930704549"
	 context="-1610301880"
	 id="673"
	 message="Lock &quot;&lt;this.fifo&gt;:MUTEX&quot; held when invoking this.fifo.notify; precondition satisfied"
	 category="lock precondition(s) satisfied"
	 result-type="LockAnalysis_ds_PreconditionsAssured"
	 message-id="(207,&lt;this.fifo&gt;:MUTEX,this.fifo.notify,null)"
	 consistent="true"
	 proved-consistent="true"
	 full-type="edu.cmu.cs.fluid.sea.ResultDrop"/>

<result-drop type="ResultDrop"
	 offset="560"
	 length="13"
	 line="31"
	 path="BoundedFIFOJSure/src/com/surelogic/jsure/BlockingFIFO.java"
	 uri="file:/C:/work/jsure-test-update-script-workspace/BoundedFIFOJSure/src/com/surelogic/jsure/BlockingFIFO.java"
	 file="file:/C:/work/jsure-test-update-script-workspace/BoundedFIFOJSure/src/com/surelogic/jsure/BlockingFIFO.java"
	 hash="-997378312"
	 context="-676937499"
	 id="812"
	 message="Lock &quot;&lt;this.fifo&gt;:BufLock&quot; held when invoking this.fifo.length; precondition satisfied"
	 category="lock precondition(s) satisfied"
	 result-type="LockAnalysis_ds_PreconditionsAssured"
	 message-id="(207,&lt;this.fifo&gt;:BufLock,this.fifo.length,null)"
	 consistent="true"
	 proved-consistent="true"
	 full-type="edu.cmu.cs.fluid.sea.ResultDrop"/>

<promise-drop type="RequiresLockPromiseDrop"
	 offset="2229"
	 line="91"
	 path="BoundedFIFOJSure/src/com/surelogic/jsure/BoundedFIFO.java"
	 uri="file:/C:/work/jsure-test-update-script-workspace/BoundedFIFOJSure/src/com/surelogic/jsure/BoundedFIFO.java"
	 file="file:/C:/work/jsure-test-update-script-workspace/BoundedFIFOJSure/src/com/surelogic/jsure/BoundedFIFO.java"
	 hash="-619934927"
	 context="-1903378963"
	 virtual="true"
	 id="813"
	 message="RequiresLock BufLock on com.surelogic.jsure.BoundedFIFO.length()"
	 category="lock precondition(s)"
	 to-be-checked-by-analysis="true"
	 from-src="true"
	 message-id="(102,RequiresLock BufLock,com.surelogic.jsure.BoundedFIFO.length())"
	 checked-by-analysis="true"
	 proved-consistent="true"
	 full-type="edu.cmu.cs.fluid.sea.drops.promises.RequiresLockPromiseDrop"/>

<result-drop type="ResultDrop"
	 offset="1404"
	 length="7"
	 line="54"
	 path="BoundedFIFOJSure/src/com/surelogic/jsure/BoundedFIFO.java"
	 uri="file:/C:/work/jsure-test-update-script-workspace/BoundedFIFOJSure/src/com/surelogic/jsure/BoundedFIFO.java"
	 file="file:/C:/work/jsure-test-update-script-workspace/BoundedFIFOJSure/src/com/surelogic/jsure/BoundedFIFO.java"
	 hash="-110077252"
	 context="-968509295"
	 id="950"
	 message="Lock &quot;&lt;this&gt;:BufLock&quot; held when accessing this.numElts"
	 category="protected field access(es)"
	 result-type="LockAnalysis_ds_FieldAccessAssured"
	 message-id="(203,&lt;this&gt;:BufLock,this.numElts,null)"
	 consistent="true"
	 proved-consistent="true"
	 full-type="edu.cmu.cs.fluid.sea.ResultDrop"/>

<result-drop type="ResultDrop"
	 offset="1954"
	 length="7"
	 line="76"
	 path="BoundedFIFOJSure/src/com/surelogic/jsure/BoundedFIFO.java"
	 uri="file:/C:/work/jsure-test-update-script-workspace/BoundedFIFOJSure/src/com/surelogic/jsure/BoundedFIFO.java"
	 file="file:/C:/work/jsure-test-update-script-workspace/BoundedFIFOJSure/src/com/surelogic/jsure/BoundedFIFO.java"
	 hash="2135064005"
	 context="523364846"
	 id="975"
	 message="Lock &quot;&lt;this&gt;:BufLock&quot; held when accessing (this.numElts)"
	 category="protected field access(es)"
	 result-type="LockAnalysis_ds_FieldAccessAssured"
	 message-id="(203,&lt;this&gt;:BufLock,(this.numElts),null)"
	 consistent="true"
	 proved-consistent="true"
	 full-type="edu.cmu.cs.fluid.sea.ResultDrop"/>

<result-drop type="ResultDrop"
	 offset="1873"
	 length="7"
	 line="72"
	 path="BoundedFIFOJSure/src/com/surelogic/jsure/BoundedFIFO.java"
	 uri="file:/C:/work/jsure-test-update-script-workspace/BoundedFIFOJSure/src/com/surelogic/jsure/BoundedFIFO.java"
	 file="file:/C:/work/jsure-test-update-script-workspace/BoundedFIFOJSure/src/com/surelogic/jsure/BoundedFIFO.java"
	 hash="-110077252"
	 context="523364846"
	 id="991"
	 message="Lock &quot;&lt;this&gt;:BufLock&quot; held when accessing this.numElts"
	 category="protected field access(es)"
	 result-type="LockAnalysis_ds_FieldAccessAssured"
	 message-id="(203,&lt;this&gt;:BufLock,this.numElts,null)"
	 consistent="true"
	 proved-consistent="true"
	 full-type="edu.cmu.cs.fluid.sea.ResultDrop"/>

<ir-drop type="ProposedPromiseDrop"
	 offset="815"
	 length="19"
	 line="28"
	 path="BoundedFIFOJSure/src/com/surelogic/jsure/BoundedFIFO.java"
	 uri="file:/C:/work/jsure-test-update-script-workspace/BoundedFIFOJSure/src/com/surelogic/jsure/BoundedFIFO.java"
	 file="file:/C:/work/jsure-test-update-script-workspace/BoundedFIFOJSure/src/com/surelogic/jsure/BoundedFIFO.java"
	 hash="97907"
	 context="-728775891"
	 id="1038"
	 message="ProposedPromiseDrop @Unique()"
	 target-project="BoundedFIFOJSure"
	 java-annotation="@Unique"
	 annotation-type="Unique"
	 origin="MODEL"
	 from-project="BoundedFIFOJSure"
	 full-type="edu.cmu.cs.fluid.sea.ProposedPromiseDrop"/>

<result-drop type="ResultDrop"
	 offset="2952"
	 length="7"
	 line="117"
	 path="BoundedFIFOJSure/src/com/surelogic/jsure/BoundedFIFO.java"
	 uri="file:/C:/work/jsure-test-update-script-workspace/BoundedFIFOJSure/src/com/surelogic/jsure/BoundedFIFO.java"
	 file="file:/C:/work/jsure-test-update-script-workspace/BoundedFIFOJSure/src/com/surelogic/jsure/BoundedFIFO.java"
	 hash="-110077252"
	 context="-1783038560"
	 id="1097"
	 message="Lock &quot;&lt;this&gt;:BufLock&quot; held when accessing this.numElts"
	 category="protected field access(es)"
	 result-type="LockAnalysis_ds_FieldAccessAssured"
	 message-id="(203,&lt;this&gt;:BufLock,this.numElts,null)"
	 consistent="true"
	 proved-consistent="true"
	 full-type="edu.cmu.cs.fluid.sea.ResultDrop"/>

<promise-drop type="RequiresLockPromiseDrop"
	 offset="2916"
	 line="116"
	 path="BoundedFIFOJSure/src/com/surelogic/jsure/BoundedFIFO.java"
	 uri="file:/C:/work/jsure-test-update-script-workspace/BoundedFIFOJSure/src/com/surelogic/jsure/BoundedFIFO.java"
	 file="file:/C:/work/jsure-test-update-script-workspace/BoundedFIFOJSure/src/com/surelogic/jsure/BoundedFIFO.java"
	 hash="1874440324"
	 context="-134196960"
	 virtual="true"
	 id="1098"
	 message="RequiresLock BufLock on com.surelogic.jsure.BoundedFIFO.isFull()"
	 category="lock precondition(s)"
	 to-be-checked-by-analysis="true"
	 from-src="true"
	 message-id="(102,RequiresLock BufLock,com.surelogic.jsure.BoundedFIFO.isFull())"
	 checked-by-analysis="true"
	 proved-consistent="true"
	 full-type="edu.cmu.cs.fluid.sea.drops.promises.RequiresLockPromiseDrop"/>

<result-drop type="ResultDrop"
	 offset="1475"
	 length="5"
	 line="57"
	 path="BoundedFIFOJSure/src/com/surelogic/jsure/BoundedFIFO.java"
	 uri="file:/C:/work/jsure-test-update-script-workspace/BoundedFIFOJSure/src/com/surelogic/jsure/BoundedFIFO.java"
	 file="file:/C:/work/jsure-test-update-script-workspace/BoundedFIFOJSure/src/com/surelogic/jsure/BoundedFIFO.java"
	 hash="-1730436191"
	 context="1225240429"
	 id="1138"
	 message="Lock &quot;&lt;this&gt;:BufLock&quot; held when accessing (this.first)"
	 category="protected field access(es)"
	 result-type="LockAnalysis_ds_FieldAccessAssured"
	 message-id="(203,&lt;this&gt;:BufLock,(this.first),null)"
	 consistent="true"
	 proved-consistent="true"
	 full-type="edu.cmu.cs.fluid.sea.ResultDrop"/>

<ir-drop type="ProposedPromiseDrop"
	 offset="2229"
	 length="44"
	 line="91"
	 path="BoundedFIFOJSure/src/com/surelogic/jsure/BoundedFIFO.java"
	 uri="file:/C:/work/jsure-test-update-script-workspace/BoundedFIFOJSure/src/com/surelogic/jsure/BoundedFIFO.java"
	 file="file:/C:/work/jsure-test-update-script-workspace/BoundedFIFOJSure/src/com/surelogic/jsure/BoundedFIFO.java"
	 hash="-619934927"
	 context="-1903378963"
	 id="1159"
	 message="ProposedPromiseDrop @RegionEffects(reads this:Instance)"
	 target-project="BoundedFIFOJSure"
	 java-annotation="@RegionEffects(&quot;reads this:Instance&quot;)"
	 annotation-type="RegionEffects"
	 contents="reads this:Instance"
	 origin="CODE"
	 from-project="BoundedFIFOJSure"
	 full-type="edu.cmu.cs.fluid.sea.ProposedPromiseDrop"/>

<result-drop type="ResultDrop"
	 offset="839"
	 length="13"
	 line="48"
	 path="BoundedFIFOJSure/src/com/surelogic/jsure/BlockingFIFO.java"
	 uri="file:/C:/work/jsure-test-update-script-workspace/BoundedFIFOJSure/src/com/surelogic/jsure/BlockingFIFO.java"
	 file="file:/C:/work/jsure-test-update-script-workspace/BoundedFIFOJSure/src/com/surelogic/jsure/BlockingFIFO.java"
	 hash="-997378312"
	 context="-1760718439"
	 id="1321"
	 message="Lock &quot;&lt;this.fifo&gt;:BufLock&quot; held when invoking this.fifo.length; precondition satisfied"
	 category="lock precondition(s) satisfied"
	 result-type="LockAnalysis_ds_PreconditionsAssured"
	 message-id="(207,&lt;this.fifo&gt;:BufLock,this.fifo.length,null)"
	 consistent="true"
	 proved-consistent="true"
	 full-type="edu.cmu.cs.fluid.sea.ResultDrop"/>

<ir-drop type="ProposedPromiseDrop"
	 offset="172"
	 length="299"
	 line="10"
	 path="BoundedFIFOJSure/src/com/surelogic/jsure/BlockingFIFO.java"
	 uri="file:/C:/work/jsure-test-update-script-workspace/BoundedFIFOJSure/src/com/surelogic/jsure/BlockingFIFO.java"
	 file="file:/C:/work/jsure-test-update-script-workspace/BoundedFIFOJSure/src/com/surelogic/jsure/BlockingFIFO.java"
	 hash="955251951"
	 context="-1009164568"
	 id="1392"
	 message="ProposedPromiseDrop @RegionEffects(writes java.lang.Object:All)"
	 target-project="BoundedFIFOJSure"
	 java-annotation="@RegionEffects(&quot;writes java.lang.Object:All&quot;)"
	 annotation-type="RegionEffects"
	 contents="writes java.lang.Object:All"
	 origin="CODE"
	 from-project="BoundedFIFOJSure"
	 full-type="edu.cmu.cs.fluid.sea.ProposedPromiseDrop"/>

<promise-drop type="PromisePromiseDrop"
	 offset="749"
	 line="25"
	 path="BoundedFIFOJSure/src/com/surelogic/jsure/BoundedFIFO.java"
	 uri="file:/C:/work/jsure-test-update-script-workspace/BoundedFIFOJSure/src/com/surelogic/jsure/BoundedFIFO.java"
	 file="file:/C:/work/jsure-test-update-script-workspace/BoundedFIFOJSure/src/com/surelogic/jsure/BoundedFIFO.java"
	 hash="1990119280"
	 context="-1685491800"
	 id="1416"
	 message="Promise @RequiresLock(BufLock) for *(**)"
	 category="Scoped promises"
	 to-be-checked-by-analysis="true"
	 from-src="true"
	 checked-by-analysis="true"
	 proved-consistent="true"
	 full-type="edu.cmu.cs.fluid.sea.drops.promises.PromisePromiseDrop"/>

<promise-drop type="RequiresLockPromiseDrop"
	 offset="2692"
	 line="108"
	 path="BoundedFIFOJSure/src/com/surelogic/jsure/BoundedFIFO.java"
	 uri="file:/C:/work/jsure-test-update-script-workspace/BoundedFIFOJSure/src/com/surelogic/jsure/BoundedFIFO.java"
	 file="file:/C:/work/jsure-test-update-script-workspace/BoundedFIFOJSure/src/com/surelogic/jsure/BoundedFIFO.java"
	 hash="981319203"
	 context="-759745197"
	 virtual="true"
	 id="1443"
	 message="RequiresLock BufLock on com.surelogic.jsure.BoundedFIFO.wasFull()"
	 category="lock precondition(s)"
	 to-be-checked-by-analysis="true"
	 from-src="true"
	 message-id="(102,RequiresLock BufLock,com.surelogic.jsure.BoundedFIFO.wasFull())"
	 checked-by-analysis="true"
	 proved-consistent="true"
	 full-type="edu.cmu.cs.fluid.sea.drops.promises.RequiresLockPromiseDrop"/>

<result-drop type="ResultDrop"
	 offset="710"
	 length="14"
	 line="39"
	 path="BoundedFIFOJSure/src/com/surelogic/jsure/BlockingFIFO.java"
	 uri="file:/C:/work/jsure-test-update-script-workspace/BoundedFIFOJSure/src/com/surelogic/jsure/BlockingFIFO.java"
	 file="file:/C:/work/jsure-test-update-script-workspace/BoundedFIFOJSure/src/com/surelogic/jsure/BlockingFIFO.java"
	 hash="207768390"
	 context="-66014953"
	 id="1444"
	 message="Lock &quot;&lt;this.fifo&gt;:BufLock&quot; held when invoking this.fifo.wasFull; precondition satisfied"
	 category="lock precondition(s) satisfied"
	 result-type="LockAnalysis_ds_PreconditionsAssured"
	 message-id="(207,&lt;this.fifo&gt;:BufLock,this.fifo.wasFull,null)"
	 consistent="true"
	 proved-consistent="true"
	 full-type="edu.cmu.cs.fluid.sea.ResultDrop"/>

<result-drop type="ResultDrop"
	 offset="363"
	 length="11"
	 line="19"
	 path="BoundedFIFOJSure/src/com/surelogic/jsure/BlockingFIFO.java"
	 uri="file:/C:/work/jsure-test-update-script-workspace/BoundedFIFOJSure/src/com/surelogic/jsure/BlockingFIFO.java"
	 file="file:/C:/work/jsure-test-update-script-workspace/BoundedFIFOJSure/src/com/surelogic/jsure/BlockingFIFO.java"
	 hash="-867967697"
	 context="1902123371"
	 id="1547"
	 message="Lock &quot;&lt;this.fifo&gt;:BufLock&quot; held when invoking this.fifo.put(e); precondition satisfied"
	 category="lock precondition(s) satisfied"
	 result-type="LockAnalysis_ds_PreconditionsAssured"
	 message-id="(207,&lt;this.fifo&gt;:BufLock,this.fifo.put(e),null)"
	 consistent="true"
	 proved-consistent="true"
	 full-type="edu.cmu.cs.fluid.sea.ResultDrop"/>

<result-drop type="ResultDrop"
	 offset="2729"
	 length="7"
	 line="109"
	 path="BoundedFIFOJSure/src/com/surelogic/jsure/BoundedFIFO.java"
	 uri="file:/C:/work/jsure-test-update-script-workspace/BoundedFIFOJSure/src/com/surelogic/jsure/BoundedFIFO.java"
	 file="file:/C:/work/jsure-test-update-script-workspace/BoundedFIFOJSure/src/com/surelogic/jsure/BoundedFIFO.java"
	 hash="-110077252"
	 context="-334227245"
	 id="1580"
	 message="Lock &quot;&lt;this&gt;:BufLock&quot; held when accessing this.numElts"
	 category="protected field access(es)"
	 result-type="LockAnalysis_ds_FieldAccessAssured"
	 message-id="(203,&lt;this&gt;:BufLock,this.numElts,null)"
	 consistent="true"
	 proved-consistent="true"
	 full-type="edu.cmu.cs.fluid.sea.ResultDrop"/>

<result-drop type="ResultDrop"
	 offset="2963"
	 length="4"
	 line="117"
	 path="BoundedFIFOJSure/src/com/surelogic/jsure/BoundedFIFO.java"
	 uri="file:/C:/work/jsure-test-update-script-workspace/BoundedFIFOJSure/src/com/surelogic/jsure/BoundedFIFO.java"
	 file="file:/C:/work/jsure-test-update-script-workspace/BoundedFIFOJSure/src/com/surelogic/jsure/BoundedFIFO.java"
	 hash="-605668015"
	 context="-443932331"
	 id="1581"
	 message="Lock &quot;&lt;this&gt;:BufLock&quot; held when accessing this.size"
	 category="protected field access(es)"
	 result-type="LockAnalysis_ds_FieldAccessAssured"
	 message-id="(203,&lt;this&gt;:BufLock,this.size,null)"
	 consistent="true"
	 proved-consistent="true"
	 full-type="edu.cmu.cs.fluid.sea.ResultDrop"/>

<result-drop type="ResultDrop"
	 offset="1929"
	 length="4"
	 line="74"
	 path="BoundedFIFOJSure/src/com/surelogic/jsure/BoundedFIFO.java"
	 uri="file:/C:/work/jsure-test-update-script-workspace/BoundedFIFOJSure/src/com/surelogic/jsure/BoundedFIFO.java"
	 file="file:/C:/work/jsure-test-update-script-workspace/BoundedFIFOJSure/src/com/surelogic/jsure/BoundedFIFO.java"
	 hash="-605668015"
	 context="1653407321"
	 id="1582"
	 message="Lock &quot;&lt;this&gt;:BufLock&quot; held when accessing this.size"
	 category="protected field access(es)"
	 result-type="LockAnalysis_ds_FieldAccessAssured"
	 message-id="(203,&lt;this&gt;:BufLock,this.size,null)"
	 consistent="true"
	 proved-consistent="true"
	 full-type="edu.cmu.cs.fluid.sea.ResultDrop"/>

<result-drop type="ResultDrop"
	 offset="1185"
	 length="9"
	 line="45"
	 path="BoundedFIFOJSure/src/com/surelogic/jsure/BoundedFIFO.java"
	 uri="file:/C:/work/jsure-test-update-script-workspace/BoundedFIFOJSure/src/com/surelogic/jsure/BoundedFIFO.java"
	 file="file:/C:/work/jsure-test-update-script-workspace/BoundedFIFOJSure/src/com/surelogic/jsure/BoundedFIFO.java"
	 hash="-605668015"
	 context="1385517012"
	 id="1583"
	 message="Acting as if lock &quot;&lt;this&gt;:BufLock&quot; were held when accessing this.size (occurs within a thread-confined constructor)"
	 category="protected field access(es)"
	 result-type="LockAnalysis_ds_FieldAccessOkayThreadConfined"
	 message-id="(246,&lt;this&gt;:BufLock,this.size,null)"
	 or-proved-consistent="true"
	 consistent="true"
	 proved-consistent="true"
	 full-type="edu.cmu.cs.fluid.sea.ResultDrop"/>

<result-drop type="ResultDrop"
	 offset="1508"
	 length="7"
	 line="59"
	 path="BoundedFIFOJSure/src/com/surelogic/jsure/BoundedFIFO.java"
	 uri="file:/C:/work/jsure-test-update-script-workspace/BoundedFIFOJSure/src/com/surelogic/jsure/BoundedFIFO.java"
	 file="file:/C:/work/jsure-test-update-script-workspace/BoundedFIFOJSure/src/com/surelogic/jsure/BoundedFIFO.java"
	 hash="2135064005"
	 context="-968509295"
	 id="1584"
	 message="Lock &quot;&lt;this&gt;:BufLock&quot; held when accessing (this.numElts)"
	 category="protected field access(es)"
	 result-type="LockAnalysis_ds_FieldAccessAssured"
	 message-id="(203,&lt;this&gt;:BufLock,(this.numElts),null)"
	 consistent="true"
	 proved-consistent="true"
	 full-type="edu.cmu.cs.fluid.sea.ResultDrop"/>

<result-drop type="ResultDrop"
	 offset="1484"
	 length="4"
	 line="57"
	 path="BoundedFIFOJSure/src/com/surelogic/jsure/BoundedFIFO.java"
	 uri="file:/C:/work/jsure-test-update-script-workspace/BoundedFIFOJSure/src/com/surelogic/jsure/BoundedFIFO.java"
	 file="file:/C:/work/jsure-test-update-script-workspace/BoundedFIFOJSure/src/com/surelogic/jsure/BoundedFIFO.java"
	 hash="-605668015"
	 context="242563324"
	 id="1585"
	 message="Lock &quot;&lt;this&gt;:BufLock&quot; held when accessing this.size"
	 category="protected field access(es)"
	 result-type="LockAnalysis_ds_FieldAccessAssured"
	 message-id="(203,&lt;this&gt;:BufLock,this.size,null)"
	 consistent="true"
	 proved-consistent="true"
	 full-type="edu.cmu.cs.fluid.sea.ResultDrop"/>

<result-drop type="ResultDrop"
	 offset="1896"
	 length="3"
	 line="73"
	 path="BoundedFIFOJSure/src/com/surelogic/jsure/BoundedFIFO.java"
	 uri="file:/C:/work/jsure-test-update-script-workspace/BoundedFIFOJSure/src/com/surelogic/jsure/BoundedFIFO.java"
	 file="file:/C:/work/jsure-test-update-script-workspace/BoundedFIFOJSure/src/com/surelogic/jsure/BoundedFIFO.java"
	 hash="1227372323"
	 context="289942439"
	 id="1586"
	 message="Lock &quot;&lt;this&gt;:BufLock&quot; held when accessing this.buf"
	 category="protected field access(es)"
	 result-type="LockAnalysis_ds_FieldAccessAssured"
	 message-id="(203,&lt;this&gt;:BufLock,this.buf,null)"
	 consistent="true"
	 proved-consistent="true"
	 full-type="edu.cmu.cs.fluid.sea.ResultDrop"/>

<result-drop type="ResultDrop"
	 offset="2261"
	 length="7"
	 line="92"
	 path="BoundedFIFOJSure/src/com/surelogic/jsure/BoundedFIFO.java"
	 uri="file:/C:/work/jsure-test-update-script-workspace/BoundedFIFOJSure/src/com/surelogic/jsure/BoundedFIFO.java"
	 file="file:/C:/work/jsure-test-update-script-workspace/BoundedFIFOJSure/src/com/surelogic/jsure/BoundedFIFO.java"
	 hash="-110077252"
	 context="742746733"
	 id="1587"
	 message="Lock &quot;&lt;this&gt;:BufLock&quot; held when accessing this.numElts"
	 category="protected field access(es)"
	 result-type="LockAnalysis_ds_FieldAccessAssured"
	 message-id="(203,&lt;this&gt;:BufLock,this.numElts,null)"
	 consistent="true"
	 proved-consistent="true"
	 full-type="edu.cmu.cs.fluid.sea.ResultDrop"/>

<result-drop type="ResultDrop"
	 offset="870"
	 length="1"
	 line="31"
	 path="BoundedFIFOJSure/src/com/surelogic/jsure/BoundedFIFO.java"
	 uri="file:/C:/work/jsure-test-update-script-workspace/BoundedFIFOJSure/src/com/surelogic/jsure/BoundedFIFO.java"
	 file="file:/C:/work/jsure-test-update-script-workspace/BoundedFIFOJSure/src/com/surelogic/jsure/BoundedFIFO.java"
	 hash="131428253"
	 context="-270610198"
	 id="1588"
	 message="Acting as if lock &quot;&lt;this&gt;:BufLock&quot; were held when accessing first = 0 (occurs within a thread-confined constructor)"
	 category="protected field access(es)"
	 result-type="LockAnalysis_ds_FieldAccessOkayThreadConfined"
	 message-id="(246,&lt;this&gt;:BufLock,first = 0,null)"
	 or-proved-consistent="true"
	 consistent="true"
	 proved-consistent="true"
	 full-type="edu.cmu.cs.fluid.sea.ResultDrop"/>

<result-drop type="ResultDrop"
	 offset="853"
	 length="1"
	 line="30"
	 path="BoundedFIFOJSure/src/com/surelogic/jsure/BoundedFIFO.java"
	 uri="file:/C:/work/jsure-test-update-script-workspace/BoundedFIFOJSure/src/com/surelogic/jsure/BoundedFIFO.java"
	 file="file:/C:/work/jsure-test-update-script-workspace/BoundedFIFOJSure/src/com/surelogic/jsure/BoundedFIFO.java"
	 hash="-568260359"
	 context="784257478"
	 id="1589"
	 message="Acting as if lock &quot;&lt;this&gt;:BufLock&quot; were held when accessing numElts = 0 (occurs within a thread-confined constructor)"
	 category="protected field access(es)"
	 result-type="LockAnalysis_ds_FieldAccessOkayThreadConfined"
	 message-id="(246,&lt;this&gt;:BufLock,numElts = 0,null)"
	 or-proved-consistent="true"
	 consistent="true"
	 proved-consistent="true"
	 full-type="edu.cmu.cs.fluid.sea.ResultDrop"/>

<result-drop type="ResultDrop"
	 offset="1884"
	 length="4"
	 line="72"
	 path="BoundedFIFOJSure/src/com/surelogic/jsure/BoundedFIFO.java"
	 uri="file:/C:/work/jsure-test-update-script-workspace/BoundedFIFOJSure/src/com/surelogic/jsure/BoundedFIFO.java"
	 file="file:/C:/work/jsure-test-update-script-workspace/BoundedFIFOJSure/src/com/surelogic/jsure/BoundedFIFO.java"
	 hash="-605668015"
	 context="1653407321"
	 id="1590"
	 message="Lock &quot;&lt;this&gt;:BufLock&quot; held when accessing this.size"
	 category="protected field access(es)"
	 result-type="LockAnalysis_ds_FieldAccessAssured"
	 message-id="(203,&lt;this&gt;:BufLock,this.size,null)"
	 consistent="true"
	 proved-consistent="true"
	 full-type="edu.cmu.cs.fluid.sea.ResultDrop"/>

<result-drop type="ResultDrop"
	 offset="2744"
	 length="4"
	 line="109"
	 path="BoundedFIFOJSure/src/com/surelogic/jsure/BoundedFIFO.java"
	 uri="file:/C:/work/jsure-test-update-script-workspace/BoundedFIFOJSure/src/com/surelogic/jsure/BoundedFIFO.java"
	 file="file:/C:/work/jsure-test-update-script-workspace/BoundedFIFOJSure/src/com/surelogic/jsure/BoundedFIFO.java"
	 hash="-605668015"
	 context="-1771607106"
	 id="1591"
	 message="Lock &quot;&lt;this&gt;:BufLock&quot; held when accessing this.size"
	 category="protected field access(es)"
	 result-type="LockAnalysis_ds_FieldAccessAssured"
	 message-id="(203,&lt;this&gt;:BufLock,this.size,null)"
	 consistent="true"
	 proved-consistent="true"
	 full-type="edu.cmu.cs.fluid.sea.ResultDrop"/>

<result-drop type="ResultDrop"
	 offset="1921"
	 length="4"
	 line="74"
	 path="BoundedFIFOJSure/src/com/surelogic/jsure/BoundedFIFO.java"
	 uri="file:/C:/work/jsure-test-update-script-workspace/BoundedFIFOJSure/src/com/surelogic/jsure/BoundedFIFO.java"
	 file="file:/C:/work/jsure-test-update-script-workspace/BoundedFIFOJSure/src/com/surelogic/jsure/BoundedFIFO.java"
	 hash="-464187794"
	 context="178982695"
	 id="1592"
	 message="Lock &quot;&lt;this&gt;:BufLock&quot; held when accessing (this.next)"
	 category="protected field access(es)"
	 result-type="LockAnalysis_ds_FieldAccessAssured"
	 message-id="(203,&lt;this&gt;:BufLock,(this.next),null)"
	 consistent="true"
	 proved-consistent="true"
	 full-type="edu.cmu.cs.fluid.sea.ResultDrop"/>

<result-drop type="ResultDrop"
	 offset="2067"
	 length="4"
	 line="84"
	 path="BoundedFIFOJSure/src/com/surelogic/jsure/BoundedFIFO.java"
	 uri="file:/C:/work/jsure-test-update-script-workspace/BoundedFIFOJSure/src/com/surelogic/jsure/BoundedFIFO.java"
	 file="file:/C:/work/jsure-test-update-script-workspace/BoundedFIFOJSure/src/com/surelogic/jsure/BoundedFIFO.java"
	 hash="-605668015"
	 context="-1105696053"
	 id="1593"
	 message="Lock &quot;&lt;this&gt;:BufLock&quot; held when accessing this.size"
	 category="protected field access(es)"
	 result-type="LockAnalysis_ds_FieldAccessAssured"
	 message-id="(203,&lt;this&gt;:BufLock,this.size,null)"
	 consistent="true"
	 proved-consistent="true"
	 full-type="edu.cmu.cs.fluid.sea.ResultDrop"/>

<result-drop type="ResultDrop"
	 offset="886"
	 length="1"
	 line="32"
	 path="BoundedFIFOJSure/src/com/surelogic/jsure/BoundedFIFO.java"
	 uri="file:/C:/work/jsure-test-update-script-workspace/BoundedFIFOJSure/src/com/surelogic/jsure/BoundedFIFO.java"
	 file="file:/C:/work/jsure-test-update-script-workspace/BoundedFIFOJSure/src/com/surelogic/jsure/BoundedFIFO.java"
	 hash="1422806624"
	 context="-1116873351"
	 id="1594"
	 message="Acting as if lock &quot;&lt;this&gt;:BufLock&quot; were held when accessing next = 0 (occurs within a thread-confined constructor)"
	 category="protected field access(es)"
	 result-type="LockAnalysis_ds_FieldAccessOkayThreadConfined"
	 message-id="(246,&lt;this&gt;:BufLock,next = 0,null)"
	 or-proved-consistent="true"
	 consistent="true"
	 proved-consistent="true"
	 full-type="edu.cmu.cs.fluid.sea.ResultDrop"/>

<result-drop type="ResultDrop"
	 offset="1900"
	 length="4"
	 line="73"
	 path="BoundedFIFOJSure/src/com/surelogic/jsure/BoundedFIFO.java"
	 uri="file:/C:/work/jsure-test-update-script-workspace/BoundedFIFOJSure/src/com/surelogic/jsure/BoundedFIFO.java"
	 file="file:/C:/work/jsure-test-update-script-workspace/BoundedFIFOJSure/src/com/surelogic/jsure/BoundedFIFO.java"
	 hash="-605820861"
	 context="178982695"
	 id="1595"
	 message="Lock &quot;&lt;this&gt;:BufLock&quot; held when accessing this.next"
	 category="protected field access(es)"
	 result-type="LockAnalysis_ds_FieldAccessAssured"
	 message-id="(203,&lt;this&gt;:BufLock,this.next,null)"
	 consistent="true"
	 proved-consistent="true"
	 full-type="edu.cmu.cs.fluid.sea.ResultDrop"/>

<result-drop type="ResultDrop"
	 offset="1455"
	 length="3"
	 line="56"
	 path="BoundedFIFOJSure/src/com/surelogic/jsure/BoundedFIFO.java"
	 uri="file:/C:/work/jsure-test-update-script-workspace/BoundedFIFOJSure/src/com/surelogic/jsure/BoundedFIFO.java"
	 file="file:/C:/work/jsure-test-update-script-workspace/BoundedFIFOJSure/src/com/surelogic/jsure/BoundedFIFO.java"
	 hash="1227372323"
	 context="-1096173211"
	 id="1596"
	 message="Lock &quot;&lt;this&gt;:BufLock&quot; held when accessing this.buf"
	 category="protected field access(es)"
	 result-type="LockAnalysis_ds_FieldAccessAssured"
	 message-id="(203,&lt;this&gt;:BufLock,this.buf,null)"
	 consistent="true"
	 proved-consistent="true"
	 full-type="edu.cmu.cs.fluid.sea.ResultDrop"/>

<result-drop type="ResultDrop"
	 offset="1206"
	 length="3"
	 line="46"
	 path="BoundedFIFOJSure/src/com/surelogic/jsure/BoundedFIFO.java"
	 uri="file:/C:/work/jsure-test-update-script-workspace/BoundedFIFOJSure/src/com/surelogic/jsure/BoundedFIFO.java"
	 file="file:/C:/work/jsure-test-update-script-workspace/BoundedFIFOJSure/src/com/surelogic/jsure/BoundedFIFO.java"
	 hash="1227372323"
	 context="435203526"
	 id="1597"
	 message="Acting as if lock &quot;&lt;this&gt;:BufLock&quot; were held when accessing this.buf (occurs within a thread-confined constructor)"
	 category="protected field access(es)"
	 result-type="LockAnalysis_ds_FieldAccessOkayThreadConfined"
	 message-id="(246,&lt;this&gt;:BufLock,this.buf,null)"
	 or-proved-consistent="true"
	 consistent="true"
	 proved-consistent="true"
	 full-type="edu.cmu.cs.fluid.sea.ResultDrop"/>

<result-drop type="ResultDrop"
	 offset="1494"
	 length="5"
	 line="58"
	 path="BoundedFIFOJSure/src/com/surelogic/jsure/BoundedFIFO.java"
	 uri="file:/C:/work/jsure-test-update-script-workspace/BoundedFIFOJSure/src/com/surelogic/jsure/BoundedFIFO.java"
	 file="file:/C:/work/jsure-test-update-script-workspace/BoundedFIFOJSure/src/com/surelogic/jsure/BoundedFIFO.java"
	 hash="-1607852192"
	 context="1225240429"
	 id="1598"
	 message="Lock &quot;&lt;this&gt;:BufLock&quot; held when accessing this.first"
	 category="protected field access(es)"
	 result-type="LockAnalysis_ds_FieldAccessAssured"
	 message-id="(203,&lt;this&gt;:BufLock,this.first,null)"
	 consistent="true"
	 proved-consistent="true"
	 full-type="edu.cmu.cs.fluid.sea.ResultDrop"/>

<result-drop type="ResultDrop"
	 offset="2505"
	 length="7"
	 line="101"
	 path="BoundedFIFOJSure/src/com/surelogic/jsure/BoundedFIFO.java"
	 uri="file:/C:/work/jsure-test-update-script-workspace/BoundedFIFOJSure/src/com/surelogic/jsure/BoundedFIFO.java"
	 file="file:/C:/work/jsure-test-update-script-workspace/BoundedFIFOJSure/src/com/surelogic/jsure/BoundedFIFO.java"
	 hash="-110077252"
	 context="1411330667"
	 id="1599"
	 message="Lock &quot;&lt;this&gt;:BufLock&quot; held when accessing this.numElts"
	 category="protected field access(es)"
	 result-type="LockAnalysis_ds_FieldAccessAssured"
	 message-id="(203,&lt;this&gt;:BufLock,this.numElts,null)"
	 consistent="true"
	 proved-consistent="true"
	 full-type="edu.cmu.cs.fluid.sea.ResultDrop"/>

<result-drop type="ResultDrop"
	 offset="690"
	 length="10"
	 line="38"
	 path="BoundedFIFOJSure/src/com/surelogic/jsure/BlockingFIFO.java"
	 uri="file:/C:/work/jsure-test-update-script-workspace/BoundedFIFOJSure/src/com/surelogic/jsure/BlockingFIFO.java"
	 file="file:/C:/work/jsure-test-update-script-workspace/BoundedFIFOJSure/src/com/surelogic/jsure/BlockingFIFO.java"
	 hash="1896373380"
	 context="-20388523"
	 id="1700"
	 message="Lock &quot;&lt;this.fifo&gt;:BufLock&quot; held when invoking this.fifo.get; precondition satisfied"
	 category="lock precondition(s) satisfied"
	 result-type="LockAnalysis_ds_PreconditionsAssured"
	 message-id="(207,&lt;this.fifo&gt;:BufLock,this.fifo.get,null)"
	 consistent="true"
	 proved-consistent="true"
	 full-type="edu.cmu.cs.fluid.sea.ResultDrop"/>

<ir-drop type="ProposedPromiseDrop"
	 offset="1369"
	 length="166"
	 line="53"
	 path="BoundedFIFOJSure/src/com/surelogic/jsure/BoundedFIFO.java"
	 uri="file:/C:/work/jsure-test-update-script-workspace/BoundedFIFOJSure/src/com/surelogic/jsure/BoundedFIFO.java"
	 file="file:/C:/work/jsure-test-update-script-workspace/BoundedFIFOJSure/src/com/surelogic/jsure/BoundedFIFO.java"
	 hash="-1878828405"
	 context="-269806319"
	 id="1878"
	 message="ProposedPromiseDrop @RegionEffects(reads any(java.lang.Object):Instance; writes this:Instance)"
	 target-project="BoundedFIFOJSure"
	 java-annotation="@RegionEffects(&quot;reads any(java.lang.Object):Instance; writes this:Instance&quot;)"
	 annotation-type="RegionEffects"
	 contents="reads any(java.lang.Object):Instance; writes this:Instance"
	 origin="CODE"
	 from-project="BoundedFIFOJSure"
	 full-type="edu.cmu.cs.fluid.sea.ProposedPromiseDrop"/>

<ir-drop type="ProposedPromiseDrop"
	 offset="2692"
	 length="61"
	 line="108"
	 path="BoundedFIFOJSure/src/com/surelogic/jsure/BoundedFIFO.java"
	 uri="file:/C:/work/jsure-test-update-script-workspace/BoundedFIFOJSure/src/com/surelogic/jsure/BoundedFIFO.java"
	 file="file:/C:/work/jsure-test-update-script-workspace/BoundedFIFOJSure/src/com/surelogic/jsure/BoundedFIFO.java"
	 hash="981319203"
	 context="-759745197"
	 id="1916"
	 message="ProposedPromiseDrop @RegionEffects(reads this:Instance)"
	 target-project="BoundedFIFOJSure"
	 java-annotation="@RegionEffects(&quot;reads this:Instance&quot;)"
	 annotation-type="RegionEffects"
	 contents="reads this:Instance"
	 origin="CODE"
	 from-project="BoundedFIFOJSure"
	 full-type="edu.cmu.cs.fluid.sea.ProposedPromiseDrop"/>

<promise-drop type="RequiresLockPromiseDrop"
	 offset="2031"
	 line="83"
	 path="BoundedFIFOJSure/src/com/surelogic/jsure/BoundedFIFO.java"
	 uri="file:/C:/work/jsure-test-update-script-workspace/BoundedFIFOJSure/src/com/surelogic/jsure/BoundedFIFO.java"
	 file="file:/C:/work/jsure-test-update-script-workspace/BoundedFIFOJSure/src/com/surelogic/jsure/BoundedFIFO.java"
	 hash="800772265"
	 context="1191951638"
	 virtual="true"
	 id="1952"
	 message="RequiresLock BufLock on com.surelogic.jsure.BoundedFIFO.getMaxSize()"
	 category="lock precondition(s)"
	 to-be-checked-by-analysis="true"
	 from-src="true"
	 message-id="(102,RequiresLock BufLock,com.surelogic.jsure.BoundedFIFO.getMaxSize())"
	 checked-by-analysis="true"
	 proved-consistent="true"
	 full-type="edu.cmu.cs.fluid.sea.drops.promises.RequiresLockPromiseDrop"/>

<ir-drop type="WarningDrop"
	 offset="1455"
	 length="9"
	 line="56"
	 path="BoundedFIFOJSure/src/com/surelogic/jsure/BoundedFIFO.java"
	 uri="file:/C:/work/jsure-test-update-script-workspace/BoundedFIFOJSure/src/com/surelogic/jsure/BoundedFIFO.java"
	 file="file:/C:/work/jsure-test-update-script-workspace/BoundedFIFOJSure/src/com/surelogic/jsure/BoundedFIFO.java"
	 hash="-49834690"
	 context="-554947668"
	 id="1993"
	 message="Field reference &quot;this.buf [ this.next ]&quot; may be to a shared unprotected object"
	 category="protected reference(s) to a possibly shared unprotected object; possible race condition detected"
	 message-id="(201,this.buf [ this.next ])"
	 result-type="LockAnalysis_ds_AggregationNeeded"
	 full-type="edu.cmu.cs.fluid.sea.WarningDrop"/>

<result-drop type="ResultDrop"
	 offset="450"
	 length="11"
	 line="24"
	 path="BoundedFIFOJSure/src/com/surelogic/jsure/BlockingFIFO.java"
	 uri="file:/C:/work/jsure-test-update-script-workspace/BoundedFIFOJSure/src/com/surelogic/jsure/BlockingFIFO.java"
	 file="file:/C:/work/jsure-test-update-script-workspace/BoundedFIFOJSure/src/com/surelogic/jsure/BlockingFIFO.java"
	 hash="-867967697"
	 context="1902123371"
	 id="1995"
	 message="Lock &quot;&lt;this.fifo&gt;:BufLock&quot; held when invoking this.fifo.put(e); precondition satisfied"
	 category="lock precondition(s) satisfied"
	 result-type="LockAnalysis_ds_PreconditionsAssured"
	 message-id="(207,&lt;this.fifo&gt;:BufLock,this.fifo.put(e),null)"
	 consistent="true"
	 proved-consistent="true"
	 full-type="edu.cmu.cs.fluid.sea.ResultDrop"/>

<result-drop type="ResultDrop"
	 offset="433"
	 length="11"
	 line="23"
	 path="BoundedFIFOJSure/src/com/surelogic/jsure/BlockingFIFO.java"
	 uri="file:/C:/work/jsure-test-update-script-workspace/BoundedFIFOJSure/src/com/surelogic/jsure/BlockingFIFO.java"
	 file="file:/C:/work/jsure-test-update-script-workspace/BoundedFIFOJSure/src/com/surelogic/jsure/BlockingFIFO.java"
	 hash="-867967697"
	 context="1902123371"
	 id="1996"
	 message="Lock &quot;&lt;this.fifo&gt;:BufLock&quot; held when invoking this.fifo.put(e); precondition satisfied"
	 category="lock precondition(s) satisfied"
	 result-type="LockAnalysis_ds_PreconditionsAssured"
	 message-id="(207,&lt;this.fifo&gt;:BufLock,this.fifo.put(e),null)"
	 consistent="true"
	 proved-consistent="true"
	 full-type="edu.cmu.cs.fluid.sea.ResultDrop"/>

<result-drop type="ResultDrop"
	 offset="408"
	 length="13"
	 line="21"
	 path="BoundedFIFOJSure/src/com/surelogic/jsure/BlockingFIFO.java"
	 uri="file:/C:/work/jsure-test-update-script-workspace/BoundedFIFOJSure/src/com/surelogic/jsure/BlockingFIFO.java"
	 file="file:/C:/work/jsure-test-update-script-workspace/BoundedFIFOJSure/src/com/surelogic/jsure/BlockingFIFO.java"
	 hash="-930704549"
	 context="1758745509"
	 id="2014"
	 message="Lock &quot;&lt;this.fifo&gt;:MUTEX&quot; held when invoking this.fifo.notify; precondition satisfied"
	 category="lock precondition(s) satisfied"
	 result-type="LockAnalysis_ds_PreconditionsAssured"
	 message-id="(207,&lt;this.fifo&gt;:MUTEX,this.fifo.notify,null)"
	 consistent="true"
	 proved-consistent="true"
	 full-type="edu.cmu.cs.fluid.sea.ResultDrop"/>

<ir-drop type="ProposedPromiseDrop"
	 offset="2467"
	 length="55"
	 line="100"
	 path="BoundedFIFOJSure/src/com/surelogic/jsure/BoundedFIFO.java"
	 uri="file:/C:/work/jsure-test-update-script-workspace/BoundedFIFOJSure/src/com/surelogic/jsure/BoundedFIFO.java"
	 file="file:/C:/work/jsure-test-update-script-workspace/BoundedFIFOJSure/src/com/surelogic/jsure/BoundedFIFO.java"
	 hash="-1390514151"
	 context="1105176043"
	 id="2165"
	 message="ProposedPromiseDrop @RegionEffects(reads this:Instance)"
	 target-project="BoundedFIFOJSure"
	 java-annotation="@RegionEffects(&quot;reads this:Instance&quot;)"
	 annotation-type="RegionEffects"
	 contents="reads this:Instance"
	 origin="CODE"
	 from-project="BoundedFIFOJSure"
	 full-type="edu.cmu.cs.fluid.sea.ProposedPromiseDrop"/>

<result-drop type="ResultDrop"
	 offset="1126"
	 line="43"
	 path="BoundedFIFOJSure/src/com/surelogic/jsure/BoundedFIFO.java"
	 uri="file:/C:/work/jsure-test-update-script-workspace/BoundedFIFOJSure/src/com/surelogic/jsure/BoundedFIFO.java"
	 file="file:/C:/work/jsure-test-update-script-workspace/BoundedFIFOJSure/src/com/surelogic/jsure/BoundedFIFO.java"
	 hash="109801339"
	 context="-1313831777"
	 id="2172"
	 message="Effects of call super"
	 result-type="UniquenessAssurance_effectOfCallDrop"
	 message-id="(304,super)"
	 proved-consistent="true"
	 consistent="true"
	 full-type="edu.cmu.cs.fluid.sea.ResultDrop"/>

<ir-drop type="ProposedPromiseDrop"
	 offset="99"
	 length="68"
	 line="6"
	 path="BoundedFIFOJSure/src/com/surelogic/jsure/BlockingFIFO.java"
	 uri="file:/C:/work/jsure-test-update-script-workspace/BoundedFIFOJSure/src/com/surelogic/jsure/BlockingFIFO.java"
	 file="file:/C:/work/jsure-test-update-script-workspace/BoundedFIFOJSure/src/com/surelogic/jsure/BlockingFIFO.java"
	 hash="1659404402"
	 context="485168373"
	 id="2225"
	 message="ProposedPromiseDrop @RegionEffects(writes java.lang.Object:All)"
	 target-project="BoundedFIFOJSure"
	 java-annotation="@RegionEffects(&quot;writes java.lang.Object:All&quot;)"
	 annotation-type="RegionEffects"
	 contents="writes java.lang.Object:All"
	 origin="CODE"
	 from-project="BoundedFIFOJSure"
	 full-type="edu.cmu.cs.fluid.sea.ProposedPromiseDrop"/>

<ir-drop type="ProposedPromiseDrop"
	 offset="1832"
	 length="141"
	 line="71"
	 path="BoundedFIFOJSure/src/com/surelogic/jsure/BoundedFIFO.java"
	 uri="file:/C:/work/jsure-test-update-script-workspace/BoundedFIFOJSure/src/com/surelogic/jsure/BoundedFIFO.java"
	 file="file:/C:/work/jsure-test-update-script-workspace/BoundedFIFOJSure/src/com/surelogic/jsure/BoundedFIFO.java"
	 hash="1420648169"
	 context="-398113170"
	 id="2425"
	 message="ProposedPromiseDrop @RegionEffects(writes any(java.lang.Object):Instance)"
	 target-project="BoundedFIFOJSure"
	 java-annotation="@RegionEffects(&quot;writes any(java.lang.Object):Instance&quot;)"
	 annotation-type="RegionEffects"
	 contents="writes any(java.lang.Object):Instance"
	 origin="CODE"
	 from-project="BoundedFIFOJSure"
	 full-type="edu.cmu.cs.fluid.sea.ProposedPromiseDrop"/>

<result-drop type="ResultDrop"
	 offset="384"
	 length="15"
	 line="20"
	 path="BoundedFIFOJSure/src/com/surelogic/jsure/BlockingFIFO.java"
	 uri="file:/C:/work/jsure-test-update-script-workspace/BoundedFIFOJSure/src/com/surelogic/jsure/BlockingFIFO.java"
	 file="file:/C:/work/jsure-test-update-script-workspace/BoundedFIFOJSure/src/com/surelogic/jsure/BlockingFIFO.java"
	 hash="2144695158"
	 context="-1276457664"
	 id="2591"
	 message="Lock &quot;&lt;this.fifo&gt;:BufLock&quot; held when invoking this.fifo.wasEmpty; precondition satisfied"
	 category="lock precondition(s) satisfied"
	 result-type="LockAnalysis_ds_PreconditionsAssured"
	 message-id="(207,&lt;this.fifo&gt;:BufLock,this.fifo.wasEmpty,null)"
	 consistent="true"
	 proved-consistent="true"
	 full-type="edu.cmu.cs.fluid.sea.ResultDrop"/>

<promise-drop type="RequiresLockPromiseDrop"
	 offset="2467"
	 line="100"
	 path="BoundedFIFOJSure/src/com/surelogic/jsure/BoundedFIFO.java"
	 uri="file:/C:/work/jsure-test-update-script-workspace/BoundedFIFOJSure/src/com/surelogic/jsure/BoundedFIFO.java"
	 file="file:/C:/work/jsure-test-update-script-workspace/BoundedFIFOJSure/src/com/surelogic/jsure/BoundedFIFO.java"
	 hash="-1390514151"
	 context="1105176043"
	 virtual="true"
	 id="2592"
	 message="RequiresLock BufLock on com.surelogic.jsure.BoundedFIFO.wasEmpty()"
	 category="lock precondition(s)"
	 to-be-checked-by-analysis="true"
	 from-src="true"
	 message-id="(102,RequiresLock BufLock,com.surelogic.jsure.BoundedFIFO.wasEmpty())"
	 checked-by-analysis="true"
	 proved-consistent="true"
	 full-type="edu.cmu.cs.fluid.sea.drops.promises.RequiresLockPromiseDrop"/>

<result-drop type="ResultDrop"
	 offset="1150"
	 length="30"
	 line="44"
	 path="BoundedFIFOJSure/src/com/surelogic/jsure/BoundedFIFO.java"
	 uri="file:/C:/work/jsure-test-update-script-workspace/BoundedFIFOJSure/src/com/surelogic/jsure/BoundedFIFO.java"
	 file="file:/C:/work/jsure-test-update-script-workspace/BoundedFIFOJSure/src/com/surelogic/jsure/BoundedFIFO.java"
	 hash="1689055504"
	 context="-1313831777"
	 id="2606"
	 message="Effects of call new java.lang.IllegalArgumentException"
	 result-type="UniquenessAssurance_effectOfCallDrop"
	 message-id="(304,new java.lang.IllegalArgumentException)"
	 proved-consistent="true"
	 consistent="true"
	 full-type="edu.cmu.cs.fluid.sea.ResultDrop"/>

<result-drop type="ResultDrop"
	 offset="242"
	 length="13"
	 line="12"
	 path="BoundedFIFOJSure/src/com/surelogic/jsure/BlockingFIFO.java"
	 uri="file:/C:/work/jsure-test-update-script-workspace/BoundedFIFOJSure/src/com/surelogic/jsure/BlockingFIFO.java"
	 file="file:/C:/work/jsure-test-update-script-workspace/BoundedFIFOJSure/src/com/surelogic/jsure/BlockingFIFO.java"
	 hash="-1071514901"
	 context="-32330955"
	 id="2867"
	 message="Lock &quot;&lt;this.fifo&gt;:BufLock&quot; held when invoking this.fifo.isFull; precondition satisfied"
	 category="lock precondition(s) satisfied"
	 result-type="LockAnalysis_ds_PreconditionsAssured"
	 message-id="(207,&lt;this.fifo&gt;:BufLock,this.fifo.isFull,null)"
	 consistent="true"
	 proved-consistent="true"
	 full-type="edu.cmu.cs.fluid.sea.ResultDrop"/>

<ir-drop type="ProposedPromiseDrop"
	 offset="2916"
	 length="56"
	 line="116"
	 path="BoundedFIFOJSure/src/com/surelogic/jsure/BoundedFIFO.java"
	 uri="file:/C:/work/jsure-test-update-script-workspace/BoundedFIFOJSure/src/com/surelogic/jsure/BoundedFIFO.java"
	 file="file:/C:/work/jsure-test-update-script-workspace/BoundedFIFOJSure/src/com/surelogic/jsure/BoundedFIFO.java"
	 hash="1874440324"
	 context="-134196960"
	 id="3554"
	 message="ProposedPromiseDrop @RegionEffects(reads this:Instance)"
	 target-project="BoundedFIFOJSure"
	 java-annotation="@RegionEffects(&quot;reads this:Instance&quot;)"
	 annotation-type="RegionEffects"
	 contents="reads this:Instance"
	 origin="CODE"
	 from-project="BoundedFIFOJSure"
	 full-type="edu.cmu.cs.fluid.sea.ProposedPromiseDrop"/>

<ir-drop type="ProposedPromiseDrop"
	 offset="1072"
	 length="167"
	 line="41"
	 path="BoundedFIFOJSure/src/com/surelogic/jsure/BoundedFIFO.java"
	 uri="file:/C:/work/jsure-test-update-script-workspace/BoundedFIFOJSure/src/com/surelogic/jsure/BoundedFIFO.java"
	 file="file:/C:/work/jsure-test-update-script-workspace/BoundedFIFOJSure/src/com/surelogic/jsure/BoundedFIFO.java"
	 hash="88407834"
	 context="-1313831777"
	 id="3623"
	 message="ProposedPromiseDrop @RegionEffects(none)"
	 target-project="BoundedFIFOJSure"
	 java-annotation="@RegionEffects(&quot;none&quot;)"
	 annotation-type="RegionEffects"
	 contents="none"
	 origin="CODE"
	 from-project="BoundedFIFOJSure"
	 full-type="edu.cmu.cs.fluid.sea.ProposedPromiseDrop"/>

<ir-drop type="ProposedPromiseDrop"
	 offset="781"
	 length="81"
	 line="46"
	 path="BoundedFIFOJSure/src/com/surelogic/jsure/BlockingFIFO.java"
	 uri="file:/C:/work/jsure-test-update-script-workspace/BoundedFIFOJSure/src/com/surelogic/jsure/BlockingFIFO.java"
	 file="file:/C:/work/jsure-test-update-script-workspace/BoundedFIFOJSure/src/com/surelogic/jsure/BlockingFIFO.java"
	 hash="97438872"
	 context="1303360307"
	 id="3920"
	 message="ProposedPromiseDrop @RegionEffects(writes java.lang.Object:All)"
	 target-project="BoundedFIFOJSure"
	 java-annotation="@RegionEffects(&quot;writes java.lang.Object:All&quot;)"
	 annotation-type="RegionEffects"
	 contents="writes java.lang.Object:All"
	 origin="CODE"
	 from-project="BoundedFIFOJSure"
	 full-type="edu.cmu.cs.fluid.sea.ProposedPromiseDrop"/>

<ir-drop type="ProposedPromiseDrop"
	 offset="30"
	 line="3"
	 path="BoundedFIFOJSure/src/com/surelogic/jsure/LoggingEvent.java"
	 uri="file:/C:/work/jsure-test-update-script-workspace/BoundedFIFOJSure/src/com/surelogic/jsure/LoggingEvent.java"
	 file="file:/C:/work/jsure-test-update-script-workspace/BoundedFIFOJSure/src/com/surelogic/jsure/LoggingEvent.java"
	 hash="439958362"
	 context="-591630994"
	 id="4103"
	 message="ProposedPromiseDrop @RegionEffects(none)"
	 target-project="BoundedFIFOJSure"
	 java-annotation="@RegionEffects(&quot;none&quot;)"
	 annotation-type="RegionEffects"
	 contents="none"
	 origin="CODE"
	 from-project="BoundedFIFOJSure"
	 full-type="edu.cmu.cs.fluid.sea.ProposedPromiseDrop"/>

<ir-drop type="ProposedPromiseDrop"
	 offset="2031"
	 length="45"
	 line="83"
	 path="BoundedFIFOJSure/src/com/surelogic/jsure/BoundedFIFO.java"
	 uri="file:/C:/work/jsure-test-update-script-workspace/BoundedFIFOJSure/src/com/surelogic/jsure/BoundedFIFO.java"
	 file="file:/C:/work/jsure-test-update-script-workspace/BoundedFIFOJSure/src/com/surelogic/jsure/BoundedFIFO.java"
	 hash="800772265"
	 context="1191951638"
	 id="4412"
	 message="ProposedPromiseDrop @RegionEffects(reads this:Instance)"
	 target-project="BoundedFIFOJSure"
	 java-annotation="@RegionEffects(&quot;reads this:Instance&quot;)"
	 annotation-type="RegionEffects"
	 contents="reads this:Instance"
	 origin="CODE"
	 from-project="BoundedFIFOJSure"
	 full-type="edu.cmu.cs.fluid.sea.ProposedPromiseDrop"/>

<ir-drop type="ProposedPromiseDrop"
	 offset="476"
	 length="300"
	 line="28"
	 path="BoundedFIFOJSure/src/com/surelogic/jsure/BlockingFIFO.java"
	 uri="file:/C:/work/jsure-test-update-script-workspace/BoundedFIFOJSure/src/com/surelogic/jsure/BlockingFIFO.java"
	 file="file:/C:/work/jsure-test-update-script-workspace/BoundedFIFOJSure/src/com/surelogic/jsure/BlockingFIFO.java"
	 hash="2145759295"
	 context="78615947"
	 id="4472"
	 message="ProposedPromiseDrop @RegionEffects(writes java.lang.Object:All)"
	 target-project="BoundedFIFOJSure"
	 java-annotation="@RegionEffects(&quot;writes java.lang.Object:All&quot;)"
	 annotation-type="RegionEffects"
	 contents="writes java.lang.Object:All"
	 origin="CODE"
	 from-project="BoundedFIFOJSure"
	 full-type="edu.cmu.cs.fluid.sea.ProposedPromiseDrop"/>

</sea-summary>

