<?xml version='1.0' encoding='UTF-8' standalone='yes'?>
<sea-summary time="May 22, 2012 11:21:59 AM"
	 project="BoundedFIFOJSure">

<count WarningDrop="3"/>
<count LockModel="2"/>
<count PromisePromiseDrop="1"/>
<count ProposedPromiseDrop="25"/>
<count ResultDrop="40"/>
<count RequiresLockPromiseDrop="7"/>
<ir-drop type="ProposedPromiseDrop"
	 offset="94"
	 length="66"
	 line="6"
	 path="BoundedFIFOJSure/src/com/surelogic/jsure/BlockingFIFO.java"
	 uri="file:/C:/work/jsure-test-update-script-workspace/BoundedFIFOJSure/src/com/surelogic/jsure/BlockingFIFO.java"
	 file="file:/C:/work/jsure-test-update-script-workspace/BoundedFIFOJSure/src/com/surelogic/jsure/BlockingFIFO.java"
	 hash="1659404402"
	 context="485168373"
	 id="157"
	 message="ProposedPromiseDrop @RegionEffects(writes java.lang.Object:All)"
	 target-project="BoundedFIFOJSure"
	 java-annotation="@RegionEffects(&quot;writes java.lang.Object:All&quot;)"
	 annotation-type="RegionEffects"
	 contents="writes java.lang.Object:All"
	 origin="CODE"
	 from-project="BoundedFIFOJSure"
	 full-type="edu.cmu.cs.fluid.sea.ProposedPromiseDrop"/>

<result-drop type="ResultDrop"
	 offset="2485"
	 length="7"
	 line="100"
	 path="BoundedFIFOJSure/src/com/surelogic/jsure/BoundedFIFO.java"
	 uri="file:/C:/work/jsure-test-update-script-workspace/BoundedFIFOJSure/src/com/surelogic/jsure/BoundedFIFO.java"
	 file="file:/C:/work/jsure-test-update-script-workspace/BoundedFIFOJSure/src/com/surelogic/jsure/BoundedFIFO.java"
	 hash="-110077252"
	 context="1411330667"
	 id="537"
	 message="Lock &quot;&lt;this&gt;:BufLock&quot; held when accessing this.numElts"
	 category="protected field access(es)"
	 result-type="LockAnalysis_ds_FieldAccessAssured"
	 message-id="(203,&lt;this&gt;:BufLock,this.numElts,null)"
	 consistent="true"
	 full-type="edu.cmu.cs.fluid.sea.ResultDrop"/>

<promise-drop type="RequiresLockPromiseDrop"
	 offset="2447"
	 line="99"
	 path="BoundedFIFOJSure/src/com/surelogic/jsure/BoundedFIFO.java"
	 uri="file:/C:/work/jsure-test-update-script-workspace/BoundedFIFOJSure/src/com/surelogic/jsure/BoundedFIFO.java"
	 file="file:/C:/work/jsure-test-update-script-workspace/BoundedFIFOJSure/src/com/surelogic/jsure/BoundedFIFO.java"
	 hash="-1390514151"
	 context="1105176043"
	 virtual="true"
	 id="538"
	 message="RequiresLock BufLock on com.surelogic.jsure.BoundedFIFO.wasEmpty()"
	 category="lock precondition(s)"
	 to-be-checked-by-analysis="true"
	 from-src="true"
	 message-id="(102,RequiresLock BufLock,com.surelogic.jsure.BoundedFIFO.wasEmpty())"
	 checked-by-analysis="true"
	 full-type="edu.cmu.cs.fluid.sea.drops.promises.RequiresLockPromiseDrop"/>

<promise-drop type="LockModel"
	 offset="702"
	 line="25"
	 path="BoundedFIFOJSure/src/com/surelogic/jsure/BoundedFIFO.java"
	 uri="file:/C:/work/jsure-test-update-script-workspace/BoundedFIFOJSure/src/com/surelogic/jsure/BoundedFIFO.java"
	 file="file:/C:/work/jsure-test-update-script-workspace/BoundedFIFOJSure/src/com/surelogic/jsure/BoundedFIFO.java"
	 hash="1990119280"
	 context="-1685491800"
	 id="539"
	 message="RegionLock com.surelogic.jsure.BoundedFIFO.BufLock is this protects Instance on BoundedFIFO"
	 category="Concurrency"
	 to-be-checked-by-analysis="true"
	 from-src="true"
	 message-id="(100,com.surelogic.jsure.BoundedFIFO.BufLock,this,Instance,BoundedFIFO)"
	 checked-by-analysis="true"
	 full-type="edu.cmu.cs.fluid.sea.drops.promises.LockModel"/>

<result-drop type="ResultDrop"
	 offset="1474"
	 length="5"
	 line="57"
	 path="BoundedFIFOJSure/src/com/surelogic/jsure/BoundedFIFO.java"
	 uri="file:/C:/work/jsure-test-update-script-workspace/BoundedFIFOJSure/src/com/surelogic/jsure/BoundedFIFO.java"
	 file="file:/C:/work/jsure-test-update-script-workspace/BoundedFIFOJSure/src/com/surelogic/jsure/BoundedFIFO.java"
	 hash="-1607852192"
	 context="1225240429"
	 id="590"
	 message="Lock &quot;&lt;this&gt;:BufLock&quot; held when accessing this.first"
	 category="protected field access(es)"
	 result-type="LockAnalysis_ds_FieldAccessAssured"
	 message-id="(203,&lt;this&gt;:BufLock,this.first,null)"
	 consistent="true"
	 proved-consistent="true"
	 full-type="edu.cmu.cs.fluid.sea.ResultDrop"/>

<promise-drop type="RequiresLockPromiseDrop"
	 offset="1349"
	 line="52"
	 path="BoundedFIFOJSure/src/com/surelogic/jsure/BoundedFIFO.java"
	 uri="file:/C:/work/jsure-test-update-script-workspace/BoundedFIFOJSure/src/com/surelogic/jsure/BoundedFIFO.java"
	 file="file:/C:/work/jsure-test-update-script-workspace/BoundedFIFOJSure/src/com/surelogic/jsure/BoundedFIFO.java"
	 hash="-1878828405"
	 context="-269806319"
	 virtual="true"
	 id="591"
	 message="RequiresLock BufLock on com.surelogic.jsure.BoundedFIFO.get()"
	 category="lock precondition(s)"
	 to-be-checked-by-analysis="true"
	 from-src="true"
	 message-id="(102,RequiresLock BufLock,com.surelogic.jsure.BoundedFIFO.get())"
	 checked-by-analysis="true"
	 proved-consistent="true"
	 full-type="edu.cmu.cs.fluid.sea.drops.promises.RequiresLockPromiseDrop"/>

<result-drop type="ResultDrop"
	 offset="1488"
	 length="7"
	 line="58"
	 path="BoundedFIFOJSure/src/com/surelogic/jsure/BoundedFIFO.java"
	 uri="file:/C:/work/jsure-test-update-script-workspace/BoundedFIFOJSure/src/com/surelogic/jsure/BoundedFIFO.java"
	 file="file:/C:/work/jsure-test-update-script-workspace/BoundedFIFOJSure/src/com/surelogic/jsure/BoundedFIFO.java"
	 hash="2135064005"
	 context="-968509295"
	 id="636"
	 message="Lock &quot;&lt;this&gt;:BufLock&quot; held when accessing (this.numElts)"
	 category="protected field access(es)"
	 result-type="LockAnalysis_ds_FieldAccessAssured"
	 message-id="(203,&lt;this&gt;:BufLock,(this.numElts),null)"
	 consistent="true"
	 proved-consistent="true"
	 full-type="edu.cmu.cs.fluid.sea.ResultDrop"/>

<result-drop type="ResultDrop"
	 offset="411"
	 length="11"
	 line="23"
	 path="BoundedFIFOJSure/src/com/surelogic/jsure/BlockingFIFO.java"
	 uri="file:/C:/work/jsure-test-update-script-workspace/BoundedFIFOJSure/src/com/surelogic/jsure/BlockingFIFO.java"
	 file="file:/C:/work/jsure-test-update-script-workspace/BoundedFIFOJSure/src/com/surelogic/jsure/BlockingFIFO.java"
	 hash="-867967697"
	 context="1902123371"
	 id="641"
	 message="Lock &quot;&lt;this.fifo&gt;:BufLock&quot; not held when invoking this.fifo.put(e); precondition unsatisfied"
	 category="lock precondition(s) not satisfied; possible race conditions enabled"
	 message-id="(209,&lt;this.fifo&gt;:BufLock,this.fifo.put(e),null)"
	 result-type="LockAnalysis_ds_PreconditionsNotAssured"
	 full-type="edu.cmu.cs.fluid.sea.ResultDrop"/>

<promise-drop type="RequiresLockPromiseDrop"
	 offset="1812"
	 line="70"
	 path="BoundedFIFOJSure/src/com/surelogic/jsure/BoundedFIFO.java"
	 uri="file:/C:/work/jsure-test-update-script-workspace/BoundedFIFOJSure/src/com/surelogic/jsure/BoundedFIFO.java"
	 file="file:/C:/work/jsure-test-update-script-workspace/BoundedFIFOJSure/src/com/surelogic/jsure/BoundedFIFO.java"
	 hash="1420648169"
	 context="-398113170"
	 virtual="true"
	 id="642"
	 message="RequiresLock BufLock on com.surelogic.jsure.BoundedFIFO.put(com.surelogic.jsure.LoggingEvent)"
	 category="lock precondition(s)"
	 to-be-checked-by-analysis="true"
	 from-src="true"
	 message-id="(102,RequiresLock BufLock,com.surelogic.jsure.BoundedFIFO.put(com.surelogic.jsure.LoggingEvent))"
	 checked-by-analysis="true"
	 full-type="edu.cmu.cs.fluid.sea.drops.promises.RequiresLockPromiseDrop"/>

<ir-drop type="ProposedPromiseDrop"
	 offset="163"
	 length="283"
	 line="10"
	 path="BoundedFIFOJSure/src/com/surelogic/jsure/BlockingFIFO.java"
	 uri="file:/C:/work/jsure-test-update-script-workspace/BoundedFIFOJSure/src/com/surelogic/jsure/BlockingFIFO.java"
	 file="file:/C:/work/jsure-test-update-script-workspace/BoundedFIFOJSure/src/com/surelogic/jsure/BlockingFIFO.java"
	 hash="803008296"
	 context="-1009164568"
	 id="643"
	 message="ProposedPromiseDrop @RequiresLock(BufLock)"
	 target-project="BoundedFIFOJSure"
	 java-annotation="@RequiresLock(&quot;BufLock&quot;)"
	 annotation-type="RequiresLock"
	 contents="BufLock"
	 origin="MODEL"
	 from-project="BoundedFIFOJSure"
	 full-type="edu.cmu.cs.fluid.sea.ProposedPromiseDrop"/>

<result-drop type="ResultDrop"
	 offset="1186"
	 length="3"
	 line="45"
	 path="BoundedFIFOJSure/src/com/surelogic/jsure/BoundedFIFO.java"
	 uri="file:/C:/work/jsure-test-update-script-workspace/BoundedFIFOJSure/src/com/surelogic/jsure/BoundedFIFO.java"
	 file="file:/C:/work/jsure-test-update-script-workspace/BoundedFIFOJSure/src/com/surelogic/jsure/BoundedFIFO.java"
	 hash="1227372323"
	 context="435203526"
	 id="675"
	 message="Lock &quot;&lt;this&gt;:BufLock&quot; not held when accessing this.buf"
	 category="unprotected field access(es); possible race condition detected"
	 message-id="(205,&lt;this&gt;:BufLock,this.buf,null)"
	 result-type="LockAnalysis_ds_FieldAccessNotAssured"
	 full-type="edu.cmu.cs.fluid.sea.ResultDrop"/>

<ir-drop type="ProposedPromiseDrop"
	 offset="1072"
	 length="147"
	 line="41"
	 path="BoundedFIFOJSure/src/com/surelogic/jsure/BoundedFIFO.java"
	 uri="file:/C:/work/jsure-test-update-script-workspace/BoundedFIFOJSure/src/com/surelogic/jsure/BoundedFIFO.java"
	 file="file:/C:/work/jsure-test-update-script-workspace/BoundedFIFOJSure/src/com/surelogic/jsure/BoundedFIFO.java"
	 hash="88407834"
	 context="-1313831777"
	 id="676"
	 message="ProposedPromiseDrop @Unique(return)"
	 target-project="BoundedFIFOJSure"
	 java-annotation="@Unique(&quot;return&quot;)"
	 annotation-type="Unique"
	 contents="return"
	 origin="MODEL"
	 from-project="BoundedFIFOJSure"
	 full-type="edu.cmu.cs.fluid.sea.ProposedPromiseDrop"/>

<promise-drop type="LockModel"
	 offset="2147483647"
	 line="0"
	 path="java.lang/Object.class"
	 file="java.lang/Object.class"
	 hash="1709211273"
	 context="1063877011"
	 id="715"
	 message="RegionLock java.lang.Object.MUTEX is this protects WaitQueue on Object"
	 category="Concurrency"
	 to-be-checked-by-analysis="true"
	 from-src="true"
	 message-id="(100,java.lang.Object.MUTEX,this,WaitQueue,Object)"
	 checked-by-analysis="true"
	 full-type="edu.cmu.cs.fluid.sea.drops.promises.LockModel"/>

<ir-drop type="ProposedPromiseDrop"
	 offset="2672"
	 length="61"
	 line="107"
	 path="BoundedFIFOJSure/src/com/surelogic/jsure/BoundedFIFO.java"
	 uri="file:/C:/work/jsure-test-update-script-workspace/BoundedFIFOJSure/src/com/surelogic/jsure/BoundedFIFO.java"
	 file="file:/C:/work/jsure-test-update-script-workspace/BoundedFIFOJSure/src/com/surelogic/jsure/BoundedFIFO.java"
	 hash="981319203"
	 context="-759745197"
	 id="731"
	 message="ProposedPromiseDrop @RegionEffects(reads this:Instance)"
	 target-project="BoundedFIFOJSure"
	 java-annotation="@RegionEffects(&quot;reads this:Instance&quot;)"
	 annotation-type="RegionEffects"
	 contents="reads this:Instance"
	 origin="CODE"
	 from-project="BoundedFIFOJSure"
	 full-type="edu.cmu.cs.fluid.sea.ProposedPromiseDrop"/>

<ir-drop type="WarningDrop"
	 offset="1435"
	 length="9"
	 line="55"
	 path="BoundedFIFOJSure/src/com/surelogic/jsure/BoundedFIFO.java"
	 uri="file:/C:/work/jsure-test-update-script-workspace/BoundedFIFOJSure/src/com/surelogic/jsure/BoundedFIFO.java"
	 file="file:/C:/work/jsure-test-update-script-workspace/BoundedFIFOJSure/src/com/surelogic/jsure/BoundedFIFO.java"
	 hash="-49834690"
	 context="-554947668"
	 id="829"
	 message="Field reference &quot;this.buf [ this.next ]&quot; may be to a shared unprotected object"
	 category="protected reference(s) to a possibly shared unprotected object; possible race condition detected"
	 message-id="(201,this.buf [ this.next ])"
	 result-type="LockAnalysis_ds_AggregationNeeded"
	 full-type="edu.cmu.cs.fluid.sea.WarningDrop"/>

<ir-drop type="ProposedPromiseDrop"
	 offset="815"
	 length="19"
	 line="28"
	 path="BoundedFIFOJSure/src/com/surelogic/jsure/BoundedFIFO.java"
	 uri="file:/C:/work/jsure-test-update-script-workspace/BoundedFIFOJSure/src/com/surelogic/jsure/BoundedFIFO.java"
	 file="file:/C:/work/jsure-test-update-script-workspace/BoundedFIFOJSure/src/com/surelogic/jsure/BoundedFIFO.java"
	 hash="97907"
	 context="-728775891"
	 id="830"
	 message="ProposedPromiseDrop @Unique()"
	 target-project="BoundedFIFOJSure"
	 java-annotation="@Unique"
	 annotation-type="Unique"
	 origin="MODEL"
	 from-project="BoundedFIFOJSure"
	 full-type="edu.cmu.cs.fluid.sea.ProposedPromiseDrop"/>

<result-drop type="ResultDrop"
	 offset="530"
	 length="13"
	 line="31"
	 path="BoundedFIFOJSure/src/com/surelogic/jsure/BlockingFIFO.java"
	 uri="file:/C:/work/jsure-test-update-script-workspace/BoundedFIFOJSure/src/com/surelogic/jsure/BlockingFIFO.java"
	 file="file:/C:/work/jsure-test-update-script-workspace/BoundedFIFOJSure/src/com/surelogic/jsure/BlockingFIFO.java"
	 hash="-997378312"
	 context="-676937499"
	 id="960"
	 message="Lock &quot;&lt;this.fifo&gt;:BufLock&quot; held when invoking this.fifo.length; precondition satisfied"
	 category="lock precondition(s) satisfied"
	 result-type="LockAnalysis_ds_PreconditionsAssured"
	 message-id="(207,&lt;this.fifo&gt;:BufLock,this.fifo.length,null)"
	 consistent="true"
	 proved-consistent="true"
	 full-type="edu.cmu.cs.fluid.sea.ResultDrop"/>

<promise-drop type="RequiresLockPromiseDrop"
	 offset="2209"
	 line="90"
	 path="BoundedFIFOJSure/src/com/surelogic/jsure/BoundedFIFO.java"
	 uri="file:/C:/work/jsure-test-update-script-workspace/BoundedFIFOJSure/src/com/surelogic/jsure/BoundedFIFO.java"
	 file="file:/C:/work/jsure-test-update-script-workspace/BoundedFIFOJSure/src/com/surelogic/jsure/BoundedFIFO.java"
	 hash="-619934927"
	 context="-1903378963"
	 virtual="true"
	 id="961"
	 message="RequiresLock BufLock on com.surelogic.jsure.BoundedFIFO.length()"
	 category="lock precondition(s)"
	 to-be-checked-by-analysis="true"
	 from-src="true"
	 message-id="(102,RequiresLock BufLock,com.surelogic.jsure.BoundedFIFO.length())"
	 checked-by-analysis="true"
	 proved-consistent="true"
	 full-type="edu.cmu.cs.fluid.sea.drops.promises.RequiresLockPromiseDrop"/>

<result-drop type="ResultDrop"
	 offset="345"
	 length="11"
	 line="19"
	 path="BoundedFIFOJSure/src/com/surelogic/jsure/BlockingFIFO.java"
	 uri="file:/C:/work/jsure-test-update-script-workspace/BoundedFIFOJSure/src/com/surelogic/jsure/BlockingFIFO.java"
	 file="file:/C:/work/jsure-test-update-script-workspace/BoundedFIFOJSure/src/com/surelogic/jsure/BlockingFIFO.java"
	 hash="-867967697"
	 context="1902123371"
	 id="975"
	 message="Lock &quot;&lt;this.fifo&gt;:BufLock&quot; not held when invoking this.fifo.put(e); precondition unsatisfied"
	 category="lock precondition(s) not satisfied; possible race conditions enabled"
	 message-id="(209,&lt;this.fifo&gt;:BufLock,this.fifo.put(e),null)"
	 result-type="LockAnalysis_ds_PreconditionsNotAssured"
	 full-type="edu.cmu.cs.fluid.sea.ResultDrop"/>

<ir-drop type="ProposedPromiseDrop"
	 offset="163"
	 length="283"
	 line="10"
	 path="BoundedFIFOJSure/src/com/surelogic/jsure/BlockingFIFO.java"
	 uri="file:/C:/work/jsure-test-update-script-workspace/BoundedFIFOJSure/src/com/surelogic/jsure/BlockingFIFO.java"
	 file="file:/C:/work/jsure-test-update-script-workspace/BoundedFIFOJSure/src/com/surelogic/jsure/BlockingFIFO.java"
	 hash="803008296"
	 context="-1009164568"
	 id="976"
	 message="ProposedPromiseDrop @RequiresLock(BufLock)"
	 target-project="BoundedFIFOJSure"
	 java-annotation="@RequiresLock(&quot;BufLock&quot;)"
	 annotation-type="RequiresLock"
	 contents="BufLock"
	 origin="MODEL"
	 from-project="BoundedFIFOJSure"
	 full-type="edu.cmu.cs.fluid.sea.ProposedPromiseDrop"/>

<result-drop type="ResultDrop"
	 offset="1165"
	 length="9"
	 line="44"
	 path="BoundedFIFOJSure/src/com/surelogic/jsure/BoundedFIFO.java"
	 uri="file:/C:/work/jsure-test-update-script-workspace/BoundedFIFOJSure/src/com/surelogic/jsure/BoundedFIFO.java"
	 file="file:/C:/work/jsure-test-update-script-workspace/BoundedFIFOJSure/src/com/surelogic/jsure/BoundedFIFO.java"
	 hash="-605668015"
	 context="1385517012"
	 id="980"
	 message="Lock &quot;&lt;this&gt;:BufLock&quot; not held when accessing this.size"
	 category="unprotected field access(es); possible race condition detected"
	 message-id="(205,&lt;this&gt;:BufLock,this.size,null)"
	 result-type="LockAnalysis_ds_FieldAccessNotAssured"
	 full-type="edu.cmu.cs.fluid.sea.ResultDrop"/>

<result-drop type="ResultDrop"
	 offset="2932"
	 length="7"
	 line="116"
	 path="BoundedFIFOJSure/src/com/surelogic/jsure/BoundedFIFO.java"
	 uri="file:/C:/work/jsure-test-update-script-workspace/BoundedFIFOJSure/src/com/surelogic/jsure/BoundedFIFO.java"
	 file="file:/C:/work/jsure-test-update-script-workspace/BoundedFIFOJSure/src/com/surelogic/jsure/BoundedFIFO.java"
	 hash="-110077252"
	 context="-1783038560"
	 id="981"
	 message="Lock &quot;&lt;this&gt;:BufLock&quot; held when accessing this.numElts"
	 category="protected field access(es)"
	 result-type="LockAnalysis_ds_FieldAccessAssured"
	 message-id="(203,&lt;this&gt;:BufLock,this.numElts,null)"
	 consistent="true"
	 full-type="edu.cmu.cs.fluid.sea.ResultDrop"/>

<result-drop type="ResultDrop"
	 offset="1909"
	 length="4"
	 line="73"
	 path="BoundedFIFOJSure/src/com/surelogic/jsure/BoundedFIFO.java"
	 uri="file:/C:/work/jsure-test-update-script-workspace/BoundedFIFOJSure/src/com/surelogic/jsure/BoundedFIFO.java"
	 file="file:/C:/work/jsure-test-update-script-workspace/BoundedFIFOJSure/src/com/surelogic/jsure/BoundedFIFO.java"
	 hash="-605668015"
	 context="1653407321"
	 id="982"
	 message="Lock &quot;&lt;this&gt;:BufLock&quot; held when accessing this.size"
	 category="protected field access(es)"
	 result-type="LockAnalysis_ds_FieldAccessAssured"
	 message-id="(203,&lt;this&gt;:BufLock,this.size,null)"
	 consistent="true"
	 full-type="edu.cmu.cs.fluid.sea.ResultDrop"/>

<result-drop type="ResultDrop"
	 offset="1384"
	 length="7"
	 line="53"
	 path="BoundedFIFOJSure/src/com/surelogic/jsure/BoundedFIFO.java"
	 uri="file:/C:/work/jsure-test-update-script-workspace/BoundedFIFOJSure/src/com/surelogic/jsure/BoundedFIFO.java"
	 file="file:/C:/work/jsure-test-update-script-workspace/BoundedFIFOJSure/src/com/surelogic/jsure/BoundedFIFO.java"
	 hash="-110077252"
	 context="-968509295"
	 id="983"
	 message="Lock &quot;&lt;this&gt;:BufLock&quot; held when accessing this.numElts"
	 category="protected field access(es)"
	 result-type="LockAnalysis_ds_FieldAccessAssured"
	 message-id="(203,&lt;this&gt;:BufLock,this.numElts,null)"
	 consistent="true"
	 proved-consistent="true"
	 full-type="edu.cmu.cs.fluid.sea.ResultDrop"/>

<result-drop type="ResultDrop"
	 offset="1435"
	 length="3"
	 line="55"
	 path="BoundedFIFOJSure/src/com/surelogic/jsure/BoundedFIFO.java"
	 uri="file:/C:/work/jsure-test-update-script-workspace/BoundedFIFOJSure/src/com/surelogic/jsure/BoundedFIFO.java"
	 file="file:/C:/work/jsure-test-update-script-workspace/BoundedFIFOJSure/src/com/surelogic/jsure/BoundedFIFO.java"
	 hash="1227372323"
	 context="-1096173211"
	 id="984"
	 message="Lock &quot;&lt;this&gt;:BufLock&quot; held when accessing this.buf"
	 category="protected field access(es)"
	 result-type="LockAnalysis_ds_FieldAccessAssured"
	 message-id="(203,&lt;this&gt;:BufLock,this.buf,null)"
	 consistent="true"
	 proved-consistent="true"
	 full-type="edu.cmu.cs.fluid.sea.ResultDrop"/>

<result-drop type="ResultDrop"
	 offset="1864"
	 length="4"
	 line="71"
	 path="BoundedFIFOJSure/src/com/surelogic/jsure/BoundedFIFO.java"
	 uri="file:/C:/work/jsure-test-update-script-workspace/BoundedFIFOJSure/src/com/surelogic/jsure/BoundedFIFO.java"
	 file="file:/C:/work/jsure-test-update-script-workspace/BoundedFIFOJSure/src/com/surelogic/jsure/BoundedFIFO.java"
	 hash="-605668015"
	 context="1653407321"
	 id="985"
	 message="Lock &quot;&lt;this&gt;:BufLock&quot; held when accessing this.size"
	 category="protected field access(es)"
	 result-type="LockAnalysis_ds_FieldAccessAssured"
	 message-id="(203,&lt;this&gt;:BufLock,this.size,null)"
	 consistent="true"
	 full-type="edu.cmu.cs.fluid.sea.ResultDrop"/>

<result-drop type="ResultDrop"
	 offset="2047"
	 length="4"
	 line="83"
	 path="BoundedFIFOJSure/src/com/surelogic/jsure/BoundedFIFO.java"
	 uri="file:/C:/work/jsure-test-update-script-workspace/BoundedFIFOJSure/src/com/surelogic/jsure/BoundedFIFO.java"
	 file="file:/C:/work/jsure-test-update-script-workspace/BoundedFIFOJSure/src/com/surelogic/jsure/BoundedFIFO.java"
	 hash="-605668015"
	 context="-1105696053"
	 id="986"
	 message="Lock &quot;&lt;this&gt;:BufLock&quot; held when accessing this.size"
	 category="protected field access(es)"
	 result-type="LockAnalysis_ds_FieldAccessAssured"
	 message-id="(203,&lt;this&gt;:BufLock,this.size,null)"
	 consistent="true"
	 proved-consistent="true"
	 full-type="edu.cmu.cs.fluid.sea.ResultDrop"/>

<result-drop type="ResultDrop"
	 offset="1455"
	 length="5"
	 line="56"
	 path="BoundedFIFOJSure/src/com/surelogic/jsure/BoundedFIFO.java"
	 uri="file:/C:/work/jsure-test-update-script-workspace/BoundedFIFOJSure/src/com/surelogic/jsure/BoundedFIFO.java"
	 file="file:/C:/work/jsure-test-update-script-workspace/BoundedFIFOJSure/src/com/surelogic/jsure/BoundedFIFO.java"
	 hash="-1730436191"
	 context="1225240429"
	 id="987"
	 message="Lock &quot;&lt;this&gt;:BufLock&quot; held when accessing (this.first)"
	 category="protected field access(es)"
	 result-type="LockAnalysis_ds_FieldAccessAssured"
	 message-id="(203,&lt;this&gt;:BufLock,(this.first),null)"
	 consistent="true"
	 proved-consistent="true"
	 full-type="edu.cmu.cs.fluid.sea.ResultDrop"/>

<result-drop type="ResultDrop"
	 offset="1876"
	 length="3"
	 line="72"
	 path="BoundedFIFOJSure/src/com/surelogic/jsure/BoundedFIFO.java"
	 uri="file:/C:/work/jsure-test-update-script-workspace/BoundedFIFOJSure/src/com/surelogic/jsure/BoundedFIFO.java"
	 file="file:/C:/work/jsure-test-update-script-workspace/BoundedFIFOJSure/src/com/surelogic/jsure/BoundedFIFO.java"
	 hash="1227372323"
	 context="289942439"
	 id="988"
	 message="Lock &quot;&lt;this&gt;:BufLock&quot; held when accessing this.buf"
	 category="protected field access(es)"
	 result-type="LockAnalysis_ds_FieldAccessAssured"
	 message-id="(203,&lt;this&gt;:BufLock,this.buf,null)"
	 consistent="true"
	 full-type="edu.cmu.cs.fluid.sea.ResultDrop"/>

<result-drop type="ResultDrop"
	 offset="1920"
	 length="4"
	 line="74"
	 path="BoundedFIFOJSure/src/com/surelogic/jsure/BoundedFIFO.java"
	 uri="file:/C:/work/jsure-test-update-script-workspace/BoundedFIFOJSure/src/com/surelogic/jsure/BoundedFIFO.java"
	 file="file:/C:/work/jsure-test-update-script-workspace/BoundedFIFOJSure/src/com/surelogic/jsure/BoundedFIFO.java"
	 hash="-605820861"
	 context="178982695"
	 id="989"
	 message="Lock &quot;&lt;this&gt;:BufLock&quot; held when accessing this.next"
	 category="protected field access(es)"
	 result-type="LockAnalysis_ds_FieldAccessAssured"
	 message-id="(203,&lt;this&gt;:BufLock,this.next,null)"
	 consistent="true"
	 full-type="edu.cmu.cs.fluid.sea.ResultDrop"/>

<result-drop type="ResultDrop"
	 offset="853"
	 length="1"
	 line="30"
	 path="BoundedFIFOJSure/src/com/surelogic/jsure/BoundedFIFO.java"
	 uri="file:/C:/work/jsure-test-update-script-workspace/BoundedFIFOJSure/src/com/surelogic/jsure/BoundedFIFO.java"
	 file="file:/C:/work/jsure-test-update-script-workspace/BoundedFIFOJSure/src/com/surelogic/jsure/BoundedFIFO.java"
	 hash="-568260359"
	 context="784257478"
	 id="990"
	 message="Lock &quot;&lt;this&gt;:BufLock&quot; not held when accessing numElts = 0"
	 category="unprotected field access(es); possible race condition detected"
	 message-id="(205,&lt;this&gt;:BufLock,numElts = 0,null)"
	 result-type="LockAnalysis_ds_FieldAccessNotAssured"
	 full-type="edu.cmu.cs.fluid.sea.ResultDrop"/>

<result-drop type="ResultDrop"
	 offset="1934"
	 length="7"
	 line="75"
	 path="BoundedFIFOJSure/src/com/surelogic/jsure/BoundedFIFO.java"
	 uri="file:/C:/work/jsure-test-update-script-workspace/BoundedFIFOJSure/src/com/surelogic/jsure/BoundedFIFO.java"
	 file="file:/C:/work/jsure-test-update-script-workspace/BoundedFIFOJSure/src/com/surelogic/jsure/BoundedFIFO.java"
	 hash="2135064005"
	 context="523364846"
	 id="991"
	 message="Lock &quot;&lt;this&gt;:BufLock&quot; held when accessing (this.numElts)"
	 category="protected field access(es)"
	 result-type="LockAnalysis_ds_FieldAccessAssured"
	 message-id="(203,&lt;this&gt;:BufLock,(this.numElts),null)"
	 consistent="true"
	 full-type="edu.cmu.cs.fluid.sea.ResultDrop"/>

<result-drop type="ResultDrop"
	 offset="2241"
	 length="7"
	 line="91"
	 path="BoundedFIFOJSure/src/com/surelogic/jsure/BoundedFIFO.java"
	 uri="file:/C:/work/jsure-test-update-script-workspace/BoundedFIFOJSure/src/com/surelogic/jsure/BoundedFIFO.java"
	 file="file:/C:/work/jsure-test-update-script-workspace/BoundedFIFOJSure/src/com/surelogic/jsure/BoundedFIFO.java"
	 hash="-110077252"
	 context="742746733"
	 id="992"
	 message="Lock &quot;&lt;this&gt;:BufLock&quot; held when accessing this.numElts"
	 category="protected field access(es)"
	 result-type="LockAnalysis_ds_FieldAccessAssured"
	 message-id="(203,&lt;this&gt;:BufLock,this.numElts,null)"
	 consistent="true"
	 proved-consistent="true"
	 full-type="edu.cmu.cs.fluid.sea.ResultDrop"/>

<result-drop type="ResultDrop"
	 offset="1853"
	 length="7"
	 line="71"
	 path="BoundedFIFOJSure/src/com/surelogic/jsure/BoundedFIFO.java"
	 uri="file:/C:/work/jsure-test-update-script-workspace/BoundedFIFOJSure/src/com/surelogic/jsure/BoundedFIFO.java"
	 file="file:/C:/work/jsure-test-update-script-workspace/BoundedFIFOJSure/src/com/surelogic/jsure/BoundedFIFO.java"
	 hash="-110077252"
	 context="523364846"
	 id="993"
	 message="Lock &quot;&lt;this&gt;:BufLock&quot; held when accessing this.numElts"
	 category="protected field access(es)"
	 result-type="LockAnalysis_ds_FieldAccessAssured"
	 message-id="(203,&lt;this&gt;:BufLock,this.numElts,null)"
	 consistent="true"
	 full-type="edu.cmu.cs.fluid.sea.ResultDrop"/>

<result-drop type="ResultDrop"
	 offset="2943"
	 length="4"
	 line="116"
	 path="BoundedFIFOJSure/src/com/surelogic/jsure/BoundedFIFO.java"
	 uri="file:/C:/work/jsure-test-update-script-workspace/BoundedFIFOJSure/src/com/surelogic/jsure/BoundedFIFO.java"
	 file="file:/C:/work/jsure-test-update-script-workspace/BoundedFIFOJSure/src/com/surelogic/jsure/BoundedFIFO.java"
	 hash="-605668015"
	 context="-443932331"
	 id="994"
	 message="Lock &quot;&lt;this&gt;:BufLock&quot; held when accessing this.size"
	 category="protected field access(es)"
	 result-type="LockAnalysis_ds_FieldAccessAssured"
	 message-id="(203,&lt;this&gt;:BufLock,this.size,null)"
	 consistent="true"
	 full-type="edu.cmu.cs.fluid.sea.ResultDrop"/>

<result-drop type="ResultDrop"
	 offset="886"
	 length="1"
	 line="32"
	 path="BoundedFIFOJSure/src/com/surelogic/jsure/BoundedFIFO.java"
	 uri="file:/C:/work/jsure-test-update-script-workspace/BoundedFIFOJSure/src/com/surelogic/jsure/BoundedFIFO.java"
	 file="file:/C:/work/jsure-test-update-script-workspace/BoundedFIFOJSure/src/com/surelogic/jsure/BoundedFIFO.java"
	 hash="1422806624"
	 context="-1116873351"
	 id="995"
	 message="Lock &quot;&lt;this&gt;:BufLock&quot; not held when accessing next = 0"
	 category="unprotected field access(es); possible race condition detected"
	 message-id="(205,&lt;this&gt;:BufLock,next = 0,null)"
	 result-type="LockAnalysis_ds_FieldAccessNotAssured"
	 full-type="edu.cmu.cs.fluid.sea.ResultDrop"/>

<result-drop type="ResultDrop"
	 offset="870"
	 length="1"
	 line="31"
	 path="BoundedFIFOJSure/src/com/surelogic/jsure/BoundedFIFO.java"
	 uri="file:/C:/work/jsure-test-update-script-workspace/BoundedFIFOJSure/src/com/surelogic/jsure/BoundedFIFO.java"
	 file="file:/C:/work/jsure-test-update-script-workspace/BoundedFIFOJSure/src/com/surelogic/jsure/BoundedFIFO.java"
	 hash="131428253"
	 context="-270610198"
	 id="996"
	 message="Lock &quot;&lt;this&gt;:BufLock&quot; not held when accessing first = 0"
	 category="unprotected field access(es); possible race condition detected"
	 message-id="(205,&lt;this&gt;:BufLock,first = 0,null)"
	 result-type="LockAnalysis_ds_FieldAccessNotAssured"
	 full-type="edu.cmu.cs.fluid.sea.ResultDrop"/>

<result-drop type="ResultDrop"
	 offset="1880"
	 length="4"
	 line="72"
	 path="BoundedFIFOJSure/src/com/surelogic/jsure/BoundedFIFO.java"
	 uri="file:/C:/work/jsure-test-update-script-workspace/BoundedFIFOJSure/src/com/surelogic/jsure/BoundedFIFO.java"
	 file="file:/C:/work/jsure-test-update-script-workspace/BoundedFIFOJSure/src/com/surelogic/jsure/BoundedFIFO.java"
	 hash="-605820861"
	 context="178982695"
	 id="997"
	 message="Lock &quot;&lt;this&gt;:BufLock&quot; held when accessing this.next"
	 category="protected field access(es)"
	 result-type="LockAnalysis_ds_FieldAccessAssured"
	 message-id="(203,&lt;this&gt;:BufLock,this.next,null)"
	 consistent="true"
	 full-type="edu.cmu.cs.fluid.sea.ResultDrop"/>

<result-drop type="ResultDrop"
	 offset="1901"
	 length="4"
	 line="73"
	 path="BoundedFIFOJSure/src/com/surelogic/jsure/BoundedFIFO.java"
	 uri="file:/C:/work/jsure-test-update-script-workspace/BoundedFIFOJSure/src/com/surelogic/jsure/BoundedFIFO.java"
	 file="file:/C:/work/jsure-test-update-script-workspace/BoundedFIFOJSure/src/com/surelogic/jsure/BoundedFIFO.java"
	 hash="-464187794"
	 context="178982695"
	 id="998"
	 message="Lock &quot;&lt;this&gt;:BufLock&quot; held when accessing (this.next)"
	 category="protected field access(es)"
	 result-type="LockAnalysis_ds_FieldAccessAssured"
	 message-id="(203,&lt;this&gt;:BufLock,(this.next),null)"
	 consistent="true"
	 full-type="edu.cmu.cs.fluid.sea.ResultDrop"/>

<result-drop type="ResultDrop"
	 offset="1464"
	 length="4"
	 line="56"
	 path="BoundedFIFOJSure/src/com/surelogic/jsure/BoundedFIFO.java"
	 uri="file:/C:/work/jsure-test-update-script-workspace/BoundedFIFOJSure/src/com/surelogic/jsure/BoundedFIFO.java"
	 file="file:/C:/work/jsure-test-update-script-workspace/BoundedFIFOJSure/src/com/surelogic/jsure/BoundedFIFO.java"
	 hash="-605668015"
	 context="242563324"
	 id="999"
	 message="Lock &quot;&lt;this&gt;:BufLock&quot; held when accessing this.size"
	 category="protected field access(es)"
	 result-type="LockAnalysis_ds_FieldAccessAssured"
	 message-id="(203,&lt;this&gt;:BufLock,this.size,null)"
	 consistent="true"
	 proved-consistent="true"
	 full-type="edu.cmu.cs.fluid.sea.ResultDrop"/>

<result-drop type="ResultDrop"
	 offset="2724"
	 length="4"
	 line="108"
	 path="BoundedFIFOJSure/src/com/surelogic/jsure/BoundedFIFO.java"
	 uri="file:/C:/work/jsure-test-update-script-workspace/BoundedFIFOJSure/src/com/surelogic/jsure/BoundedFIFO.java"
	 file="file:/C:/work/jsure-test-update-script-workspace/BoundedFIFOJSure/src/com/surelogic/jsure/BoundedFIFO.java"
	 hash="-605668015"
	 context="-1771607106"
	 id="1000"
	 message="Lock &quot;&lt;this&gt;:BufLock&quot; held when accessing this.size"
	 category="protected field access(es)"
	 result-type="LockAnalysis_ds_FieldAccessAssured"
	 message-id="(203,&lt;this&gt;:BufLock,this.size,null)"
	 consistent="true"
	 proved-consistent="true"
	 full-type="edu.cmu.cs.fluid.sea.ResultDrop"/>

<result-drop type="ResultDrop"
	 offset="2709"
	 length="7"
	 line="108"
	 path="BoundedFIFOJSure/src/com/surelogic/jsure/BoundedFIFO.java"
	 uri="file:/C:/work/jsure-test-update-script-workspace/BoundedFIFOJSure/src/com/surelogic/jsure/BoundedFIFO.java"
	 file="file:/C:/work/jsure-test-update-script-workspace/BoundedFIFOJSure/src/com/surelogic/jsure/BoundedFIFO.java"
	 hash="-110077252"
	 context="-334227245"
	 id="1001"
	 message="Lock &quot;&lt;this&gt;:BufLock&quot; held when accessing this.numElts"
	 category="protected field access(es)"
	 result-type="LockAnalysis_ds_FieldAccessAssured"
	 message-id="(203,&lt;this&gt;:BufLock,this.numElts,null)"
	 consistent="true"
	 proved-consistent="true"
	 full-type="edu.cmu.cs.fluid.sea.ResultDrop"/>

<result-drop type="ResultDrop"
	 offset="1439"
	 length="4"
	 line="55"
	 path="BoundedFIFOJSure/src/com/surelogic/jsure/BoundedFIFO.java"
	 uri="file:/C:/work/jsure-test-update-script-workspace/BoundedFIFOJSure/src/com/surelogic/jsure/BoundedFIFO.java"
	 file="file:/C:/work/jsure-test-update-script-workspace/BoundedFIFOJSure/src/com/surelogic/jsure/BoundedFIFO.java"
	 hash="-605820861"
	 context="-679977755"
	 id="1002"
	 message="Lock &quot;&lt;this&gt;:BufLock&quot; held when accessing this.next"
	 category="protected field access(es)"
	 result-type="LockAnalysis_ds_FieldAccessAssured"
	 message-id="(203,&lt;this&gt;:BufLock,this.next,null)"
	 consistent="true"
	 proved-consistent="true"
	 full-type="edu.cmu.cs.fluid.sea.ResultDrop"/>

<ir-drop type="ProposedPromiseDrop"
	 offset="163"
	 length="283"
	 line="10"
	 path="BoundedFIFOJSure/src/com/surelogic/jsure/BlockingFIFO.java"
	 uri="file:/C:/work/jsure-test-update-script-workspace/BoundedFIFOJSure/src/com/surelogic/jsure/BlockingFIFO.java"
	 file="file:/C:/work/jsure-test-update-script-workspace/BoundedFIFOJSure/src/com/surelogic/jsure/BlockingFIFO.java"
	 hash="803008296"
	 context="-1009164568"
	 id="1180"
	 message="ProposedPromiseDrop @RequiresLock(BufLock)"
	 target-project="BoundedFIFOJSure"
	 java-annotation="@RequiresLock(&quot;BufLock&quot;)"
	 annotation-type="RequiresLock"
	 contents="BufLock"
	 origin="MODEL"
	 from-project="BoundedFIFOJSure"
	 full-type="edu.cmu.cs.fluid.sea.ProposedPromiseDrop"/>

<result-drop type="ResultDrop"
	 offset="672"
	 length="14"
	 line="39"
	 path="BoundedFIFOJSure/src/com/surelogic/jsure/BlockingFIFO.java"
	 uri="file:/C:/work/jsure-test-update-script-workspace/BoundedFIFOJSure/src/com/surelogic/jsure/BlockingFIFO.java"
	 file="file:/C:/work/jsure-test-update-script-workspace/BoundedFIFOJSure/src/com/surelogic/jsure/BlockingFIFO.java"
	 hash="207768390"
	 context="-66014953"
	 id="1297"
	 message="Lock &quot;&lt;this.fifo&gt;:BufLock&quot; held when invoking this.fifo.wasFull; precondition satisfied"
	 category="lock precondition(s) satisfied"
	 result-type="LockAnalysis_ds_PreconditionsAssured"
	 message-id="(207,&lt;this.fifo&gt;:BufLock,this.fifo.wasFull,null)"
	 consistent="true"
	 proved-consistent="true"
	 full-type="edu.cmu.cs.fluid.sea.ResultDrop"/>

<promise-drop type="RequiresLockPromiseDrop"
	 offset="2672"
	 line="107"
	 path="BoundedFIFOJSure/src/com/surelogic/jsure/BoundedFIFO.java"
	 uri="file:/C:/work/jsure-test-update-script-workspace/BoundedFIFOJSure/src/com/surelogic/jsure/BoundedFIFO.java"
	 file="file:/C:/work/jsure-test-update-script-workspace/BoundedFIFOJSure/src/com/surelogic/jsure/BoundedFIFO.java"
	 hash="981319203"
	 context="-759745197"
	 virtual="true"
	 id="1298"
	 message="RequiresLock BufLock on com.surelogic.jsure.BoundedFIFO.wasFull()"
	 category="lock precondition(s)"
	 to-be-checked-by-analysis="true"
	 from-src="true"
	 message-id="(102,RequiresLock BufLock,com.surelogic.jsure.BoundedFIFO.wasFull())"
	 checked-by-analysis="true"
	 proved-consistent="true"
	 full-type="edu.cmu.cs.fluid.sea.drops.promises.RequiresLockPromiseDrop"/>

<ir-drop type="ProposedPromiseDrop"
	 offset="2011"
	 length="45"
	 line="82"
	 path="BoundedFIFOJSure/src/com/surelogic/jsure/BoundedFIFO.java"
	 uri="file:/C:/work/jsure-test-update-script-workspace/BoundedFIFOJSure/src/com/surelogic/jsure/BoundedFIFO.java"
	 file="file:/C:/work/jsure-test-update-script-workspace/BoundedFIFOJSure/src/com/surelogic/jsure/BoundedFIFO.java"
	 hash="800772265"
	 context="1191951638"
	 id="1331"
	 message="ProposedPromiseDrop @RegionEffects(reads this:Instance)"
	 target-project="BoundedFIFOJSure"
	 java-annotation="@RegionEffects(&quot;reads this:Instance&quot;)"
	 annotation-type="RegionEffects"
	 contents="reads this:Instance"
	 origin="CODE"
	 from-project="BoundedFIFOJSure"
	 full-type="edu.cmu.cs.fluid.sea.ProposedPromiseDrop"/>

<ir-drop type="ProposedPromiseDrop"
	 offset="1072"
	 length="147"
	 line="41"
	 path="BoundedFIFOJSure/src/com/surelogic/jsure/BoundedFIFO.java"
	 uri="file:/C:/work/jsure-test-update-script-workspace/BoundedFIFOJSure/src/com/surelogic/jsure/BoundedFIFO.java"
	 file="file:/C:/work/jsure-test-update-script-workspace/BoundedFIFOJSure/src/com/surelogic/jsure/BoundedFIFO.java"
	 hash="88407834"
	 context="-1313831777"
	 id="1379"
	 message="ProposedPromiseDrop @Unique(return)"
	 target-project="BoundedFIFOJSure"
	 java-annotation="@Unique(&quot;return&quot;)"
	 annotation-type="Unique"
	 contents="return"
	 origin="MODEL"
	 from-project="BoundedFIFOJSure"
	 full-type="edu.cmu.cs.fluid.sea.ProposedPromiseDrop"/>

<ir-drop type="ProposedPromiseDrop"
	 offset="30"
	 line="3"
	 path="BoundedFIFOJSure/src/com/surelogic/jsure/LoggingEvent.java"
	 uri="file:/C:/work/jsure-test-update-script-workspace/BoundedFIFOJSure/src/com/surelogic/jsure/LoggingEvent.java"
	 file="file:/C:/work/jsure-test-update-script-workspace/BoundedFIFOJSure/src/com/surelogic/jsure/LoggingEvent.java"
	 hash="439958362"
	 context="-591630994"
	 id="1393"
	 message="ProposedPromiseDrop @RegionEffects(none)"
	 target-project="BoundedFIFOJSure"
	 java-annotation="@RegionEffects(&quot;none&quot;)"
	 annotation-type="RegionEffects"
	 contents="none"
	 origin="CODE"
	 from-project="BoundedFIFOJSure"
	 full-type="edu.cmu.cs.fluid.sea.ProposedPromiseDrop"/>

<ir-drop type="ProposedPromiseDrop"
	 offset="2896"
	 length="56"
	 line="115"
	 path="BoundedFIFOJSure/src/com/surelogic/jsure/BoundedFIFO.java"
	 uri="file:/C:/work/jsure-test-update-script-workspace/BoundedFIFOJSure/src/com/surelogic/jsure/BoundedFIFO.java"
	 file="file:/C:/work/jsure-test-update-script-workspace/BoundedFIFOJSure/src/com/surelogic/jsure/BoundedFIFO.java"
	 hash="1874440324"
	 context="-134196960"
	 id="1421"
	 message="ProposedPromiseDrop @RegionEffects(reads this:Instance)"
	 target-project="BoundedFIFOJSure"
	 java-annotation="@RegionEffects(&quot;reads this:Instance&quot;)"
	 annotation-type="RegionEffects"
	 contents="reads this:Instance"
	 origin="CODE"
	 from-project="BoundedFIFOJSure"
	 full-type="edu.cmu.cs.fluid.sea.ProposedPromiseDrop"/>

<result-drop type="ResultDrop"
	 offset="792"
	 length="13"
	 line="48"
	 path="BoundedFIFOJSure/src/com/surelogic/jsure/BlockingFIFO.java"
	 uri="file:/C:/work/jsure-test-update-script-workspace/BoundedFIFOJSure/src/com/surelogic/jsure/BlockingFIFO.java"
	 file="file:/C:/work/jsure-test-update-script-workspace/BoundedFIFOJSure/src/com/surelogic/jsure/BlockingFIFO.java"
	 hash="-997378312"
	 context="-1760718439"
	 id="1552"
	 message="Lock &quot;&lt;this.fifo&gt;:BufLock&quot; held when invoking this.fifo.length; precondition satisfied"
	 category="lock precondition(s) satisfied"
	 result-type="LockAnalysis_ds_PreconditionsAssured"
	 message-id="(207,&lt;this.fifo&gt;:BufLock,this.fifo.length,null)"
	 consistent="true"
	 proved-consistent="true"
	 full-type="edu.cmu.cs.fluid.sea.ResultDrop"/>

<ir-drop type="ProposedPromiseDrop"
	 offset="815"
	 length="19"
	 line="28"
	 path="BoundedFIFOJSure/src/com/surelogic/jsure/BoundedFIFO.java"
	 uri="file:/C:/work/jsure-test-update-script-workspace/BoundedFIFOJSure/src/com/surelogic/jsure/BoundedFIFO.java"
	 file="file:/C:/work/jsure-test-update-script-workspace/BoundedFIFOJSure/src/com/surelogic/jsure/BoundedFIFO.java"
	 hash="97907"
	 context="-728775891"
	 id="1553"
	 message="ProposedPromiseDrop @Unique()"
	 target-project="BoundedFIFOJSure"
	 java-annotation="@Unique"
	 annotation-type="Unique"
	 origin="MODEL"
	 from-project="BoundedFIFOJSure"
	 full-type="edu.cmu.cs.fluid.sea.ProposedPromiseDrop"/>

<ir-drop type="WarningDrop"
	 offset="213"
	 length="4"
	 line="11"
	 path="BoundedFIFOJSure/src/com/surelogic/jsure/BlockingFIFO.java"
	 uri="file:/C:/work/jsure-test-update-script-workspace/BoundedFIFOJSure/src/com/surelogic/jsure/BlockingFIFO.java"
	 file="file:/C:/work/jsure-test-update-script-workspace/BoundedFIFOJSure/src/com/surelogic/jsure/BlockingFIFO.java"
	 hash="3559070"
	 context="-1009164568"
	 id="1591"
	 message="Lock expression &quot;this&quot; does not name a programmer-declared lock; consider declaring what state is protected by the referenced lock"
	 category="unidentifiable lock(s); what is the name of the lock? what state is being protected?"
	 message-id="(220,this)"
	 result-type="LockAnalysis_ds_UnidentifiableLock"
	 full-type="edu.cmu.cs.fluid.sea.WarningDrop"/>

<result-drop type="ResultDrop"
	 offset="388"
	 length="13"
	 line="21"
	 path="BoundedFIFOJSure/src/com/surelogic/jsure/BlockingFIFO.java"
	 uri="file:/C:/work/jsure-test-update-script-workspace/BoundedFIFOJSure/src/com/surelogic/jsure/BlockingFIFO.java"
	 file="file:/C:/work/jsure-test-update-script-workspace/BoundedFIFOJSure/src/com/surelogic/jsure/BlockingFIFO.java"
	 hash="-930704549"
	 context="1758745509"
	 id="1789"
	 message="Lock &quot;&lt;this.fifo&gt;:MUTEX&quot; not held when invoking this.fifo.notify; precondition unsatisfied"
	 category="lock precondition(s) not satisfied; possible race conditions enabled"
	 message-id="(209,&lt;this.fifo&gt;:MUTEX,this.fifo.notify,null)"
	 result-type="LockAnalysis_ds_PreconditionsNotAssured"
	 full-type="edu.cmu.cs.fluid.sea.ResultDrop"/>

<promise-drop type="RequiresLockPromiseDrop"
	 offset="2011"
	 line="82"
	 path="BoundedFIFOJSure/src/com/surelogic/jsure/BoundedFIFO.java"
	 uri="file:/C:/work/jsure-test-update-script-workspace/BoundedFIFOJSure/src/com/surelogic/jsure/BoundedFIFO.java"
	 file="file:/C:/work/jsure-test-update-script-workspace/BoundedFIFOJSure/src/com/surelogic/jsure/BoundedFIFO.java"
	 hash="800772265"
	 context="1191951638"
	 virtual="true"
	 id="1863"
	 message="RequiresLock BufLock on com.surelogic.jsure.BoundedFIFO.getMaxSize()"
	 category="lock precondition(s)"
	 to-be-checked-by-analysis="true"
	 from-src="true"
	 message-id="(102,RequiresLock BufLock,com.surelogic.jsure.BoundedFIFO.getMaxSize())"
	 checked-by-analysis="true"
	 proved-consistent="true"
	 full-type="edu.cmu.cs.fluid.sea.drops.promises.RequiresLockPromiseDrop"/>

<ir-drop type="ProposedPromiseDrop"
	 offset="1072"
	 length="147"
	 line="41"
	 path="BoundedFIFOJSure/src/com/surelogic/jsure/BoundedFIFO.java"
	 uri="file:/C:/work/jsure-test-update-script-workspace/BoundedFIFOJSure/src/com/surelogic/jsure/BoundedFIFO.java"
	 file="file:/C:/work/jsure-test-update-script-workspace/BoundedFIFOJSure/src/com/surelogic/jsure/BoundedFIFO.java"
	 hash="88407834"
	 context="-1313831777"
	 id="1934"
	 message="ProposedPromiseDrop @Unique(return)"
	 target-project="BoundedFIFOJSure"
	 java-annotation="@Unique(&quot;return&quot;)"
	 annotation-type="Unique"
	 contents="return"
	 origin="MODEL"
	 from-project="BoundedFIFOJSure"
	 full-type="edu.cmu.cs.fluid.sea.ProposedPromiseDrop"/>

<ir-drop type="ProposedPromiseDrop"
	 offset="2447"
	 length="55"
	 line="99"
	 path="BoundedFIFOJSure/src/com/surelogic/jsure/BoundedFIFO.java"
	 uri="file:/C:/work/jsure-test-update-script-workspace/BoundedFIFOJSure/src/com/surelogic/jsure/BoundedFIFO.java"
	 file="file:/C:/work/jsure-test-update-script-workspace/BoundedFIFOJSure/src/com/surelogic/jsure/BoundedFIFO.java"
	 hash="-1390514151"
	 context="1105176043"
	 id="1979"
	 message="ProposedPromiseDrop @RegionEffects(reads this:Instance)"
	 target-project="BoundedFIFOJSure"
	 java-annotation="@RegionEffects(&quot;reads this:Instance&quot;)"
	 annotation-type="RegionEffects"
	 contents="reads this:Instance"
	 origin="CODE"
	 from-project="BoundedFIFOJSure"
	 full-type="edu.cmu.cs.fluid.sea.ProposedPromiseDrop"/>

<promise-drop type="PromisePromiseDrop"
	 offset="749"
	 line="25"
	 path="BoundedFIFOJSure/src/com/surelogic/jsure/BoundedFIFO.java"
	 uri="file:/C:/work/jsure-test-update-script-workspace/BoundedFIFOJSure/src/com/surelogic/jsure/BoundedFIFO.java"
	 file="file:/C:/work/jsure-test-update-script-workspace/BoundedFIFOJSure/src/com/surelogic/jsure/BoundedFIFO.java"
	 hash="1990119280"
	 context="-1685491800"
	 id="2035"
	 message="Promise @RequiresLock(BufLock) for *(**)"
	 category="Scoped promises"
	 to-be-checked-by-analysis="true"
	 from-src="true"
	 checked-by-analysis="true"
	 full-type="edu.cmu.cs.fluid.sea.drops.promises.PromisePromiseDrop"/>

<result-drop type="ResultDrop"
	 offset="365"
	 length="15"
	 line="20"
	 path="BoundedFIFOJSure/src/com/surelogic/jsure/BlockingFIFO.java"
	 uri="file:/C:/work/jsure-test-update-script-workspace/BoundedFIFOJSure/src/com/surelogic/jsure/BlockingFIFO.java"
	 file="file:/C:/work/jsure-test-update-script-workspace/BoundedFIFOJSure/src/com/surelogic/jsure/BlockingFIFO.java"
	 hash="2144695158"
	 context="-1276457664"
	 id="2036"
	 message="Lock &quot;&lt;this.fifo&gt;:BufLock&quot; not held when invoking this.fifo.wasEmpty; precondition unsatisfied"
	 category="lock precondition(s) not satisfied; possible race conditions enabled"
	 message-id="(209,&lt;this.fifo&gt;:BufLock,this.fifo.wasEmpty,null)"
	 result-type="LockAnalysis_ds_PreconditionsNotAssured"
	 full-type="edu.cmu.cs.fluid.sea.ResultDrop"/>

<result-drop type="ResultDrop"
	 offset="567"
	 length="11"
	 line="33"
	 path="BoundedFIFOJSure/src/com/surelogic/jsure/BlockingFIFO.java"
	 uri="file:/C:/work/jsure-test-update-script-workspace/BoundedFIFOJSure/src/com/surelogic/jsure/BlockingFIFO.java"
	 file="file:/C:/work/jsure-test-update-script-workspace/BoundedFIFOJSure/src/com/surelogic/jsure/BlockingFIFO.java"
	 hash="-1341494777"
	 context="1488591988"
	 id="2095"
	 message="Lock &quot;&lt;this.fifo&gt;:MUTEX&quot; held when invoking this.fifo.wait; precondition satisfied"
	 category="lock precondition(s) satisfied"
	 result-type="LockAnalysis_ds_PreconditionsAssured"
	 message-id="(207,&lt;this.fifo&gt;:MUTEX,this.fifo.wait,null)"
	 consistent="true"
	 proved-consistent="true"
	 full-type="edu.cmu.cs.fluid.sea.ResultDrop"/>

<result-drop type="ResultDrop"
	 offset="263"
	 length="11"
	 line="14"
	 path="BoundedFIFOJSure/src/com/surelogic/jsure/BlockingFIFO.java"
	 uri="file:/C:/work/jsure-test-update-script-workspace/BoundedFIFOJSure/src/com/surelogic/jsure/BlockingFIFO.java"
	 file="file:/C:/work/jsure-test-update-script-workspace/BoundedFIFOJSure/src/com/surelogic/jsure/BlockingFIFO.java"
	 hash="-1341494777"
	 context="-442105391"
	 id="2096"
	 message="Lock &quot;&lt;this.fifo&gt;:MUTEX&quot; not held when invoking this.fifo.wait; precondition unsatisfied"
	 category="lock precondition(s) not satisfied; possible race conditions enabled"
	 message-id="(209,&lt;this.fifo&gt;:MUTEX,this.fifo.wait,null)"
	 result-type="LockAnalysis_ds_PreconditionsNotAssured"
	 full-type="edu.cmu.cs.fluid.sea.ResultDrop"/>

<ir-drop type="ProposedPromiseDrop"
	 offset="1072"
	 length="147"
	 line="41"
	 path="BoundedFIFOJSure/src/com/surelogic/jsure/BoundedFIFO.java"
	 uri="file:/C:/work/jsure-test-update-script-workspace/BoundedFIFOJSure/src/com/surelogic/jsure/BoundedFIFO.java"
	 file="file:/C:/work/jsure-test-update-script-workspace/BoundedFIFOJSure/src/com/surelogic/jsure/BoundedFIFO.java"
	 hash="88407834"
	 context="-1313831777"
	 id="2238"
	 message="ProposedPromiseDrop @Unique(return)"
	 target-project="BoundedFIFOJSure"
	 java-annotation="@Unique(&quot;return&quot;)"
	 annotation-type="Unique"
	 contents="return"
	 origin="MODEL"
	 from-project="BoundedFIFOJSure"
	 full-type="edu.cmu.cs.fluid.sea.ProposedPromiseDrop"/>

<ir-drop type="ProposedPromiseDrop"
	 offset="1072"
	 length="147"
	 line="41"
	 path="BoundedFIFOJSure/src/com/surelogic/jsure/BoundedFIFO.java"
	 uri="file:/C:/work/jsure-test-update-script-workspace/BoundedFIFOJSure/src/com/surelogic/jsure/BoundedFIFO.java"
	 file="file:/C:/work/jsure-test-update-script-workspace/BoundedFIFOJSure/src/com/surelogic/jsure/BoundedFIFO.java"
	 hash="88407834"
	 context="-1313831777"
	 id="2657"
	 message="ProposedPromiseDrop @Unique(return)"
	 target-project="BoundedFIFOJSure"
	 java-annotation="@Unique(&quot;return&quot;)"
	 annotation-type="Unique"
	 contents="return"
	 origin="MODEL"
	 from-project="BoundedFIFOJSure"
	 full-type="edu.cmu.cs.fluid.sea.ProposedPromiseDrop"/>

<ir-drop type="ProposedPromiseDrop"
	 offset="163"
	 length="283"
	 line="10"
	 path="BoundedFIFOJSure/src/com/surelogic/jsure/BlockingFIFO.java"
	 uri="file:/C:/work/jsure-test-update-script-workspace/BoundedFIFOJSure/src/com/surelogic/jsure/BlockingFIFO.java"
	 file="file:/C:/work/jsure-test-update-script-workspace/BoundedFIFOJSure/src/com/surelogic/jsure/BlockingFIFO.java"
	 hash="803008296"
	 context="-1009164568"
	 id="2877"
	 message="ProposedPromiseDrop @RequiresLock(BufLock)"
	 target-project="BoundedFIFOJSure"
	 java-annotation="@RequiresLock(&quot;BufLock&quot;)"
	 annotation-type="RequiresLock"
	 contents="BufLock"
	 origin="MODEL"
	 from-project="BoundedFIFOJSure"
	 full-type="edu.cmu.cs.fluid.sea.ProposedPromiseDrop"/>

<ir-drop type="ProposedPromiseDrop"
	 offset="1072"
	 length="147"
	 line="41"
	 path="BoundedFIFOJSure/src/com/surelogic/jsure/BoundedFIFO.java"
	 uri="file:/C:/work/jsure-test-update-script-workspace/BoundedFIFOJSure/src/com/surelogic/jsure/BoundedFIFO.java"
	 file="file:/C:/work/jsure-test-update-script-workspace/BoundedFIFOJSure/src/com/surelogic/jsure/BoundedFIFO.java"
	 hash="88407834"
	 context="-1313831777"
	 id="2961"
	 message="ProposedPromiseDrop @RegionEffects(none)"
	 target-project="BoundedFIFOJSure"
	 java-annotation="@RegionEffects(&quot;none&quot;)"
	 annotation-type="RegionEffects"
	 contents="none"
	 origin="CODE"
	 from-project="BoundedFIFOJSure"
	 full-type="edu.cmu.cs.fluid.sea.ProposedPromiseDrop"/>

<result-drop type="ResultDrop"
	 offset="694"
	 length="13"
	 line="40"
	 path="BoundedFIFOJSure/src/com/surelogic/jsure/BlockingFIFO.java"
	 uri="file:/C:/work/jsure-test-update-script-workspace/BoundedFIFOJSure/src/com/surelogic/jsure/BlockingFIFO.java"
	 file="file:/C:/work/jsure-test-update-script-workspace/BoundedFIFOJSure/src/com/surelogic/jsure/BlockingFIFO.java"
	 hash="-930704549"
	 context="-1610301880"
	 id="3017"
	 message="Lock &quot;&lt;this.fifo&gt;:MUTEX&quot; held when invoking this.fifo.notify; precondition satisfied"
	 category="lock precondition(s) satisfied"
	 result-type="LockAnalysis_ds_PreconditionsAssured"
	 message-id="(207,&lt;this.fifo&gt;:MUTEX,this.fifo.notify,null)"
	 consistent="true"
	 proved-consistent="true"
	 full-type="edu.cmu.cs.fluid.sea.ResultDrop"/>

<result-drop type="ResultDrop"
	 offset="427"
	 length="11"
	 line="24"
	 path="BoundedFIFOJSure/src/com/surelogic/jsure/BlockingFIFO.java"
	 uri="file:/C:/work/jsure-test-update-script-workspace/BoundedFIFOJSure/src/com/surelogic/jsure/BlockingFIFO.java"
	 file="file:/C:/work/jsure-test-update-script-workspace/BoundedFIFOJSure/src/com/surelogic/jsure/BlockingFIFO.java"
	 hash="-867967697"
	 context="1902123371"
	 id="3057"
	 message="Lock &quot;&lt;this.fifo&gt;:BufLock&quot; not held when invoking this.fifo.put(e); precondition unsatisfied"
	 category="lock precondition(s) not satisfied; possible race conditions enabled"
	 message-id="(209,&lt;this.fifo&gt;:BufLock,this.fifo.put(e),null)"
	 result-type="LockAnalysis_ds_PreconditionsNotAssured"
	 full-type="edu.cmu.cs.fluid.sea.ResultDrop"/>

<ir-drop type="ProposedPromiseDrop"
	 offset="449"
	 length="284"
	 line="28"
	 path="BoundedFIFOJSure/src/com/surelogic/jsure/BlockingFIFO.java"
	 uri="file:/C:/work/jsure-test-update-script-workspace/BoundedFIFOJSure/src/com/surelogic/jsure/BlockingFIFO.java"
	 file="file:/C:/work/jsure-test-update-script-workspace/BoundedFIFOJSure/src/com/surelogic/jsure/BlockingFIFO.java"
	 hash="2145759295"
	 context="78615947"
	 id="3062"
	 message="ProposedPromiseDrop @RegionEffects(writes java.lang.Object:All)"
	 target-project="BoundedFIFOJSure"
	 java-annotation="@RegionEffects(&quot;writes java.lang.Object:All&quot;)"
	 annotation-type="RegionEffects"
	 contents="writes java.lang.Object:All"
	 origin="CODE"
	 from-project="BoundedFIFOJSure"
	 full-type="edu.cmu.cs.fluid.sea.ProposedPromiseDrop"/>

<ir-drop type="ProposedPromiseDrop"
	 offset="2209"
	 length="44"
	 line="90"
	 path="BoundedFIFOJSure/src/com/surelogic/jsure/BoundedFIFO.java"
	 uri="file:/C:/work/jsure-test-update-script-workspace/BoundedFIFOJSure/src/com/surelogic/jsure/BoundedFIFO.java"
	 file="file:/C:/work/jsure-test-update-script-workspace/BoundedFIFOJSure/src/com/surelogic/jsure/BoundedFIFO.java"
	 hash="-619934927"
	 context="-1903378963"
	 id="3066"
	 message="ProposedPromiseDrop @RegionEffects(reads this:Instance)"
	 target-project="BoundedFIFOJSure"
	 java-annotation="@RegionEffects(&quot;reads this:Instance&quot;)"
	 annotation-type="RegionEffects"
	 contents="reads this:Instance"
	 origin="CODE"
	 from-project="BoundedFIFOJSure"
	 full-type="edu.cmu.cs.fluid.sea.ProposedPromiseDrop"/>

<result-drop type="ResultDrop"
	 offset="653"
	 length="10"
	 line="38"
	 path="BoundedFIFOJSure/src/com/surelogic/jsure/BlockingFIFO.java"
	 uri="file:/C:/work/jsure-test-update-script-workspace/BoundedFIFOJSure/src/com/surelogic/jsure/BlockingFIFO.java"
	 file="file:/C:/work/jsure-test-update-script-workspace/BoundedFIFOJSure/src/com/surelogic/jsure/BlockingFIFO.java"
	 hash="1896373380"
	 context="-20388523"
	 id="3297"
	 message="Lock &quot;&lt;this.fifo&gt;:BufLock&quot; held when invoking this.fifo.get; precondition satisfied"
	 category="lock precondition(s) satisfied"
	 result-type="LockAnalysis_ds_PreconditionsAssured"
	 message-id="(207,&lt;this.fifo&gt;:BufLock,this.fifo.get,null)"
	 consistent="true"
	 proved-consistent="true"
	 full-type="edu.cmu.cs.fluid.sea.ResultDrop"/>

<ir-drop type="ProposedPromiseDrop"
	 offset="163"
	 length="283"
	 line="10"
	 path="BoundedFIFOJSure/src/com/surelogic/jsure/BlockingFIFO.java"
	 uri="file:/C:/work/jsure-test-update-script-workspace/BoundedFIFOJSure/src/com/surelogic/jsure/BlockingFIFO.java"
	 file="file:/C:/work/jsure-test-update-script-workspace/BoundedFIFOJSure/src/com/surelogic/jsure/BlockingFIFO.java"
	 hash="803008296"
	 context="-1009164568"
	 id="3363"
	 message="ProposedPromiseDrop @RequiresLock(BufLock)"
	 target-project="BoundedFIFOJSure"
	 java-annotation="@RequiresLock(&quot;BufLock&quot;)"
	 annotation-type="RequiresLock"
	 contents="BufLock"
	 origin="MODEL"
	 from-project="BoundedFIFOJSure"
	 full-type="edu.cmu.cs.fluid.sea.ProposedPromiseDrop"/>

<ir-drop type="ProposedPromiseDrop"
	 offset="736"
	 length="77"
	 line="46"
	 path="BoundedFIFOJSure/src/com/surelogic/jsure/BlockingFIFO.java"
	 uri="file:/C:/work/jsure-test-update-script-workspace/BoundedFIFOJSure/src/com/surelogic/jsure/BlockingFIFO.java"
	 file="file:/C:/work/jsure-test-update-script-workspace/BoundedFIFOJSure/src/com/surelogic/jsure/BlockingFIFO.java"
	 hash="97438872"
	 context="1303360307"
	 id="3413"
	 message="ProposedPromiseDrop @RegionEffects(writes java.lang.Object:All)"
	 target-project="BoundedFIFOJSure"
	 java-annotation="@RegionEffects(&quot;writes java.lang.Object:All&quot;)"
	 annotation-type="RegionEffects"
	 contents="writes java.lang.Object:All"
	 origin="CODE"
	 from-project="BoundedFIFOJSure"
	 full-type="edu.cmu.cs.fluid.sea.ProposedPromiseDrop"/>

<ir-drop type="ProposedPromiseDrop"
	 offset="1812"
	 length="141"
	 line="70"
	 path="BoundedFIFOJSure/src/com/surelogic/jsure/BoundedFIFO.java"
	 uri="file:/C:/work/jsure-test-update-script-workspace/BoundedFIFOJSure/src/com/surelogic/jsure/BoundedFIFO.java"
	 file="file:/C:/work/jsure-test-update-script-workspace/BoundedFIFOJSure/src/com/surelogic/jsure/BoundedFIFO.java"
	 hash="1420648169"
	 context="-398113170"
	 id="3424"
	 message="ProposedPromiseDrop @RegionEffects(writes any(java.lang.Object):Instance)"
	 target-project="BoundedFIFOJSure"
	 java-annotation="@RegionEffects(&quot;writes any(java.lang.Object):Instance&quot;)"
	 annotation-type="RegionEffects"
	 contents="writes any(java.lang.Object):Instance"
	 origin="CODE"
	 from-project="BoundedFIFOJSure"
	 full-type="edu.cmu.cs.fluid.sea.ProposedPromiseDrop"/>

<promise-drop type="RequiresLockPromiseDrop"
	 offset="2896"
	 line="115"
	 path="BoundedFIFOJSure/src/com/surelogic/jsure/BoundedFIFO.java"
	 uri="file:/C:/work/jsure-test-update-script-workspace/BoundedFIFOJSure/src/com/surelogic/jsure/BoundedFIFO.java"
	 file="file:/C:/work/jsure-test-update-script-workspace/BoundedFIFOJSure/src/com/surelogic/jsure/BoundedFIFO.java"
	 hash="1874440324"
	 context="-134196960"
	 virtual="true"
	 id="3675"
	 message="RequiresLock BufLock on com.surelogic.jsure.BoundedFIFO.isFull()"
	 category="lock precondition(s)"
	 to-be-checked-by-analysis="true"
	 from-src="true"
	 message-id="(102,RequiresLock BufLock,com.surelogic.jsure.BoundedFIFO.isFull())"
	 checked-by-analysis="true"
	 full-type="edu.cmu.cs.fluid.sea.drops.promises.RequiresLockPromiseDrop"/>

<ir-drop type="ProposedPromiseDrop"
	 offset="1349"
	 length="166"
	 line="52"
	 path="BoundedFIFOJSure/src/com/surelogic/jsure/BoundedFIFO.java"
	 uri="file:/C:/work/jsure-test-update-script-workspace/BoundedFIFOJSure/src/com/surelogic/jsure/BoundedFIFO.java"
	 file="file:/C:/work/jsure-test-update-script-workspace/BoundedFIFOJSure/src/com/surelogic/jsure/BoundedFIFO.java"
	 hash="-1878828405"
	 context="-269806319"
	 id="3797"
	 message="ProposedPromiseDrop @RegionEffects(reads any(java.lang.Object):Instance; writes this:Instance)"
	 target-project="BoundedFIFOJSure"
	 java-annotation="@RegionEffects(&quot;reads any(java.lang.Object):Instance; writes this:Instance&quot;)"
	 annotation-type="RegionEffects"
	 contents="reads any(java.lang.Object):Instance; writes this:Instance"
	 origin="CODE"
	 from-project="BoundedFIFOJSure"
	 full-type="edu.cmu.cs.fluid.sea.ProposedPromiseDrop"/>

<ir-drop type="ProposedPromiseDrop"
	 offset="163"
	 length="283"
	 line="10"
	 path="BoundedFIFOJSure/src/com/surelogic/jsure/BlockingFIFO.java"
	 uri="file:/C:/work/jsure-test-update-script-workspace/BoundedFIFOJSure/src/com/surelogic/jsure/BlockingFIFO.java"
	 file="file:/C:/work/jsure-test-update-script-workspace/BoundedFIFOJSure/src/com/surelogic/jsure/BlockingFIFO.java"
	 hash="803008296"
	 context="-1009164568"
	 id="3856"
	 message="ProposedPromiseDrop @RegionEffects(writes java.lang.Object:All)"
	 target-project="BoundedFIFOJSure"
	 java-annotation="@RegionEffects(&quot;writes java.lang.Object:All&quot;)"
	 annotation-type="RegionEffects"
	 contents="writes java.lang.Object:All"
	 origin="CODE"
	 from-project="BoundedFIFOJSure"
	 full-type="edu.cmu.cs.fluid.sea.ProposedPromiseDrop"/>

<result-drop type="ResultDrop"
	 offset="231"
	 length="13"
	 line="12"
	 path="BoundedFIFOJSure/src/com/surelogic/jsure/BlockingFIFO.java"
	 uri="file:/C:/work/jsure-test-update-script-workspace/BoundedFIFOJSure/src/com/surelogic/jsure/BlockingFIFO.java"
	 file="file:/C:/work/jsure-test-update-script-workspace/BoundedFIFOJSure/src/com/surelogic/jsure/BlockingFIFO.java"
	 hash="-1071514901"
	 context="-32330955"
	 id="4212"
	 message="Lock &quot;&lt;this.fifo&gt;:BufLock&quot; not held when invoking this.fifo.isFull; precondition unsatisfied"
	 category="lock precondition(s) not satisfied; possible race conditions enabled"
	 message-id="(209,&lt;this.fifo&gt;:BufLock,this.fifo.isFull,null)"
	 result-type="LockAnalysis_ds_PreconditionsNotAssured"
	 full-type="edu.cmu.cs.fluid.sea.ResultDrop"/>

<ir-drop type="WarningDrop"
	 offset="1876"
	 length="9"
	 line="72"
	 path="BoundedFIFOJSure/src/com/surelogic/jsure/BoundedFIFO.java"
	 uri="file:/C:/work/jsure-test-update-script-workspace/BoundedFIFOJSure/src/com/surelogic/jsure/BoundedFIFO.java"
	 file="file:/C:/work/jsure-test-update-script-workspace/BoundedFIFOJSure/src/com/surelogic/jsure/BoundedFIFO.java"
	 hash="-49834690"
	 context="-398113170"
	 id="4483"
	 message="Field reference &quot;this.buf [ this.next ]&quot; may be to a shared unprotected object"
	 category="protected reference(s) to a possibly shared unprotected object; possible race condition detected"
	 message-id="(201,this.buf [ this.next ])"
	 result-type="LockAnalysis_ds_AggregationNeeded"
	 full-type="edu.cmu.cs.fluid.sea.WarningDrop"/>

</sea-summary>

