<?xml version='1.0' encoding='UTF-8' standalone='yes'?>
<sea-summary time="May 22, 2012 11:22:21 AM"
	 project="BoundedFIFOJSure">

<count LockModel="2"/>
<count PromisePromiseDrop="1"/>
<count ProposedPromiseDrop="13"/>
<count UniquePromiseDrop="2"/>
<count ResultDrop="52"/>
<count RequiresLockPromiseDrop="7"/>
<result-drop type="ResultDrop"
	 offset="450"
	 length="11"
	 line="24"
	 path="BoundedFIFOJSure/src/com/surelogic/jsure/BlockingFIFO.java"
	 uri="file:/C:/work/jsure-test-update-script-workspace/BoundedFIFOJSure/src/com/surelogic/jsure/BlockingFIFO.java"
	 file="file:/C:/work/jsure-test-update-script-workspace/BoundedFIFOJSure/src/com/surelogic/jsure/BlockingFIFO.java"
	 hash="-867967697"
	 context="1902123371"
	 id="29"
	 message="Lock &quot;&lt;this.fifo&gt;:BufLock&quot; held when invoking this.fifo.put(e); precondition satisfied"
	 category="lock precondition(s) satisfied"
	 result-type="LockAnalysis_ds_PreconditionsAssured"
	 message-id="(207,&lt;this.fifo&gt;:BufLock,this.fifo.put(e),null)"
	 consistent="true"
	 proved-consistent="true"
	 full-type="edu.cmu.cs.fluid.sea.ResultDrop"/>

<promise-drop type="RequiresLockPromiseDrop"
	 offset="1855"
	 line="73"
	 path="BoundedFIFOJSure/src/com/surelogic/jsure/BoundedFIFO.java"
	 uri="file:/C:/work/jsure-test-update-script-workspace/BoundedFIFOJSure/src/com/surelogic/jsure/BoundedFIFO.java"
	 file="file:/C:/work/jsure-test-update-script-workspace/BoundedFIFOJSure/src/com/surelogic/jsure/BoundedFIFO.java"
	 hash="1420648169"
	 context="-398113170"
	 virtual="true"
	 id="31"
	 message="RequiresLock BufLock on com.surelogic.jsure.BoundedFIFO.put(com.surelogic.jsure.LoggingEvent)"
	 category="lock precondition(s)"
	 to-be-checked-by-analysis="true"
	 from-src="true"
	 message-id="(102,RequiresLock BufLock,com.surelogic.jsure.BoundedFIFO.put(com.surelogic.jsure.LoggingEvent))"
	 checked-by-analysis="true"
	 proved-consistent="true"
	 full-type="edu.cmu.cs.fluid.sea.drops.promises.RequiresLockPromiseDrop"/>

<promise-drop type="UniquePromiseDrop"
	 offset="815"
	 line="28"
	 path="BoundedFIFOJSure/src/com/surelogic/jsure/BoundedFIFO.java"
	 uri="file:/C:/work/jsure-test-update-script-workspace/BoundedFIFOJSure/src/com/surelogic/jsure/BoundedFIFO.java"
	 file="file:/C:/work/jsure-test-update-script-workspace/BoundedFIFOJSure/src/com/surelogic/jsure/BoundedFIFO.java"
	 hash="97907"
	 context="-728775891"
	 id="243"
	 message="Unique on buf"
	 category="Uniqueness"
	 to-be-checked-by-analysis="true"
	 from-src="true"
	 message-id="(115,buf)"
	 checked-by-analysis="true"
	 request-top-level="true"
	 proved-consistent="true"
	 full-type="edu.cmu.cs.fluid.sea.drops.promises.UniquePromiseDrop"/>

<result-drop type="ResultDrop"
	 offset="1095"
	 length="167"
	 line="43"
	 path="BoundedFIFOJSure/src/com/surelogic/jsure/BoundedFIFO.java"
	 uri="file:/C:/work/jsure-test-update-script-workspace/BoundedFIFOJSure/src/com/surelogic/jsure/BoundedFIFO.java"
	 file="file:/C:/work/jsure-test-update-script-workspace/BoundedFIFOJSure/src/com/surelogic/jsure/BoundedFIFO.java"
	 hash="88407834"
	 context="-1313831777"
	 id="245"
	 message="Assurance conservatively depends on the unique fields accessed in method com.surelogic.jsure.BoundedFIFO.BoundedFIFO(int)"
	 result-type="UniquenessAssurance_aggregatedUniqueFields"
	 message-id="(306,com.surelogic.jsure.BoundedFIFO.BoundedFIFO(int))"
	 proved-consistent="true"
	 consistent="true"
	 full-type="edu.cmu.cs.fluid.sea.ResultDrop"/>

<result-drop type="ResultDrop"
	 offset="1173"
	 length="30"
	 line="46"
	 path="BoundedFIFOJSure/src/com/surelogic/jsure/BoundedFIFO.java"
	 uri="file:/C:/work/jsure-test-update-script-workspace/BoundedFIFOJSure/src/com/surelogic/jsure/BoundedFIFO.java"
	 file="file:/C:/work/jsure-test-update-script-workspace/BoundedFIFOJSure/src/com/surelogic/jsure/BoundedFIFO.java"
	 hash="1689055504"
	 context="-1313831777"
	 id="246"
	 message="Effects of call new java.lang.IllegalArgumentException"
	 result-type="UniquenessAssurance_effectOfCallDrop"
	 message-id="(304,new java.lang.IllegalArgumentException)"
	 proved-consistent="true"
	 consistent="true"
	 full-type="edu.cmu.cs.fluid.sea.ResultDrop"/>

<result-drop type="ResultDrop"
	 offset="1855"
	 length="141"
	 line="73"
	 path="BoundedFIFOJSure/src/com/surelogic/jsure/BoundedFIFO.java"
	 uri="file:/C:/work/jsure-test-update-script-workspace/BoundedFIFOJSure/src/com/surelogic/jsure/BoundedFIFO.java"
	 file="file:/C:/work/jsure-test-update-script-workspace/BoundedFIFOJSure/src/com/surelogic/jsure/BoundedFIFO.java"
	 hash="1420648169"
	 context="-398113170"
	 id="247"
	 message="Control flow of method com.surelogic.jsure.BoundedFIFO.put(com.surelogic.jsure.LoggingEvent)"
	 result-type="UniquenessAssurance"
	 message-id="(300,method,com.surelogic.jsure.BoundedFIFO.put(com.surelogic.jsure.LoggingEvent))"
	 proved-consistent="true"
	 consistent="true"
	 full-type="edu.cmu.cs.fluid.sea.ResultDrop"/>

<result-drop type="ResultDrop"
	 offset="1095"
	 length="167"
	 line="43"
	 path="BoundedFIFOJSure/src/com/surelogic/jsure/BoundedFIFO.java"
	 uri="file:/C:/work/jsure-test-update-script-workspace/BoundedFIFOJSure/src/com/surelogic/jsure/BoundedFIFO.java"
	 file="file:/C:/work/jsure-test-update-script-workspace/BoundedFIFOJSure/src/com/surelogic/jsure/BoundedFIFO.java"
	 hash="88407834"
	 context="-1313831777"
	 id="248"
	 message="Control flow of constructor com.surelogic.jsure.BoundedFIFO.BoundedFIFO(int)"
	 result-type="UniquenessAssurance"
	 message-id="(300,constructor,com.surelogic.jsure.BoundedFIFO.BoundedFIFO(int))"
	 proved-consistent="true"
	 consistent="true"
	 full-type="edu.cmu.cs.fluid.sea.ResultDrop"/>

<result-drop type="ResultDrop"
	 offset="1392"
	 length="166"
	 line="55"
	 path="BoundedFIFOJSure/src/com/surelogic/jsure/BoundedFIFO.java"
	 uri="file:/C:/work/jsure-test-update-script-workspace/BoundedFIFOJSure/src/com/surelogic/jsure/BoundedFIFO.java"
	 file="file:/C:/work/jsure-test-update-script-workspace/BoundedFIFOJSure/src/com/surelogic/jsure/BoundedFIFO.java"
	 hash="-1878828405"
	 context="-269806319"
	 id="249"
	 message="Control flow of method com.surelogic.jsure.BoundedFIFO.get()"
	 result-type="UniquenessAssurance"
	 message-id="(300,method,com.surelogic.jsure.BoundedFIFO.get())"
	 proved-consistent="true"
	 consistent="true"
	 full-type="edu.cmu.cs.fluid.sea.ResultDrop"/>

<result-drop type="ResultDrop"
	 offset="1392"
	 length="166"
	 line="55"
	 path="BoundedFIFOJSure/src/com/surelogic/jsure/BoundedFIFO.java"
	 uri="file:/C:/work/jsure-test-update-script-workspace/BoundedFIFOJSure/src/com/surelogic/jsure/BoundedFIFO.java"
	 file="file:/C:/work/jsure-test-update-script-workspace/BoundedFIFOJSure/src/com/surelogic/jsure/BoundedFIFO.java"
	 hash="-1878828405"
	 context="-269806319"
	 id="250"
	 message="Assurance conservatively depends on the unique fields accessed in method com.surelogic.jsure.BoundedFIFO.get()"
	 result-type="UniquenessAssurance_aggregatedUniqueFields"
	 message-id="(306,com.surelogic.jsure.BoundedFIFO.get())"
	 proved-consistent="true"
	 consistent="true"
	 full-type="edu.cmu.cs.fluid.sea.ResultDrop"/>

<result-drop type="ResultDrop"
	 offset="1855"
	 length="141"
	 line="73"
	 path="BoundedFIFOJSure/src/com/surelogic/jsure/BoundedFIFO.java"
	 uri="file:/C:/work/jsure-test-update-script-workspace/BoundedFIFOJSure/src/com/surelogic/jsure/BoundedFIFO.java"
	 file="file:/C:/work/jsure-test-update-script-workspace/BoundedFIFOJSure/src/com/surelogic/jsure/BoundedFIFO.java"
	 hash="1420648169"
	 context="-398113170"
	 id="251"
	 message="Assurance conservatively depends on the unique fields accessed in method com.surelogic.jsure.BoundedFIFO.put(com.surelogic.jsure.LoggingEvent)"
	 result-type="UniquenessAssurance_aggregatedUniqueFields"
	 message-id="(306,com.surelogic.jsure.BoundedFIFO.put(com.surelogic.jsure.LoggingEvent))"
	 proved-consistent="true"
	 consistent="true"
	 full-type="edu.cmu.cs.fluid.sea.ResultDrop"/>

<result-drop type="ResultDrop"
	 offset="1149"
	 line="45"
	 path="BoundedFIFOJSure/src/com/surelogic/jsure/BoundedFIFO.java"
	 uri="file:/C:/work/jsure-test-update-script-workspace/BoundedFIFOJSure/src/com/surelogic/jsure/BoundedFIFO.java"
	 file="file:/C:/work/jsure-test-update-script-workspace/BoundedFIFOJSure/src/com/surelogic/jsure/BoundedFIFO.java"
	 hash="109801339"
	 context="-1313831777"
	 id="252"
	 message="Effects of call super"
	 result-type="UniquenessAssurance_effectOfCallDrop"
	 message-id="(304,super)"
	 proved-consistent="true"
	 consistent="true"
	 full-type="edu.cmu.cs.fluid.sea.ResultDrop"/>

<result-drop type="ResultDrop"
	 offset="1149"
	 line="45"
	 path="BoundedFIFOJSure/src/com/surelogic/jsure/BoundedFIFO.java"
	 uri="file:/C:/work/jsure-test-update-script-workspace/BoundedFIFOJSure/src/com/surelogic/jsure/BoundedFIFO.java"
	 file="file:/C:/work/jsure-test-update-script-workspace/BoundedFIFOJSure/src/com/surelogic/jsure/BoundedFIFO.java"
	 hash="109801339"
	 context="-1313831777"
	 id="253"
	 message="Unique return value of call super"
	 result-type="UniquenessAssurance_uniqueReturnDrop"
	 message-id="(301,super)"
	 proved-consistent="true"
	 consistent="true"
	 full-type="edu.cmu.cs.fluid.sea.ResultDrop"/>

<result-drop type="ResultDrop"
	 offset="1173"
	 length="30"
	 line="46"
	 path="BoundedFIFOJSure/src/com/surelogic/jsure/BoundedFIFO.java"
	 uri="file:/C:/work/jsure-test-update-script-workspace/BoundedFIFOJSure/src/com/surelogic/jsure/BoundedFIFO.java"
	 file="file:/C:/work/jsure-test-update-script-workspace/BoundedFIFOJSure/src/com/surelogic/jsure/BoundedFIFO.java"
	 hash="1689055504"
	 context="-1313831777"
	 id="254"
	 message="Unique return value of call new java.lang.IllegalArgumentException"
	 result-type="UniquenessAssurance_uniqueReturnDrop"
	 message-id="(301,new java.lang.IllegalArgumentException)"
	 proved-consistent="true"
	 consistent="true"
	 full-type="edu.cmu.cs.fluid.sea.ResultDrop"/>

<result-drop type="ResultDrop"
	 offset="1229"
	 length="3"
	 line="48"
	 path="BoundedFIFOJSure/src/com/surelogic/jsure/BoundedFIFO.java"
	 uri="file:/C:/work/jsure-test-update-script-workspace/BoundedFIFOJSure/src/com/surelogic/jsure/BoundedFIFO.java"
	 file="file:/C:/work/jsure-test-update-script-workspace/BoundedFIFOJSure/src/com/surelogic/jsure/BoundedFIFO.java"
	 hash="1227372323"
	 context="435203526"
	 id="443"
	 message="Acting as if lock &quot;&lt;this&gt;:BufLock&quot; were held when accessing this.buf (occurs within a thread-confined constructor)"
	 category="protected field access(es)"
	 result-type="LockAnalysis_ds_FieldAccessOkayThreadConfined"
	 message-id="(246,&lt;this&gt;:BufLock,this.buf,null)"
	 or-proved-consistent="true"
	 consistent="true"
	 proved-consistent="true"
	 full-type="edu.cmu.cs.fluid.sea.ResultDrop"/>

<promise-drop type="LockModel"
	 offset="702"
	 line="25"
	 path="BoundedFIFOJSure/src/com/surelogic/jsure/BoundedFIFO.java"
	 uri="file:/C:/work/jsure-test-update-script-workspace/BoundedFIFOJSure/src/com/surelogic/jsure/BoundedFIFO.java"
	 file="file:/C:/work/jsure-test-update-script-workspace/BoundedFIFOJSure/src/com/surelogic/jsure/BoundedFIFO.java"
	 hash="1990119280"
	 context="-1685491800"
	 id="444"
	 message="RegionLock com.surelogic.jsure.BoundedFIFO.BufLock is this protects Instance on BoundedFIFO"
	 category="Concurrency"
	 to-be-checked-by-analysis="true"
	 from-src="true"
	 message-id="(100,com.surelogic.jsure.BoundedFIFO.BufLock,this,Instance,BoundedFIFO)"
	 checked-by-analysis="true"
	 proved-consistent="true"
	 full-type="edu.cmu.cs.fluid.sea.drops.promises.LockModel"/>

<promise-drop type="UniquePromiseDrop"
	 offset="1103"
	 line="43"
	 path="BoundedFIFOJSure/src/com/surelogic/jsure/BoundedFIFO.java"
	 uri="file:/C:/work/jsure-test-update-script-workspace/BoundedFIFOJSure/src/com/surelogic/jsure/BoundedFIFO.java"
	 file="file:/C:/work/jsure-test-update-script-workspace/BoundedFIFOJSure/src/com/surelogic/jsure/BoundedFIFO.java"
	 hash="-176181199"
	 context="-1313831777"
	 id="445"
	 message="Unique(return) on com.surelogic.jsure.BoundedFIFO.BoundedFIFO(int)"
	 category="Uniqueness"
	 to-be-checked-by-analysis="true"
	 from-src="true"
	 message-id="(116,return,com.surelogic.jsure.BoundedFIFO.BoundedFIFO(int))"
	 checked-by-analysis="true"
	 request-top-level="true"
	 proved-consistent="true"
	 full-type="edu.cmu.cs.fluid.sea.drops.promises.UniquePromiseDrop"/>

<promise-drop type="RequiresLockPromiseDrop"
	 offset="2252"
	 line="93"
	 path="BoundedFIFOJSure/src/com/surelogic/jsure/BoundedFIFO.java"
	 uri="file:/C:/work/jsure-test-update-script-workspace/BoundedFIFOJSure/src/com/surelogic/jsure/BoundedFIFO.java"
	 file="file:/C:/work/jsure-test-update-script-workspace/BoundedFIFOJSure/src/com/surelogic/jsure/BoundedFIFO.java"
	 hash="-619934927"
	 context="-1903378963"
	 virtual="true"
	 id="471"
	 message="RequiresLock BufLock on com.surelogic.jsure.BoundedFIFO.length()"
	 category="lock precondition(s)"
	 to-be-checked-by-analysis="true"
	 from-src="true"
	 message-id="(102,RequiresLock BufLock,com.surelogic.jsure.BoundedFIFO.length())"
	 checked-by-analysis="true"
	 proved-consistent="true"
	 full-type="edu.cmu.cs.fluid.sea.drops.promises.RequiresLockPromiseDrop"/>

<promise-drop type="PromisePromiseDrop"
	 offset="749"
	 line="25"
	 path="BoundedFIFOJSure/src/com/surelogic/jsure/BoundedFIFO.java"
	 uri="file:/C:/work/jsure-test-update-script-workspace/BoundedFIFOJSure/src/com/surelogic/jsure/BoundedFIFO.java"
	 file="file:/C:/work/jsure-test-update-script-workspace/BoundedFIFOJSure/src/com/surelogic/jsure/BoundedFIFO.java"
	 hash="1990119280"
	 context="-1685491800"
	 id="472"
	 message="Promise @RequiresLock(BufLock) for *(**)"
	 category="Scoped promises"
	 to-be-checked-by-analysis="true"
	 from-src="true"
	 checked-by-analysis="true"
	 proved-consistent="true"
	 full-type="edu.cmu.cs.fluid.sea.drops.promises.PromisePromiseDrop"/>

<result-drop type="ResultDrop"
	 offset="839"
	 length="13"
	 line="48"
	 path="BoundedFIFOJSure/src/com/surelogic/jsure/BlockingFIFO.java"
	 uri="file:/C:/work/jsure-test-update-script-workspace/BoundedFIFOJSure/src/com/surelogic/jsure/BlockingFIFO.java"
	 file="file:/C:/work/jsure-test-update-script-workspace/BoundedFIFOJSure/src/com/surelogic/jsure/BlockingFIFO.java"
	 hash="-997378312"
	 context="-1760718439"
	 id="473"
	 message="Lock &quot;&lt;this.fifo&gt;:BufLock&quot; held when invoking this.fifo.length; precondition satisfied"
	 category="lock precondition(s) satisfied"
	 result-type="LockAnalysis_ds_PreconditionsAssured"
	 message-id="(207,&lt;this.fifo&gt;:BufLock,this.fifo.length,null)"
	 consistent="true"
	 proved-consistent="true"
	 full-type="edu.cmu.cs.fluid.sea.ResultDrop"/>

<result-drop type="ResultDrop"
	 offset="560"
	 length="13"
	 line="31"
	 path="BoundedFIFOJSure/src/com/surelogic/jsure/BlockingFIFO.java"
	 uri="file:/C:/work/jsure-test-update-script-workspace/BoundedFIFOJSure/src/com/surelogic/jsure/BlockingFIFO.java"
	 file="file:/C:/work/jsure-test-update-script-workspace/BoundedFIFOJSure/src/com/surelogic/jsure/BlockingFIFO.java"
	 hash="-997378312"
	 context="-676937499"
	 id="474"
	 message="Lock &quot;&lt;this.fifo&gt;:BufLock&quot; held when invoking this.fifo.length; precondition satisfied"
	 category="lock precondition(s) satisfied"
	 result-type="LockAnalysis_ds_PreconditionsAssured"
	 message-id="(207,&lt;this.fifo&gt;:BufLock,this.fifo.length,null)"
	 consistent="true"
	 proved-consistent="true"
	 full-type="edu.cmu.cs.fluid.sea.ResultDrop"/>

<result-drop type="ResultDrop"
	 offset="2090"
	 length="4"
	 line="86"
	 path="BoundedFIFOJSure/src/com/surelogic/jsure/BoundedFIFO.java"
	 uri="file:/C:/work/jsure-test-update-script-workspace/BoundedFIFOJSure/src/com/surelogic/jsure/BoundedFIFO.java"
	 file="file:/C:/work/jsure-test-update-script-workspace/BoundedFIFOJSure/src/com/surelogic/jsure/BoundedFIFO.java"
	 hash="-605668015"
	 context="-1105696053"
	 id="575"
	 message="Lock &quot;&lt;this&gt;:BufLock&quot; held when accessing this.size"
	 category="protected field access(es)"
	 result-type="LockAnalysis_ds_FieldAccessAssured"
	 message-id="(203,&lt;this&gt;:BufLock,this.size,null)"
	 consistent="true"
	 proved-consistent="true"
	 full-type="edu.cmu.cs.fluid.sea.ResultDrop"/>

<promise-drop type="RequiresLockPromiseDrop"
	 offset="2054"
	 line="85"
	 path="BoundedFIFOJSure/src/com/surelogic/jsure/BoundedFIFO.java"
	 uri="file:/C:/work/jsure-test-update-script-workspace/BoundedFIFOJSure/src/com/surelogic/jsure/BoundedFIFO.java"
	 file="file:/C:/work/jsure-test-update-script-workspace/BoundedFIFOJSure/src/com/surelogic/jsure/BoundedFIFO.java"
	 hash="800772265"
	 context="1191951638"
	 virtual="true"
	 id="576"
	 message="RequiresLock BufLock on com.surelogic.jsure.BoundedFIFO.getMaxSize()"
	 category="lock precondition(s)"
	 to-be-checked-by-analysis="true"
	 from-src="true"
	 message-id="(102,RequiresLock BufLock,com.surelogic.jsure.BoundedFIFO.getMaxSize())"
	 checked-by-analysis="true"
	 proved-consistent="true"
	 full-type="edu.cmu.cs.fluid.sea.drops.promises.RequiresLockPromiseDrop"/>

<result-drop type="ResultDrop"
	 offset="1507"
	 length="4"
	 line="59"
	 path="BoundedFIFOJSure/src/com/surelogic/jsure/BoundedFIFO.java"
	 uri="file:/C:/work/jsure-test-update-script-workspace/BoundedFIFOJSure/src/com/surelogic/jsure/BoundedFIFO.java"
	 file="file:/C:/work/jsure-test-update-script-workspace/BoundedFIFOJSure/src/com/surelogic/jsure/BoundedFIFO.java"
	 hash="-605668015"
	 context="242563324"
	 id="603"
	 message="Lock &quot;&lt;this&gt;:BufLock&quot; held when accessing this.size"
	 category="protected field access(es)"
	 result-type="LockAnalysis_ds_FieldAccessAssured"
	 message-id="(203,&lt;this&gt;:BufLock,this.size,null)"
	 consistent="true"
	 proved-consistent="true"
	 full-type="edu.cmu.cs.fluid.sea.ResultDrop"/>

<promise-drop type="RequiresLockPromiseDrop"
	 offset="1392"
	 line="55"
	 path="BoundedFIFOJSure/src/com/surelogic/jsure/BoundedFIFO.java"
	 uri="file:/C:/work/jsure-test-update-script-workspace/BoundedFIFOJSure/src/com/surelogic/jsure/BoundedFIFO.java"
	 file="file:/C:/work/jsure-test-update-script-workspace/BoundedFIFOJSure/src/com/surelogic/jsure/BoundedFIFO.java"
	 hash="-1878828405"
	 context="-269806319"
	 virtual="true"
	 id="604"
	 message="RequiresLock BufLock on com.surelogic.jsure.BoundedFIFO.get()"
	 category="lock precondition(s)"
	 to-be-checked-by-analysis="true"
	 from-src="true"
	 message-id="(102,RequiresLock BufLock,com.surelogic.jsure.BoundedFIFO.get())"
	 checked-by-analysis="true"
	 proved-consistent="true"
	 full-type="edu.cmu.cs.fluid.sea.drops.promises.RequiresLockPromiseDrop"/>

<result-drop type="ResultDrop"
	 offset="1427"
	 length="7"
	 line="56"
	 path="BoundedFIFOJSure/src/com/surelogic/jsure/BoundedFIFO.java"
	 uri="file:/C:/work/jsure-test-update-script-workspace/BoundedFIFOJSure/src/com/surelogic/jsure/BoundedFIFO.java"
	 file="file:/C:/work/jsure-test-update-script-workspace/BoundedFIFOJSure/src/com/surelogic/jsure/BoundedFIFO.java"
	 hash="-110077252"
	 context="-968509295"
	 id="678"
	 message="Lock &quot;&lt;this&gt;:BufLock&quot; held when accessing this.numElts"
	 category="protected field access(es)"
	 result-type="LockAnalysis_ds_FieldAccessAssured"
	 message-id="(203,&lt;this&gt;:BufLock,this.numElts,null)"
	 consistent="true"
	 proved-consistent="true"
	 full-type="edu.cmu.cs.fluid.sea.ResultDrop"/>

<result-drop type="ResultDrop"
	 offset="1919"
	 length="9"
	 line="75"
	 path="BoundedFIFOJSure/src/com/surelogic/jsure/BoundedFIFO.java"
	 uri="file:/C:/work/jsure-test-update-script-workspace/BoundedFIFOJSure/src/com/surelogic/jsure/BoundedFIFO.java"
	 file="file:/C:/work/jsure-test-update-script-workspace/BoundedFIFOJSure/src/com/surelogic/jsure/BoundedFIFO.java"
	 hash="-49834690"
	 context="-398113170"
	 id="711"
	 message="Lock &quot;&lt;this&gt;:BufLock&quot; held when accessing this.buf [ this.next ]"
	 category="protected field access(es)"
	 result-type="LockAnalysis_ds_FieldAccessAssured"
	 message-id="(203,&lt;this&gt;:BufLock,this.buf [ this.next ],null)"
	 consistent="true"
	 proved-consistent="true"
	 full-type="edu.cmu.cs.fluid.sea.ResultDrop"/>

<result-drop type="ResultDrop"
	 offset="2752"
	 length="7"
	 line="111"
	 path="BoundedFIFOJSure/src/com/surelogic/jsure/BoundedFIFO.java"
	 uri="file:/C:/work/jsure-test-update-script-workspace/BoundedFIFOJSure/src/com/surelogic/jsure/BoundedFIFO.java"
	 file="file:/C:/work/jsure-test-update-script-workspace/BoundedFIFOJSure/src/com/surelogic/jsure/BoundedFIFO.java"
	 hash="-110077252"
	 context="-334227245"
	 id="712"
	 message="Lock &quot;&lt;this&gt;:BufLock&quot; held when accessing this.numElts"
	 category="protected field access(es)"
	 result-type="LockAnalysis_ds_FieldAccessAssured"
	 message-id="(203,&lt;this&gt;:BufLock,this.numElts,null)"
	 consistent="true"
	 proved-consistent="true"
	 full-type="edu.cmu.cs.fluid.sea.ResultDrop"/>

<result-drop type="ResultDrop"
	 offset="1944"
	 length="4"
	 line="76"
	 path="BoundedFIFOJSure/src/com/surelogic/jsure/BoundedFIFO.java"
	 uri="file:/C:/work/jsure-test-update-script-workspace/BoundedFIFOJSure/src/com/surelogic/jsure/BoundedFIFO.java"
	 file="file:/C:/work/jsure-test-update-script-workspace/BoundedFIFOJSure/src/com/surelogic/jsure/BoundedFIFO.java"
	 hash="-464187794"
	 context="178982695"
	 id="713"
	 message="Lock &quot;&lt;this&gt;:BufLock&quot; held when accessing (this.next)"
	 category="protected field access(es)"
	 result-type="LockAnalysis_ds_FieldAccessAssured"
	 message-id="(203,&lt;this&gt;:BufLock,(this.next),null)"
	 consistent="true"
	 proved-consistent="true"
	 full-type="edu.cmu.cs.fluid.sea.ResultDrop"/>

<result-drop type="ResultDrop"
	 offset="909"
	 length="1"
	 line="34"
	 path="BoundedFIFOJSure/src/com/surelogic/jsure/BoundedFIFO.java"
	 uri="file:/C:/work/jsure-test-update-script-workspace/BoundedFIFOJSure/src/com/surelogic/jsure/BoundedFIFO.java"
	 file="file:/C:/work/jsure-test-update-script-workspace/BoundedFIFOJSure/src/com/surelogic/jsure/BoundedFIFO.java"
	 hash="1422806624"
	 context="-1116873351"
	 id="714"
	 message="Acting as if lock &quot;&lt;this&gt;:BufLock&quot; were held when accessing next = 0 (occurs within a thread-confined constructor)"
	 category="protected field access(es)"
	 result-type="LockAnalysis_ds_FieldAccessOkayThreadConfined"
	 message-id="(246,&lt;this&gt;:BufLock,next = 0,null)"
	 or-proved-consistent="true"
	 consistent="true"
	 proved-consistent="true"
	 full-type="edu.cmu.cs.fluid.sea.ResultDrop"/>

<result-drop type="ResultDrop"
	 offset="876"
	 length="1"
	 line="32"
	 path="BoundedFIFOJSure/src/com/surelogic/jsure/BoundedFIFO.java"
	 uri="file:/C:/work/jsure-test-update-script-workspace/BoundedFIFOJSure/src/com/surelogic/jsure/BoundedFIFO.java"
	 file="file:/C:/work/jsure-test-update-script-workspace/BoundedFIFOJSure/src/com/surelogic/jsure/BoundedFIFO.java"
	 hash="-568260359"
	 context="784257478"
	 id="715"
	 message="Acting as if lock &quot;&lt;this&gt;:BufLock&quot; were held when accessing numElts = 0 (occurs within a thread-confined constructor)"
	 category="protected field access(es)"
	 result-type="LockAnalysis_ds_FieldAccessOkayThreadConfined"
	 message-id="(246,&lt;this&gt;:BufLock,numElts = 0,null)"
	 or-proved-consistent="true"
	 consistent="true"
	 proved-consistent="true"
	 full-type="edu.cmu.cs.fluid.sea.ResultDrop"/>

<result-drop type="ResultDrop"
	 offset="1498"
	 length="5"
	 line="59"
	 path="BoundedFIFOJSure/src/com/surelogic/jsure/BoundedFIFO.java"
	 uri="file:/C:/work/jsure-test-update-script-workspace/BoundedFIFOJSure/src/com/surelogic/jsure/BoundedFIFO.java"
	 file="file:/C:/work/jsure-test-update-script-workspace/BoundedFIFOJSure/src/com/surelogic/jsure/BoundedFIFO.java"
	 hash="-1730436191"
	 context="1225240429"
	 id="716"
	 message="Lock &quot;&lt;this&gt;:BufLock&quot; held when accessing (this.first)"
	 category="protected field access(es)"
	 result-type="LockAnalysis_ds_FieldAccessAssured"
	 message-id="(203,&lt;this&gt;:BufLock,(this.first),null)"
	 consistent="true"
	 proved-consistent="true"
	 full-type="edu.cmu.cs.fluid.sea.ResultDrop"/>

<result-drop type="ResultDrop"
	 offset="1478"
	 length="9"
	 line="58"
	 path="BoundedFIFOJSure/src/com/surelogic/jsure/BoundedFIFO.java"
	 uri="file:/C:/work/jsure-test-update-script-workspace/BoundedFIFOJSure/src/com/surelogic/jsure/BoundedFIFO.java"
	 file="file:/C:/work/jsure-test-update-script-workspace/BoundedFIFOJSure/src/com/surelogic/jsure/BoundedFIFO.java"
	 hash="-49834690"
	 context="-554947668"
	 id="717"
	 message="Lock &quot;&lt;this&gt;:BufLock&quot; held when accessing this.buf [ this.next ]"
	 category="protected field access(es)"
	 result-type="LockAnalysis_ds_FieldAccessAssured"
	 message-id="(203,&lt;this&gt;:BufLock,this.buf [ this.next ],null)"
	 consistent="true"
	 proved-consistent="true"
	 full-type="edu.cmu.cs.fluid.sea.ResultDrop"/>

<result-drop type="ResultDrop"
	 offset="1896"
	 length="7"
	 line="74"
	 path="BoundedFIFOJSure/src/com/surelogic/jsure/BoundedFIFO.java"
	 uri="file:/C:/work/jsure-test-update-script-workspace/BoundedFIFOJSure/src/com/surelogic/jsure/BoundedFIFO.java"
	 file="file:/C:/work/jsure-test-update-script-workspace/BoundedFIFOJSure/src/com/surelogic/jsure/BoundedFIFO.java"
	 hash="-110077252"
	 context="523364846"
	 id="718"
	 message="Lock &quot;&lt;this&gt;:BufLock&quot; held when accessing this.numElts"
	 category="protected field access(es)"
	 result-type="LockAnalysis_ds_FieldAccessAssured"
	 message-id="(203,&lt;this&gt;:BufLock,this.numElts,null)"
	 consistent="true"
	 proved-consistent="true"
	 full-type="edu.cmu.cs.fluid.sea.ResultDrop"/>

<result-drop type="ResultDrop"
	 offset="2528"
	 length="7"
	 line="103"
	 path="BoundedFIFOJSure/src/com/surelogic/jsure/BoundedFIFO.java"
	 uri="file:/C:/work/jsure-test-update-script-workspace/BoundedFIFOJSure/src/com/surelogic/jsure/BoundedFIFO.java"
	 file="file:/C:/work/jsure-test-update-script-workspace/BoundedFIFOJSure/src/com/surelogic/jsure/BoundedFIFO.java"
	 hash="-110077252"
	 context="1411330667"
	 id="719"
	 message="Lock &quot;&lt;this&gt;:BufLock&quot; held when accessing this.numElts"
	 category="protected field access(es)"
	 result-type="LockAnalysis_ds_FieldAccessAssured"
	 message-id="(203,&lt;this&gt;:BufLock,this.numElts,null)"
	 consistent="true"
	 proved-consistent="true"
	 full-type="edu.cmu.cs.fluid.sea.ResultDrop"/>

<result-drop type="ResultDrop"
	 offset="1208"
	 length="9"
	 line="47"
	 path="BoundedFIFOJSure/src/com/surelogic/jsure/BoundedFIFO.java"
	 uri="file:/C:/work/jsure-test-update-script-workspace/BoundedFIFOJSure/src/com/surelogic/jsure/BoundedFIFO.java"
	 file="file:/C:/work/jsure-test-update-script-workspace/BoundedFIFOJSure/src/com/surelogic/jsure/BoundedFIFO.java"
	 hash="-605668015"
	 context="1385517012"
	 id="720"
	 message="Acting as if lock &quot;&lt;this&gt;:BufLock&quot; were held when accessing this.size (occurs within a thread-confined constructor)"
	 category="protected field access(es)"
	 result-type="LockAnalysis_ds_FieldAccessOkayThreadConfined"
	 message-id="(246,&lt;this&gt;:BufLock,this.size,null)"
	 or-proved-consistent="true"
	 consistent="true"
	 proved-consistent="true"
	 full-type="edu.cmu.cs.fluid.sea.ResultDrop"/>

<result-drop type="ResultDrop"
	 offset="1923"
	 length="4"
	 line="75"
	 path="BoundedFIFOJSure/src/com/surelogic/jsure/BoundedFIFO.java"
	 uri="file:/C:/work/jsure-test-update-script-workspace/BoundedFIFOJSure/src/com/surelogic/jsure/BoundedFIFO.java"
	 file="file:/C:/work/jsure-test-update-script-workspace/BoundedFIFOJSure/src/com/surelogic/jsure/BoundedFIFO.java"
	 hash="-605820861"
	 context="178982695"
	 id="721"
	 message="Lock &quot;&lt;this&gt;:BufLock&quot; held when accessing this.next"
	 category="protected field access(es)"
	 result-type="LockAnalysis_ds_FieldAccessAssured"
	 message-id="(203,&lt;this&gt;:BufLock,this.next,null)"
	 consistent="true"
	 proved-consistent="true"
	 full-type="edu.cmu.cs.fluid.sea.ResultDrop"/>

<result-drop type="ResultDrop"
	 offset="1919"
	 length="3"
	 line="75"
	 path="BoundedFIFOJSure/src/com/surelogic/jsure/BoundedFIFO.java"
	 uri="file:/C:/work/jsure-test-update-script-workspace/BoundedFIFOJSure/src/com/surelogic/jsure/BoundedFIFO.java"
	 file="file:/C:/work/jsure-test-update-script-workspace/BoundedFIFOJSure/src/com/surelogic/jsure/BoundedFIFO.java"
	 hash="1227372323"
	 context="289942439"
	 id="722"
	 message="Lock &quot;&lt;this&gt;:BufLock&quot; held when accessing this.buf"
	 category="protected field access(es)"
	 result-type="LockAnalysis_ds_FieldAccessAssured"
	 message-id="(203,&lt;this&gt;:BufLock,this.buf,null)"
	 consistent="true"
	 proved-consistent="true"
	 full-type="edu.cmu.cs.fluid.sea.ResultDrop"/>

<result-drop type="ResultDrop"
	 offset="1482"
	 length="4"
	 line="58"
	 path="BoundedFIFOJSure/src/com/surelogic/jsure/BoundedFIFO.java"
	 uri="file:/C:/work/jsure-test-update-script-workspace/BoundedFIFOJSure/src/com/surelogic/jsure/BoundedFIFO.java"
	 file="file:/C:/work/jsure-test-update-script-workspace/BoundedFIFOJSure/src/com/surelogic/jsure/BoundedFIFO.java"
	 hash="-605820861"
	 context="-679977755"
	 id="723"
	 message="Lock &quot;&lt;this&gt;:BufLock&quot; held when accessing this.next"
	 category="protected field access(es)"
	 result-type="LockAnalysis_ds_FieldAccessAssured"
	 message-id="(203,&lt;this&gt;:BufLock,this.next,null)"
	 consistent="true"
	 proved-consistent="true"
	 full-type="edu.cmu.cs.fluid.sea.ResultDrop"/>

<result-drop type="ResultDrop"
	 offset="1531"
	 length="7"
	 line="61"
	 path="BoundedFIFOJSure/src/com/surelogic/jsure/BoundedFIFO.java"
	 uri="file:/C:/work/jsure-test-update-script-workspace/BoundedFIFOJSure/src/com/surelogic/jsure/BoundedFIFO.java"
	 file="file:/C:/work/jsure-test-update-script-workspace/BoundedFIFOJSure/src/com/surelogic/jsure/BoundedFIFO.java"
	 hash="2135064005"
	 context="-968509295"
	 id="724"
	 message="Lock &quot;&lt;this&gt;:BufLock&quot; held when accessing (this.numElts)"
	 category="protected field access(es)"
	 result-type="LockAnalysis_ds_FieldAccessAssured"
	 message-id="(203,&lt;this&gt;:BufLock,(this.numElts),null)"
	 consistent="true"
	 proved-consistent="true"
	 full-type="edu.cmu.cs.fluid.sea.ResultDrop"/>

<result-drop type="ResultDrop"
	 offset="1478"
	 length="3"
	 line="58"
	 path="BoundedFIFOJSure/src/com/surelogic/jsure/BoundedFIFO.java"
	 uri="file:/C:/work/jsure-test-update-script-workspace/BoundedFIFOJSure/src/com/surelogic/jsure/BoundedFIFO.java"
	 file="file:/C:/work/jsure-test-update-script-workspace/BoundedFIFOJSure/src/com/surelogic/jsure/BoundedFIFO.java"
	 hash="1227372323"
	 context="-1096173211"
	 id="725"
	 message="Lock &quot;&lt;this&gt;:BufLock&quot; held when accessing this.buf"
	 category="protected field access(es)"
	 result-type="LockAnalysis_ds_FieldAccessAssured"
	 message-id="(203,&lt;this&gt;:BufLock,this.buf,null)"
	 consistent="true"
	 proved-consistent="true"
	 full-type="edu.cmu.cs.fluid.sea.ResultDrop"/>

<result-drop type="ResultDrop"
	 offset="2975"
	 length="7"
	 line="119"
	 path="BoundedFIFOJSure/src/com/surelogic/jsure/BoundedFIFO.java"
	 uri="file:/C:/work/jsure-test-update-script-workspace/BoundedFIFOJSure/src/com/surelogic/jsure/BoundedFIFO.java"
	 file="file:/C:/work/jsure-test-update-script-workspace/BoundedFIFOJSure/src/com/surelogic/jsure/BoundedFIFO.java"
	 hash="-110077252"
	 context="-1783038560"
	 id="726"
	 message="Lock &quot;&lt;this&gt;:BufLock&quot; held when accessing this.numElts"
	 category="protected field access(es)"
	 result-type="LockAnalysis_ds_FieldAccessAssured"
	 message-id="(203,&lt;this&gt;:BufLock,this.numElts,null)"
	 consistent="true"
	 proved-consistent="true"
	 full-type="edu.cmu.cs.fluid.sea.ResultDrop"/>

<result-drop type="ResultDrop"
	 offset="893"
	 length="1"
	 line="33"
	 path="BoundedFIFOJSure/src/com/surelogic/jsure/BoundedFIFO.java"
	 uri="file:/C:/work/jsure-test-update-script-workspace/BoundedFIFOJSure/src/com/surelogic/jsure/BoundedFIFO.java"
	 file="file:/C:/work/jsure-test-update-script-workspace/BoundedFIFOJSure/src/com/surelogic/jsure/BoundedFIFO.java"
	 hash="131428253"
	 context="-270610198"
	 id="727"
	 message="Acting as if lock &quot;&lt;this&gt;:BufLock&quot; were held when accessing first = 0 (occurs within a thread-confined constructor)"
	 category="protected field access(es)"
	 result-type="LockAnalysis_ds_FieldAccessOkayThreadConfined"
	 message-id="(246,&lt;this&gt;:BufLock,first = 0,null)"
	 or-proved-consistent="true"
	 consistent="true"
	 proved-consistent="true"
	 full-type="edu.cmu.cs.fluid.sea.ResultDrop"/>

<result-drop type="ResultDrop"
	 offset="2767"
	 length="4"
	 line="111"
	 path="BoundedFIFOJSure/src/com/surelogic/jsure/BoundedFIFO.java"
	 uri="file:/C:/work/jsure-test-update-script-workspace/BoundedFIFOJSure/src/com/surelogic/jsure/BoundedFIFO.java"
	 file="file:/C:/work/jsure-test-update-script-workspace/BoundedFIFOJSure/src/com/surelogic/jsure/BoundedFIFO.java"
	 hash="-605668015"
	 context="-1771607106"
	 id="728"
	 message="Lock &quot;&lt;this&gt;:BufLock&quot; held when accessing this.size"
	 category="protected field access(es)"
	 result-type="LockAnalysis_ds_FieldAccessAssured"
	 message-id="(203,&lt;this&gt;:BufLock,this.size,null)"
	 consistent="true"
	 proved-consistent="true"
	 full-type="edu.cmu.cs.fluid.sea.ResultDrop"/>

<result-drop type="ResultDrop"
	 offset="1517"
	 length="5"
	 line="60"
	 path="BoundedFIFOJSure/src/com/surelogic/jsure/BoundedFIFO.java"
	 uri="file:/C:/work/jsure-test-update-script-workspace/BoundedFIFOJSure/src/com/surelogic/jsure/BoundedFIFO.java"
	 file="file:/C:/work/jsure-test-update-script-workspace/BoundedFIFOJSure/src/com/surelogic/jsure/BoundedFIFO.java"
	 hash="-1607852192"
	 context="1225240429"
	 id="729"
	 message="Lock &quot;&lt;this&gt;:BufLock&quot; held when accessing this.first"
	 category="protected field access(es)"
	 result-type="LockAnalysis_ds_FieldAccessAssured"
	 message-id="(203,&lt;this&gt;:BufLock,this.first,null)"
	 consistent="true"
	 proved-consistent="true"
	 full-type="edu.cmu.cs.fluid.sea.ResultDrop"/>

<result-drop type="ResultDrop"
	 offset="1952"
	 length="4"
	 line="76"
	 path="BoundedFIFOJSure/src/com/surelogic/jsure/BoundedFIFO.java"
	 uri="file:/C:/work/jsure-test-update-script-workspace/BoundedFIFOJSure/src/com/surelogic/jsure/BoundedFIFO.java"
	 file="file:/C:/work/jsure-test-update-script-workspace/BoundedFIFOJSure/src/com/surelogic/jsure/BoundedFIFO.java"
	 hash="-605668015"
	 context="1653407321"
	 id="730"
	 message="Lock &quot;&lt;this&gt;:BufLock&quot; held when accessing this.size"
	 category="protected field access(es)"
	 result-type="LockAnalysis_ds_FieldAccessAssured"
	 message-id="(203,&lt;this&gt;:BufLock,this.size,null)"
	 consistent="true"
	 proved-consistent="true"
	 full-type="edu.cmu.cs.fluid.sea.ResultDrop"/>

<result-drop type="ResultDrop"
	 offset="1977"
	 length="7"
	 line="78"
	 path="BoundedFIFOJSure/src/com/surelogic/jsure/BoundedFIFO.java"
	 uri="file:/C:/work/jsure-test-update-script-workspace/BoundedFIFOJSure/src/com/surelogic/jsure/BoundedFIFO.java"
	 file="file:/C:/work/jsure-test-update-script-workspace/BoundedFIFOJSure/src/com/surelogic/jsure/BoundedFIFO.java"
	 hash="2135064005"
	 context="523364846"
	 id="731"
	 message="Lock &quot;&lt;this&gt;:BufLock&quot; held when accessing (this.numElts)"
	 category="protected field access(es)"
	 result-type="LockAnalysis_ds_FieldAccessAssured"
	 message-id="(203,&lt;this&gt;:BufLock,(this.numElts),null)"
	 consistent="true"
	 proved-consistent="true"
	 full-type="edu.cmu.cs.fluid.sea.ResultDrop"/>

<result-drop type="ResultDrop"
	 offset="2986"
	 length="4"
	 line="119"
	 path="BoundedFIFOJSure/src/com/surelogic/jsure/BoundedFIFO.java"
	 uri="file:/C:/work/jsure-test-update-script-workspace/BoundedFIFOJSure/src/com/surelogic/jsure/BoundedFIFO.java"
	 file="file:/C:/work/jsure-test-update-script-workspace/BoundedFIFOJSure/src/com/surelogic/jsure/BoundedFIFO.java"
	 hash="-605668015"
	 context="-443932331"
	 id="732"
	 message="Lock &quot;&lt;this&gt;:BufLock&quot; held when accessing this.size"
	 category="protected field access(es)"
	 result-type="LockAnalysis_ds_FieldAccessAssured"
	 message-id="(203,&lt;this&gt;:BufLock,this.size,null)"
	 consistent="true"
	 proved-consistent="true"
	 full-type="edu.cmu.cs.fluid.sea.ResultDrop"/>

<result-drop type="ResultDrop"
	 offset="2284"
	 length="7"
	 line="94"
	 path="BoundedFIFOJSure/src/com/surelogic/jsure/BoundedFIFO.java"
	 uri="file:/C:/work/jsure-test-update-script-workspace/BoundedFIFOJSure/src/com/surelogic/jsure/BoundedFIFO.java"
	 file="file:/C:/work/jsure-test-update-script-workspace/BoundedFIFOJSure/src/com/surelogic/jsure/BoundedFIFO.java"
	 hash="-110077252"
	 context="742746733"
	 id="733"
	 message="Lock &quot;&lt;this&gt;:BufLock&quot; held when accessing this.numElts"
	 category="protected field access(es)"
	 result-type="LockAnalysis_ds_FieldAccessAssured"
	 message-id="(203,&lt;this&gt;:BufLock,this.numElts,null)"
	 consistent="true"
	 proved-consistent="true"
	 full-type="edu.cmu.cs.fluid.sea.ResultDrop"/>

<result-drop type="ResultDrop"
	 offset="1963"
	 length="4"
	 line="77"
	 path="BoundedFIFOJSure/src/com/surelogic/jsure/BoundedFIFO.java"
	 uri="file:/C:/work/jsure-test-update-script-workspace/BoundedFIFOJSure/src/com/surelogic/jsure/BoundedFIFO.java"
	 file="file:/C:/work/jsure-test-update-script-workspace/BoundedFIFOJSure/src/com/surelogic/jsure/BoundedFIFO.java"
	 hash="-605820861"
	 context="178982695"
	 id="734"
	 message="Lock &quot;&lt;this&gt;:BufLock&quot; held when accessing this.next"
	 category="protected field access(es)"
	 result-type="LockAnalysis_ds_FieldAccessAssured"
	 message-id="(203,&lt;this&gt;:BufLock,this.next,null)"
	 consistent="true"
	 proved-consistent="true"
	 full-type="edu.cmu.cs.fluid.sea.ResultDrop"/>

<result-drop type="ResultDrop"
	 offset="1907"
	 length="4"
	 line="74"
	 path="BoundedFIFOJSure/src/com/surelogic/jsure/BoundedFIFO.java"
	 uri="file:/C:/work/jsure-test-update-script-workspace/BoundedFIFOJSure/src/com/surelogic/jsure/BoundedFIFO.java"
	 file="file:/C:/work/jsure-test-update-script-workspace/BoundedFIFOJSure/src/com/surelogic/jsure/BoundedFIFO.java"
	 hash="-605668015"
	 context="1653407321"
	 id="735"
	 message="Lock &quot;&lt;this&gt;:BufLock&quot; held when accessing this.size"
	 category="protected field access(es)"
	 result-type="LockAnalysis_ds_FieldAccessAssured"
	 message-id="(203,&lt;this&gt;:BufLock,this.size,null)"
	 consistent="true"
	 proved-consistent="true"
	 full-type="edu.cmu.cs.fluid.sea.ResultDrop"/>

<promise-drop type="LockModel"
	 offset="2147483647"
	 line="0"
	 path="java.lang/Object.class"
	 file="java.lang/Object.class"
	 hash="1709211273"
	 context="1063877011"
	 id="767"
	 message="RegionLock java.lang.Object.MUTEX is this protects WaitQueue on Object"
	 category="Concurrency"
	 to-be-checked-by-analysis="true"
	 from-src="true"
	 message-id="(100,java.lang.Object.MUTEX,this,WaitQueue,Object)"
	 checked-by-analysis="true"
	 proved-consistent="true"
	 full-type="edu.cmu.cs.fluid.sea.drops.promises.LockModel"/>

<ir-drop type="ProposedPromiseDrop"
	 offset="476"
	 length="300"
	 line="28"
	 path="BoundedFIFOJSure/src/com/surelogic/jsure/BlockingFIFO.java"
	 uri="file:/C:/work/jsure-test-update-script-workspace/BoundedFIFOJSure/src/com/surelogic/jsure/BlockingFIFO.java"
	 file="file:/C:/work/jsure-test-update-script-workspace/BoundedFIFOJSure/src/com/surelogic/jsure/BlockingFIFO.java"
	 hash="2145759295"
	 context="78615947"
	 id="797"
	 message="ProposedPromiseDrop @RegionEffects(writes java.lang.Object:All)"
	 target-project="BoundedFIFOJSure"
	 java-annotation="@RegionEffects(&quot;writes java.lang.Object:All&quot;)"
	 annotation-type="RegionEffects"
	 contents="writes java.lang.Object:All"
	 origin="CODE"
	 from-project="BoundedFIFOJSure"
	 full-type="edu.cmu.cs.fluid.sea.ProposedPromiseDrop"/>

<result-drop type="ResultDrop"
	 offset="384"
	 length="15"
	 line="20"
	 path="BoundedFIFOJSure/src/com/surelogic/jsure/BlockingFIFO.java"
	 uri="file:/C:/work/jsure-test-update-script-workspace/BoundedFIFOJSure/src/com/surelogic/jsure/BlockingFIFO.java"
	 file="file:/C:/work/jsure-test-update-script-workspace/BoundedFIFOJSure/src/com/surelogic/jsure/BlockingFIFO.java"
	 hash="2144695158"
	 context="-1276457664"
	 id="885"
	 message="Lock &quot;&lt;this.fifo&gt;:BufLock&quot; held when invoking this.fifo.wasEmpty; precondition satisfied"
	 category="lock precondition(s) satisfied"
	 result-type="LockAnalysis_ds_PreconditionsAssured"
	 message-id="(207,&lt;this.fifo&gt;:BufLock,this.fifo.wasEmpty,null)"
	 consistent="true"
	 proved-consistent="true"
	 full-type="edu.cmu.cs.fluid.sea.ResultDrop"/>

<promise-drop type="RequiresLockPromiseDrop"
	 offset="2490"
	 line="102"
	 path="BoundedFIFOJSure/src/com/surelogic/jsure/BoundedFIFO.java"
	 uri="file:/C:/work/jsure-test-update-script-workspace/BoundedFIFOJSure/src/com/surelogic/jsure/BoundedFIFO.java"
	 file="file:/C:/work/jsure-test-update-script-workspace/BoundedFIFOJSure/src/com/surelogic/jsure/BoundedFIFO.java"
	 hash="-1390514151"
	 context="1105176043"
	 virtual="true"
	 id="886"
	 message="RequiresLock BufLock on com.surelogic.jsure.BoundedFIFO.wasEmpty()"
	 category="lock precondition(s)"
	 to-be-checked-by-analysis="true"
	 from-src="true"
	 message-id="(102,RequiresLock BufLock,com.surelogic.jsure.BoundedFIFO.wasEmpty())"
	 checked-by-analysis="true"
	 proved-consistent="true"
	 full-type="edu.cmu.cs.fluid.sea.drops.promises.RequiresLockPromiseDrop"/>

<result-drop type="ResultDrop"
	 offset="433"
	 length="11"
	 line="23"
	 path="BoundedFIFOJSure/src/com/surelogic/jsure/BlockingFIFO.java"
	 uri="file:/C:/work/jsure-test-update-script-workspace/BoundedFIFOJSure/src/com/surelogic/jsure/BlockingFIFO.java"
	 file="file:/C:/work/jsure-test-update-script-workspace/BoundedFIFOJSure/src/com/surelogic/jsure/BlockingFIFO.java"
	 hash="-867967697"
	 context="1902123371"
	 id="987"
	 message="Lock &quot;&lt;this.fifo&gt;:BufLock&quot; held when invoking this.fifo.put(e); precondition satisfied"
	 category="lock precondition(s) satisfied"
	 result-type="LockAnalysis_ds_PreconditionsAssured"
	 message-id="(207,&lt;this.fifo&gt;:BufLock,this.fifo.put(e),null)"
	 consistent="true"
	 proved-consistent="true"
	 full-type="edu.cmu.cs.fluid.sea.ResultDrop"/>

<ir-drop type="ProposedPromiseDrop"
	 offset="2490"
	 length="55"
	 line="102"
	 path="BoundedFIFOJSure/src/com/surelogic/jsure/BoundedFIFO.java"
	 uri="file:/C:/work/jsure-test-update-script-workspace/BoundedFIFOJSure/src/com/surelogic/jsure/BoundedFIFO.java"
	 file="file:/C:/work/jsure-test-update-script-workspace/BoundedFIFOJSure/src/com/surelogic/jsure/BoundedFIFO.java"
	 hash="-1390514151"
	 context="1105176043"
	 id="1022"
	 message="ProposedPromiseDrop @RegionEffects(reads this:Instance)"
	 target-project="BoundedFIFOJSure"
	 java-annotation="@RegionEffects(&quot;reads this:Instance&quot;)"
	 annotation-type="RegionEffects"
	 contents="reads this:Instance"
	 origin="CODE"
	 from-project="BoundedFIFOJSure"
	 full-type="edu.cmu.cs.fluid.sea.ProposedPromiseDrop"/>

<result-drop type="ResultDrop"
	 offset="363"
	 length="11"
	 line="19"
	 path="BoundedFIFOJSure/src/com/surelogic/jsure/BlockingFIFO.java"
	 uri="file:/C:/work/jsure-test-update-script-workspace/BoundedFIFOJSure/src/com/surelogic/jsure/BlockingFIFO.java"
	 file="file:/C:/work/jsure-test-update-script-workspace/BoundedFIFOJSure/src/com/surelogic/jsure/BlockingFIFO.java"
	 hash="-867967697"
	 context="1902123371"
	 id="1101"
	 message="Lock &quot;&lt;this.fifo&gt;:BufLock&quot; held when invoking this.fifo.put(e); precondition satisfied"
	 category="lock precondition(s) satisfied"
	 result-type="LockAnalysis_ds_PreconditionsAssured"
	 message-id="(207,&lt;this.fifo&gt;:BufLock,this.fifo.put(e),null)"
	 consistent="true"
	 proved-consistent="true"
	 full-type="edu.cmu.cs.fluid.sea.ResultDrop"/>

<result-drop type="ResultDrop"
	 offset="599"
	 length="11"
	 line="33"
	 path="BoundedFIFOJSure/src/com/surelogic/jsure/BlockingFIFO.java"
	 uri="file:/C:/work/jsure-test-update-script-workspace/BoundedFIFOJSure/src/com/surelogic/jsure/BlockingFIFO.java"
	 file="file:/C:/work/jsure-test-update-script-workspace/BoundedFIFOJSure/src/com/surelogic/jsure/BlockingFIFO.java"
	 hash="-1341494777"
	 context="1488591988"
	 id="1196"
	 message="Lock &quot;&lt;this.fifo&gt;:MUTEX&quot; held when invoking this.fifo.wait; precondition satisfied"
	 category="lock precondition(s) satisfied"
	 result-type="LockAnalysis_ds_PreconditionsAssured"
	 message-id="(207,&lt;this.fifo&gt;:MUTEX,this.fifo.wait,null)"
	 consistent="true"
	 proved-consistent="true"
	 full-type="edu.cmu.cs.fluid.sea.ResultDrop"/>

<promise-drop type="RequiresLockPromiseDrop"
	 offset="2939"
	 line="118"
	 path="BoundedFIFOJSure/src/com/surelogic/jsure/BoundedFIFO.java"
	 uri="file:/C:/work/jsure-test-update-script-workspace/BoundedFIFOJSure/src/com/surelogic/jsure/BoundedFIFO.java"
	 file="file:/C:/work/jsure-test-update-script-workspace/BoundedFIFOJSure/src/com/surelogic/jsure/BoundedFIFO.java"
	 hash="1874440324"
	 context="-134196960"
	 virtual="true"
	 id="1262"
	 message="RequiresLock BufLock on com.surelogic.jsure.BoundedFIFO.isFull()"
	 category="lock precondition(s)"
	 to-be-checked-by-analysis="true"
	 from-src="true"
	 message-id="(102,RequiresLock BufLock,com.surelogic.jsure.BoundedFIFO.isFull())"
	 checked-by-analysis="true"
	 proved-consistent="true"
	 full-type="edu.cmu.cs.fluid.sea.drops.promises.RequiresLockPromiseDrop"/>

<result-drop type="ResultDrop"
	 offset="690"
	 length="10"
	 line="38"
	 path="BoundedFIFOJSure/src/com/surelogic/jsure/BlockingFIFO.java"
	 uri="file:/C:/work/jsure-test-update-script-workspace/BoundedFIFOJSure/src/com/surelogic/jsure/BlockingFIFO.java"
	 file="file:/C:/work/jsure-test-update-script-workspace/BoundedFIFOJSure/src/com/surelogic/jsure/BlockingFIFO.java"
	 hash="1896373380"
	 context="-20388523"
	 id="1322"
	 message="Lock &quot;&lt;this.fifo&gt;:BufLock&quot; held when invoking this.fifo.get; precondition satisfied"
	 category="lock precondition(s) satisfied"
	 result-type="LockAnalysis_ds_PreconditionsAssured"
	 message-id="(207,&lt;this.fifo&gt;:BufLock,this.fifo.get,null)"
	 consistent="true"
	 proved-consistent="true"
	 full-type="edu.cmu.cs.fluid.sea.ResultDrop"/>

<promise-drop type="RequiresLockPromiseDrop"
	 offset="2715"
	 line="110"
	 path="BoundedFIFOJSure/src/com/surelogic/jsure/BoundedFIFO.java"
	 uri="file:/C:/work/jsure-test-update-script-workspace/BoundedFIFOJSure/src/com/surelogic/jsure/BoundedFIFO.java"
	 file="file:/C:/work/jsure-test-update-script-workspace/BoundedFIFOJSure/src/com/surelogic/jsure/BoundedFIFO.java"
	 hash="981319203"
	 context="-759745197"
	 virtual="true"
	 id="1512"
	 message="RequiresLock BufLock on com.surelogic.jsure.BoundedFIFO.wasFull()"
	 category="lock precondition(s)"
	 to-be-checked-by-analysis="true"
	 from-src="true"
	 message-id="(102,RequiresLock BufLock,com.surelogic.jsure.BoundedFIFO.wasFull())"
	 checked-by-analysis="true"
	 proved-consistent="true"
	 full-type="edu.cmu.cs.fluid.sea.drops.promises.RequiresLockPromiseDrop"/>

<result-drop type="ResultDrop"
	 offset="710"
	 length="14"
	 line="39"
	 path="BoundedFIFOJSure/src/com/surelogic/jsure/BlockingFIFO.java"
	 uri="file:/C:/work/jsure-test-update-script-workspace/BoundedFIFOJSure/src/com/surelogic/jsure/BlockingFIFO.java"
	 file="file:/C:/work/jsure-test-update-script-workspace/BoundedFIFOJSure/src/com/surelogic/jsure/BlockingFIFO.java"
	 hash="207768390"
	 context="-66014953"
	 id="1513"
	 message="Lock &quot;&lt;this.fifo&gt;:BufLock&quot; held when invoking this.fifo.wasFull; precondition satisfied"
	 category="lock precondition(s) satisfied"
	 result-type="LockAnalysis_ds_PreconditionsAssured"
	 message-id="(207,&lt;this.fifo&gt;:BufLock,this.fifo.wasFull,null)"
	 consistent="true"
	 proved-consistent="true"
	 full-type="edu.cmu.cs.fluid.sea.ResultDrop"/>

<ir-drop type="ProposedPromiseDrop"
	 offset="2939"
	 length="56"
	 line="118"
	 path="BoundedFIFOJSure/src/com/surelogic/jsure/BoundedFIFO.java"
	 uri="file:/C:/work/jsure-test-update-script-workspace/BoundedFIFOJSure/src/com/surelogic/jsure/BoundedFIFO.java"
	 file="file:/C:/work/jsure-test-update-script-workspace/BoundedFIFOJSure/src/com/surelogic/jsure/BoundedFIFO.java"
	 hash="1874440324"
	 context="-134196960"
	 id="1598"
	 message="ProposedPromiseDrop @RegionEffects(reads this:Instance)"
	 target-project="BoundedFIFOJSure"
	 java-annotation="@RegionEffects(&quot;reads this:Instance&quot;)"
	 annotation-type="RegionEffects"
	 contents="reads this:Instance"
	 origin="CODE"
	 from-project="BoundedFIFOJSure"
	 full-type="edu.cmu.cs.fluid.sea.ProposedPromiseDrop"/>

<ir-drop type="ProposedPromiseDrop"
	 offset="1095"
	 length="167"
	 line="43"
	 path="BoundedFIFOJSure/src/com/surelogic/jsure/BoundedFIFO.java"
	 uri="file:/C:/work/jsure-test-update-script-workspace/BoundedFIFOJSure/src/com/surelogic/jsure/BoundedFIFO.java"
	 file="file:/C:/work/jsure-test-update-script-workspace/BoundedFIFOJSure/src/com/surelogic/jsure/BoundedFIFO.java"
	 hash="88407834"
	 context="-1313831777"
	 id="1689"
	 message="ProposedPromiseDrop @RegionEffects(none)"
	 target-project="BoundedFIFOJSure"
	 java-annotation="@RegionEffects(&quot;none&quot;)"
	 annotation-type="RegionEffects"
	 contents="none"
	 origin="CODE"
	 from-project="BoundedFIFOJSure"
	 full-type="edu.cmu.cs.fluid.sea.ProposedPromiseDrop"/>

<result-drop type="ResultDrop"
	 offset="408"
	 length="13"
	 line="21"
	 path="BoundedFIFOJSure/src/com/surelogic/jsure/BlockingFIFO.java"
	 uri="file:/C:/work/jsure-test-update-script-workspace/BoundedFIFOJSure/src/com/surelogic/jsure/BlockingFIFO.java"
	 file="file:/C:/work/jsure-test-update-script-workspace/BoundedFIFOJSure/src/com/surelogic/jsure/BlockingFIFO.java"
	 hash="-930704549"
	 context="1758745509"
	 id="1748"
	 message="Lock &quot;&lt;this.fifo&gt;:MUTEX&quot; held when invoking this.fifo.notify; precondition satisfied"
	 category="lock precondition(s) satisfied"
	 result-type="LockAnalysis_ds_PreconditionsAssured"
	 message-id="(207,&lt;this.fifo&gt;:MUTEX,this.fifo.notify,null)"
	 consistent="true"
	 proved-consistent="true"
	 full-type="edu.cmu.cs.fluid.sea.ResultDrop"/>

<result-drop type="ResultDrop"
	 offset="276"
	 length="11"
	 line="14"
	 path="BoundedFIFOJSure/src/com/surelogic/jsure/BlockingFIFO.java"
	 uri="file:/C:/work/jsure-test-update-script-workspace/BoundedFIFOJSure/src/com/surelogic/jsure/BlockingFIFO.java"
	 file="file:/C:/work/jsure-test-update-script-workspace/BoundedFIFOJSure/src/com/surelogic/jsure/BlockingFIFO.java"
	 hash="-1341494777"
	 context="-442105391"
	 id="1988"
	 message="Lock &quot;&lt;this.fifo&gt;:MUTEX&quot; held when invoking this.fifo.wait; precondition satisfied"
	 category="lock precondition(s) satisfied"
	 result-type="LockAnalysis_ds_PreconditionsAssured"
	 message-id="(207,&lt;this.fifo&gt;:MUTEX,this.fifo.wait,null)"
	 consistent="true"
	 proved-consistent="true"
	 full-type="edu.cmu.cs.fluid.sea.ResultDrop"/>

<ir-drop type="ProposedPromiseDrop"
	 offset="1392"
	 length="166"
	 line="55"
	 path="BoundedFIFOJSure/src/com/surelogic/jsure/BoundedFIFO.java"
	 uri="file:/C:/work/jsure-test-update-script-workspace/BoundedFIFOJSure/src/com/surelogic/jsure/BoundedFIFO.java"
	 file="file:/C:/work/jsure-test-update-script-workspace/BoundedFIFOJSure/src/com/surelogic/jsure/BoundedFIFO.java"
	 hash="-1878828405"
	 context="-269806319"
	 id="2250"
	 message="ProposedPromiseDrop @RegionEffects(writes this:Instance)"
	 target-project="BoundedFIFOJSure"
	 java-annotation="@RegionEffects(&quot;writes this:Instance&quot;)"
	 annotation-type="RegionEffects"
	 contents="writes this:Instance"
	 origin="CODE"
	 from-project="BoundedFIFOJSure"
	 full-type="edu.cmu.cs.fluid.sea.ProposedPromiseDrop"/>

<ir-drop type="ProposedPromiseDrop"
	 offset="781"
	 length="81"
	 line="46"
	 path="BoundedFIFOJSure/src/com/surelogic/jsure/BlockingFIFO.java"
	 uri="file:/C:/work/jsure-test-update-script-workspace/BoundedFIFOJSure/src/com/surelogic/jsure/BlockingFIFO.java"
	 file="file:/C:/work/jsure-test-update-script-workspace/BoundedFIFOJSure/src/com/surelogic/jsure/BlockingFIFO.java"
	 hash="97438872"
	 context="1303360307"
	 id="2299"
	 message="ProposedPromiseDrop @RegionEffects(writes java.lang.Object:All)"
	 target-project="BoundedFIFOJSure"
	 java-annotation="@RegionEffects(&quot;writes java.lang.Object:All&quot;)"
	 annotation-type="RegionEffects"
	 contents="writes java.lang.Object:All"
	 origin="CODE"
	 from-project="BoundedFIFOJSure"
	 full-type="edu.cmu.cs.fluid.sea.ProposedPromiseDrop"/>

<ir-drop type="ProposedPromiseDrop"
	 offset="2715"
	 length="61"
	 line="110"
	 path="BoundedFIFOJSure/src/com/surelogic/jsure/BoundedFIFO.java"
	 uri="file:/C:/work/jsure-test-update-script-workspace/BoundedFIFOJSure/src/com/surelogic/jsure/BoundedFIFO.java"
	 file="file:/C:/work/jsure-test-update-script-workspace/BoundedFIFOJSure/src/com/surelogic/jsure/BoundedFIFO.java"
	 hash="981319203"
	 context="-759745197"
	 id="2349"
	 message="ProposedPromiseDrop @RegionEffects(reads this:Instance)"
	 target-project="BoundedFIFOJSure"
	 java-annotation="@RegionEffects(&quot;reads this:Instance&quot;)"
	 annotation-type="RegionEffects"
	 contents="reads this:Instance"
	 origin="CODE"
	 from-project="BoundedFIFOJSure"
	 full-type="edu.cmu.cs.fluid.sea.ProposedPromiseDrop"/>

<result-drop type="ResultDrop"
	 offset="733"
	 length="13"
	 line="40"
	 path="BoundedFIFOJSure/src/com/surelogic/jsure/BlockingFIFO.java"
	 uri="file:/C:/work/jsure-test-update-script-workspace/BoundedFIFOJSure/src/com/surelogic/jsure/BlockingFIFO.java"
	 file="file:/C:/work/jsure-test-update-script-workspace/BoundedFIFOJSure/src/com/surelogic/jsure/BlockingFIFO.java"
	 hash="-930704549"
	 context="-1610301880"
	 id="2414"
	 message="Lock &quot;&lt;this.fifo&gt;:MUTEX&quot; held when invoking this.fifo.notify; precondition satisfied"
	 category="lock precondition(s) satisfied"
	 result-type="LockAnalysis_ds_PreconditionsAssured"
	 message-id="(207,&lt;this.fifo&gt;:MUTEX,this.fifo.notify,null)"
	 consistent="true"
	 proved-consistent="true"
	 full-type="edu.cmu.cs.fluid.sea.ResultDrop"/>

<result-drop type="ResultDrop"
	 offset="242"
	 length="13"
	 line="12"
	 path="BoundedFIFOJSure/src/com/surelogic/jsure/BlockingFIFO.java"
	 uri="file:/C:/work/jsure-test-update-script-workspace/BoundedFIFOJSure/src/com/surelogic/jsure/BlockingFIFO.java"
	 file="file:/C:/work/jsure-test-update-script-workspace/BoundedFIFOJSure/src/com/surelogic/jsure/BlockingFIFO.java"
	 hash="-1071514901"
	 context="-32330955"
	 id="2585"
	 message="Lock &quot;&lt;this.fifo&gt;:BufLock&quot; held when invoking this.fifo.isFull; precondition satisfied"
	 category="lock precondition(s) satisfied"
	 result-type="LockAnalysis_ds_PreconditionsAssured"
	 message-id="(207,&lt;this.fifo&gt;:BufLock,this.fifo.isFull,null)"
	 consistent="true"
	 proved-consistent="true"
	 full-type="edu.cmu.cs.fluid.sea.ResultDrop"/>

<ir-drop type="ProposedPromiseDrop"
	 offset="1855"
	 length="141"
	 line="73"
	 path="BoundedFIFOJSure/src/com/surelogic/jsure/BoundedFIFO.java"
	 uri="file:/C:/work/jsure-test-update-script-workspace/BoundedFIFOJSure/src/com/surelogic/jsure/BoundedFIFO.java"
	 file="file:/C:/work/jsure-test-update-script-workspace/BoundedFIFOJSure/src/com/surelogic/jsure/BoundedFIFO.java"
	 hash="1420648169"
	 context="-398113170"
	 id="2593"
	 message="ProposedPromiseDrop @RegionEffects(writes this:Instance)"
	 target-project="BoundedFIFOJSure"
	 java-annotation="@RegionEffects(&quot;writes this:Instance&quot;)"
	 annotation-type="RegionEffects"
	 contents="writes this:Instance"
	 origin="CODE"
	 from-project="BoundedFIFOJSure"
	 full-type="edu.cmu.cs.fluid.sea.ProposedPromiseDrop"/>

<ir-drop type="ProposedPromiseDrop"
	 offset="2252"
	 length="44"
	 line="93"
	 path="BoundedFIFOJSure/src/com/surelogic/jsure/BoundedFIFO.java"
	 uri="file:/C:/work/jsure-test-update-script-workspace/BoundedFIFOJSure/src/com/surelogic/jsure/BoundedFIFO.java"
	 file="file:/C:/work/jsure-test-update-script-workspace/BoundedFIFOJSure/src/com/surelogic/jsure/BoundedFIFO.java"
	 hash="-619934927"
	 context="-1903378963"
	 id="2863"
	 message="ProposedPromiseDrop @RegionEffects(reads this:Instance)"
	 target-project="BoundedFIFOJSure"
	 java-annotation="@RegionEffects(&quot;reads this:Instance&quot;)"
	 annotation-type="RegionEffects"
	 contents="reads this:Instance"
	 origin="CODE"
	 from-project="BoundedFIFOJSure"
	 full-type="edu.cmu.cs.fluid.sea.ProposedPromiseDrop"/>

<ir-drop type="ProposedPromiseDrop"
	 offset="172"
	 length="299"
	 line="10"
	 path="BoundedFIFOJSure/src/com/surelogic/jsure/BlockingFIFO.java"
	 uri="file:/C:/work/jsure-test-update-script-workspace/BoundedFIFOJSure/src/com/surelogic/jsure/BlockingFIFO.java"
	 file="file:/C:/work/jsure-test-update-script-workspace/BoundedFIFOJSure/src/com/surelogic/jsure/BlockingFIFO.java"
	 hash="955251951"
	 context="-1009164568"
	 id="3523"
	 message="ProposedPromiseDrop @RegionEffects(writes java.lang.Object:All)"
	 target-project="BoundedFIFOJSure"
	 java-annotation="@RegionEffects(&quot;writes java.lang.Object:All&quot;)"
	 annotation-type="RegionEffects"
	 contents="writes java.lang.Object:All"
	 origin="CODE"
	 from-project="BoundedFIFOJSure"
	 full-type="edu.cmu.cs.fluid.sea.ProposedPromiseDrop"/>

<ir-drop type="ProposedPromiseDrop"
	 offset="30"
	 line="3"
	 path="BoundedFIFOJSure/src/com/surelogic/jsure/LoggingEvent.java"
	 uri="file:/C:/work/jsure-test-update-script-workspace/BoundedFIFOJSure/src/com/surelogic/jsure/LoggingEvent.java"
	 file="file:/C:/work/jsure-test-update-script-workspace/BoundedFIFOJSure/src/com/surelogic/jsure/LoggingEvent.java"
	 hash="439958362"
	 context="-591630994"
	 id="3548"
	 message="ProposedPromiseDrop @RegionEffects(none)"
	 target-project="BoundedFIFOJSure"
	 java-annotation="@RegionEffects(&quot;none&quot;)"
	 annotation-type="RegionEffects"
	 contents="none"
	 origin="CODE"
	 from-project="BoundedFIFOJSure"
	 full-type="edu.cmu.cs.fluid.sea.ProposedPromiseDrop"/>

<ir-drop type="ProposedPromiseDrop"
	 offset="99"
	 length="68"
	 line="6"
	 path="BoundedFIFOJSure/src/com/surelogic/jsure/BlockingFIFO.java"
	 uri="file:/C:/work/jsure-test-update-script-workspace/BoundedFIFOJSure/src/com/surelogic/jsure/BlockingFIFO.java"
	 file="file:/C:/work/jsure-test-update-script-workspace/BoundedFIFOJSure/src/com/surelogic/jsure/BlockingFIFO.java"
	 hash="1659404402"
	 context="485168373"
	 id="4246"
	 message="ProposedPromiseDrop @RegionEffects(writes java.lang.Object:All)"
	 target-project="BoundedFIFOJSure"
	 java-annotation="@RegionEffects(&quot;writes java.lang.Object:All&quot;)"
	 annotation-type="RegionEffects"
	 contents="writes java.lang.Object:All"
	 origin="CODE"
	 from-project="BoundedFIFOJSure"
	 full-type="edu.cmu.cs.fluid.sea.ProposedPromiseDrop"/>

<ir-drop type="ProposedPromiseDrop"
	 offset="2054"
	 length="45"
	 line="85"
	 path="BoundedFIFOJSure/src/com/surelogic/jsure/BoundedFIFO.java"
	 uri="file:/C:/work/jsure-test-update-script-workspace/BoundedFIFOJSure/src/com/surelogic/jsure/BoundedFIFO.java"
	 file="file:/C:/work/jsure-test-update-script-workspace/BoundedFIFOJSure/src/com/surelogic/jsure/BoundedFIFO.java"
	 hash="800772265"
	 context="1191951638"
	 id="4390"
	 message="ProposedPromiseDrop @RegionEffects(reads this:Instance)"
	 target-project="BoundedFIFOJSure"
	 java-annotation="@RegionEffects(&quot;reads this:Instance&quot;)"
	 annotation-type="RegionEffects"
	 contents="reads this:Instance"
	 origin="CODE"
	 from-project="BoundedFIFOJSure"
	 full-type="edu.cmu.cs.fluid.sea.ProposedPromiseDrop"/>

</sea-summary>

