<?xml version='1.0' encoding='UTF-8' standalone='yes'?>
<sea-summary time="May 22, 2012 11:21:45 AM"
	 project="BoundedFIFOJSure">

<count WarningDrop="3"/>
<count LockModel="1"/>
<count ProposedPromiseDrop="13"/>
<count ResultDrop="4"/>
<result-drop type="ResultDrop"
	 offset="567"
	 length="11"
	 line="33"
	 path="BoundedFIFOJSure/src/com/surelogic/jsure/BlockingFIFO.java"
	 uri="file:/C:/work/jsure-test-update-script-workspace/BoundedFIFOJSure/src/com/surelogic/jsure/BlockingFIFO.java"
	 file="file:/C:/work/jsure-test-update-script-workspace/BoundedFIFOJSure/src/com/surelogic/jsure/BlockingFIFO.java"
	 hash="-1341494777"
	 context="1488591988"
	 id="23"
	 message="Lock &quot;&lt;this.fifo&gt;:MUTEX&quot; held when invoking this.fifo.wait; precondition satisfied"
	 category="lock precondition(s) satisfied"
	 result-type="LockAnalysis_ds_PreconditionsAssured"
	 message-id="(207,&lt;this.fifo&gt;:MUTEX,this.fifo.wait,null)"
	 consistent="true"
	 proved-consistent="true"
	 full-type="edu.cmu.cs.fluid.sea.ResultDrop"/>

<ir-drop type="ProposedPromiseDrop"
	 offset="1624"
	 length="134"
	 line="66"
	 path="BoundedFIFOJSure/src/com/surelogic/jsure/BoundedFIFO.java"
	 uri="file:/C:/work/jsure-test-update-script-workspace/BoundedFIFOJSure/src/com/surelogic/jsure/BoundedFIFO.java"
	 file="file:/C:/work/jsure-test-update-script-workspace/BoundedFIFOJSure/src/com/surelogic/jsure/BoundedFIFO.java"
	 hash="1420648169"
	 context="-398113170"
	 id="323"
	 message="ProposedPromiseDrop @RegionEffects(writes any(java.lang.Object):Instance)"
	 target-project="BoundedFIFOJSure"
	 java-annotation="@RegionEffects(&quot;writes any(java.lang.Object):Instance&quot;)"
	 annotation-type="RegionEffects"
	 contents="writes any(java.lang.Object):Instance"
	 origin="CODE"
	 from-project="BoundedFIFOJSure"
	 full-type="edu.cmu.cs.fluid.sea.ProposedPromiseDrop"/>

<ir-drop type="ProposedPromiseDrop"
	 offset="913"
	 length="142"
	 line="37"
	 path="BoundedFIFOJSure/src/com/surelogic/jsure/BoundedFIFO.java"
	 uri="file:/C:/work/jsure-test-update-script-workspace/BoundedFIFOJSure/src/com/surelogic/jsure/BoundedFIFO.java"
	 file="file:/C:/work/jsure-test-update-script-workspace/BoundedFIFOJSure/src/com/surelogic/jsure/BoundedFIFO.java"
	 hash="88407834"
	 context="-1313831777"
	 id="438"
	 message="ProposedPromiseDrop @RegionEffects(none)"
	 target-project="BoundedFIFOJSure"
	 java-annotation="@RegionEffects(&quot;none&quot;)"
	 annotation-type="RegionEffects"
	 contents="none"
	 origin="CODE"
	 from-project="BoundedFIFOJSure"
	 full-type="edu.cmu.cs.fluid.sea.ProposedPromiseDrop"/>

<promise-drop type="LockModel"
	 offset="2147483647"
	 line="0"
	 path="java.lang/Object.class"
	 file="java.lang/Object.class"
	 hash="1709211273"
	 context="1063877011"
	 id="510"
	 message="RegionLock java.lang.Object.MUTEX is this protects WaitQueue on Object"
	 category="Concurrency"
	 to-be-checked-by-analysis="true"
	 from-src="true"
	 message-id="(100,java.lang.Object.MUTEX,this,WaitQueue,Object)"
	 checked-by-analysis="true"
	 full-type="edu.cmu.cs.fluid.sea.drops.promises.LockModel"/>

<result-drop type="ResultDrop"
	 offset="263"
	 length="11"
	 line="14"
	 path="BoundedFIFOJSure/src/com/surelogic/jsure/BlockingFIFO.java"
	 uri="file:/C:/work/jsure-test-update-script-workspace/BoundedFIFOJSure/src/com/surelogic/jsure/BlockingFIFO.java"
	 file="file:/C:/work/jsure-test-update-script-workspace/BoundedFIFOJSure/src/com/surelogic/jsure/BlockingFIFO.java"
	 hash="-1341494777"
	 context="-442105391"
	 id="688"
	 message="Lock &quot;&lt;this.fifo&gt;:MUTEX&quot; not held when invoking this.fifo.wait; precondition unsatisfied"
	 category="lock precondition(s) not satisfied; possible race conditions enabled"
	 message-id="(209,&lt;this.fifo&gt;:MUTEX,this.fifo.wait,null)"
	 result-type="LockAnalysis_ds_PreconditionsNotAssured"
	 full-type="edu.cmu.cs.fluid.sea.ResultDrop"/>

<ir-drop type="ProposedPromiseDrop"
	 offset="1179"
	 length="158"
	 line="48"
	 path="BoundedFIFOJSure/src/com/surelogic/jsure/BoundedFIFO.java"
	 uri="file:/C:/work/jsure-test-update-script-workspace/BoundedFIFOJSure/src/com/surelogic/jsure/BoundedFIFO.java"
	 file="file:/C:/work/jsure-test-update-script-workspace/BoundedFIFOJSure/src/com/surelogic/jsure/BoundedFIFO.java"
	 hash="-1878828405"
	 context="-269806319"
	 id="1160"
	 message="ProposedPromiseDrop @RegionEffects(reads any(java.lang.Object):Instance; writes this:Instance)"
	 target-project="BoundedFIFOJSure"
	 java-annotation="@RegionEffects(&quot;reads any(java.lang.Object):Instance; writes this:Instance&quot;)"
	 annotation-type="RegionEffects"
	 contents="reads any(java.lang.Object):Instance; writes this:Instance"
	 origin="CODE"
	 from-project="BoundedFIFOJSure"
	 full-type="edu.cmu.cs.fluid.sea.ProposedPromiseDrop"/>

<ir-drop type="WarningDrop"
	 offset="774"
	 length="4"
	 line="47"
	 path="BoundedFIFOJSure/src/com/surelogic/jsure/BlockingFIFO.java"
	 uri="file:/C:/work/jsure-test-update-script-workspace/BoundedFIFOJSure/src/com/surelogic/jsure/BlockingFIFO.java"
	 file="file:/C:/work/jsure-test-update-script-workspace/BoundedFIFOJSure/src/com/surelogic/jsure/BlockingFIFO.java"
	 hash="-606055908"
	 context="-1562844173"
	 id="1333"
	 message="Lock expression &quot;this.fifo&quot; does not name a programmer-declared lock; consider declaring what state is protected by the referenced lock"
	 category="unidentifiable lock(s); what is the name of the lock? what state is being protected?"
	 message-id="(220,this.fifo)"
	 result-type="LockAnalysis_ds_UnidentifiableLock"
	 full-type="edu.cmu.cs.fluid.sea.WarningDrop"/>

<result-drop type="ResultDrop"
	 offset="388"
	 length="13"
	 line="21"
	 path="BoundedFIFOJSure/src/com/surelogic/jsure/BlockingFIFO.java"
	 uri="file:/C:/work/jsure-test-update-script-workspace/BoundedFIFOJSure/src/com/surelogic/jsure/BlockingFIFO.java"
	 file="file:/C:/work/jsure-test-update-script-workspace/BoundedFIFOJSure/src/com/surelogic/jsure/BlockingFIFO.java"
	 hash="-930704549"
	 context="1758745509"
	 id="1544"
	 message="Lock &quot;&lt;this.fifo&gt;:MUTEX&quot; not held when invoking this.fifo.notify; precondition unsatisfied"
	 category="lock precondition(s) not satisfied; possible race conditions enabled"
	 message-id="(209,&lt;this.fifo&gt;:MUTEX,this.fifo.notify,null)"
	 result-type="LockAnalysis_ds_PreconditionsNotAssured"
	 full-type="edu.cmu.cs.fluid.sea.ResultDrop"/>

<ir-drop type="ProposedPromiseDrop"
	 offset="2663"
	 length="54"
	 line="111"
	 path="BoundedFIFOJSure/src/com/surelogic/jsure/BoundedFIFO.java"
	 uri="file:/C:/work/jsure-test-update-script-workspace/BoundedFIFOJSure/src/com/surelogic/jsure/BoundedFIFO.java"
	 file="file:/C:/work/jsure-test-update-script-workspace/BoundedFIFOJSure/src/com/surelogic/jsure/BoundedFIFO.java"
	 hash="1874440324"
	 context="-134196960"
	 id="1995"
	 message="ProposedPromiseDrop @RegionEffects(reads this:Instance)"
	 target-project="BoundedFIFOJSure"
	 java-annotation="@RegionEffects(&quot;reads this:Instance&quot;)"
	 annotation-type="RegionEffects"
	 contents="reads this:Instance"
	 origin="CODE"
	 from-project="BoundedFIFOJSure"
	 full-type="edu.cmu.cs.fluid.sea.ProposedPromiseDrop"/>

<ir-drop type="ProposedPromiseDrop"
	 offset="30"
	 line="3"
	 path="BoundedFIFOJSure/src/com/surelogic/jsure/LoggingEvent.java"
	 uri="file:/C:/work/jsure-test-update-script-workspace/BoundedFIFOJSure/src/com/surelogic/jsure/LoggingEvent.java"
	 file="file:/C:/work/jsure-test-update-script-workspace/BoundedFIFOJSure/src/com/surelogic/jsure/LoggingEvent.java"
	 hash="439958362"
	 context="-591630994"
	 id="2309"
	 message="ProposedPromiseDrop @RegionEffects(none)"
	 target-project="BoundedFIFOJSure"
	 java-annotation="@RegionEffects(&quot;none&quot;)"
	 annotation-type="RegionEffects"
	 contents="none"
	 origin="CODE"
	 from-project="BoundedFIFOJSure"
	 full-type="edu.cmu.cs.fluid.sea.ProposedPromiseDrop"/>

<ir-drop type="ProposedPromiseDrop"
	 offset="163"
	 length="283"
	 line="10"
	 path="BoundedFIFOJSure/src/com/surelogic/jsure/BlockingFIFO.java"
	 uri="file:/C:/work/jsure-test-update-script-workspace/BoundedFIFOJSure/src/com/surelogic/jsure/BlockingFIFO.java"
	 file="file:/C:/work/jsure-test-update-script-workspace/BoundedFIFOJSure/src/com/surelogic/jsure/BlockingFIFO.java"
	 hash="803008296"
	 context="-1009164568"
	 id="2346"
	 message="ProposedPromiseDrop @RegionEffects(writes java.lang.Object:All)"
	 target-project="BoundedFIFOJSure"
	 java-annotation="@RegionEffects(&quot;writes java.lang.Object:All&quot;)"
	 annotation-type="RegionEffects"
	 contents="writes java.lang.Object:All"
	 origin="CODE"
	 from-project="BoundedFIFOJSure"
	 full-type="edu.cmu.cs.fluid.sea.ProposedPromiseDrop"/>

<ir-drop type="ProposedPromiseDrop"
	 offset="449"
	 length="284"
	 line="28"
	 path="BoundedFIFOJSure/src/com/surelogic/jsure/BlockingFIFO.java"
	 uri="file:/C:/work/jsure-test-update-script-workspace/BoundedFIFOJSure/src/com/surelogic/jsure/BlockingFIFO.java"
	 file="file:/C:/work/jsure-test-update-script-workspace/BoundedFIFOJSure/src/com/surelogic/jsure/BlockingFIFO.java"
	 hash="2145759295"
	 context="78615947"
	 id="2441"
	 message="ProposedPromiseDrop @RegionEffects(writes java.lang.Object:All)"
	 target-project="BoundedFIFOJSure"
	 java-annotation="@RegionEffects(&quot;writes java.lang.Object:All&quot;)"
	 annotation-type="RegionEffects"
	 contents="writes java.lang.Object:All"
	 origin="CODE"
	 from-project="BoundedFIFOJSure"
	 full-type="edu.cmu.cs.fluid.sea.ProposedPromiseDrop"/>

<ir-drop type="ProposedPromiseDrop"
	 offset="736"
	 length="77"
	 line="46"
	 path="BoundedFIFOJSure/src/com/surelogic/jsure/BlockingFIFO.java"
	 uri="file:/C:/work/jsure-test-update-script-workspace/BoundedFIFOJSure/src/com/surelogic/jsure/BlockingFIFO.java"
	 file="file:/C:/work/jsure-test-update-script-workspace/BoundedFIFOJSure/src/com/surelogic/jsure/BlockingFIFO.java"
	 hash="97438872"
	 context="1303360307"
	 id="2857"
	 message="ProposedPromiseDrop @RegionEffects(writes java.lang.Object:All)"
	 target-project="BoundedFIFOJSure"
	 java-annotation="@RegionEffects(&quot;writes java.lang.Object:All&quot;)"
	 annotation-type="RegionEffects"
	 contents="writes java.lang.Object:All"
	 origin="CODE"
	 from-project="BoundedFIFOJSure"
	 full-type="edu.cmu.cs.fluid.sea.ProposedPromiseDrop"/>

<ir-drop type="ProposedPromiseDrop"
	 offset="1811"
	 length="43"
	 line="78"
	 path="BoundedFIFOJSure/src/com/surelogic/jsure/BoundedFIFO.java"
	 uri="file:/C:/work/jsure-test-update-script-workspace/BoundedFIFOJSure/src/com/surelogic/jsure/BoundedFIFO.java"
	 file="file:/C:/work/jsure-test-update-script-workspace/BoundedFIFOJSure/src/com/surelogic/jsure/BoundedFIFO.java"
	 hash="800772265"
	 context="1191951638"
	 id="2863"
	 message="ProposedPromiseDrop @RegionEffects(reads this:Instance)"
	 target-project="BoundedFIFOJSure"
	 java-annotation="@RegionEffects(&quot;reads this:Instance&quot;)"
	 annotation-type="RegionEffects"
	 contents="reads this:Instance"
	 origin="CODE"
	 from-project="BoundedFIFOJSure"
	 full-type="edu.cmu.cs.fluid.sea.ProposedPromiseDrop"/>

<result-drop type="ResultDrop"
	 offset="694"
	 length="13"
	 line="40"
	 path="BoundedFIFOJSure/src/com/surelogic/jsure/BlockingFIFO.java"
	 uri="file:/C:/work/jsure-test-update-script-workspace/BoundedFIFOJSure/src/com/surelogic/jsure/BlockingFIFO.java"
	 file="file:/C:/work/jsure-test-update-script-workspace/BoundedFIFOJSure/src/com/surelogic/jsure/BlockingFIFO.java"
	 hash="-930704549"
	 context="-1610301880"
	 id="2927"
	 message="Lock &quot;&lt;this.fifo&gt;:MUTEX&quot; held when invoking this.fifo.notify; precondition satisfied"
	 category="lock precondition(s) satisfied"
	 result-type="LockAnalysis_ds_PreconditionsAssured"
	 message-id="(207,&lt;this.fifo&gt;:MUTEX,this.fifo.notify,null)"
	 consistent="true"
	 proved-consistent="true"
	 full-type="edu.cmu.cs.fluid.sea.ResultDrop"/>

<ir-drop type="WarningDrop"
	 offset="493"
	 length="4"
	 line="29"
	 path="BoundedFIFOJSure/src/com/surelogic/jsure/BlockingFIFO.java"
	 uri="file:/C:/work/jsure-test-update-script-workspace/BoundedFIFOJSure/src/com/surelogic/jsure/BlockingFIFO.java"
	 file="file:/C:/work/jsure-test-update-script-workspace/BoundedFIFOJSure/src/com/surelogic/jsure/BlockingFIFO.java"
	 hash="-606055908"
	 context="-1144906549"
	 id="3173"
	 message="Lock expression &quot;this.fifo&quot; does not name a programmer-declared lock; consider declaring what state is protected by the referenced lock"
	 category="unidentifiable lock(s); what is the name of the lock? what state is being protected?"
	 message-id="(220,this.fifo)"
	 result-type="LockAnalysis_ds_UnidentifiableLock"
	 full-type="edu.cmu.cs.fluid.sea.WarningDrop"/>

<ir-drop type="ProposedPromiseDrop"
	 offset="2001"
	 length="42"
	 line="86"
	 path="BoundedFIFOJSure/src/com/surelogic/jsure/BoundedFIFO.java"
	 uri="file:/C:/work/jsure-test-update-script-workspace/BoundedFIFOJSure/src/com/surelogic/jsure/BoundedFIFO.java"
	 file="file:/C:/work/jsure-test-update-script-workspace/BoundedFIFOJSure/src/com/surelogic/jsure/BoundedFIFO.java"
	 hash="-619934927"
	 context="-1903378963"
	 id="3314"
	 message="ProposedPromiseDrop @RegionEffects(reads this:Instance)"
	 target-project="BoundedFIFOJSure"
	 java-annotation="@RegionEffects(&quot;reads this:Instance&quot;)"
	 annotation-type="RegionEffects"
	 contents="reads this:Instance"
	 origin="CODE"
	 from-project="BoundedFIFOJSure"
	 full-type="edu.cmu.cs.fluid.sea.ProposedPromiseDrop"/>

<ir-drop type="WarningDrop"
	 offset="213"
	 length="4"
	 line="11"
	 path="BoundedFIFOJSure/src/com/surelogic/jsure/BlockingFIFO.java"
	 uri="file:/C:/work/jsure-test-update-script-workspace/BoundedFIFOJSure/src/com/surelogic/jsure/BlockingFIFO.java"
	 file="file:/C:/work/jsure-test-update-script-workspace/BoundedFIFOJSure/src/com/surelogic/jsure/BlockingFIFO.java"
	 hash="3559070"
	 context="-1009164568"
	 id="3425"
	 message="Lock expression &quot;this&quot; does not name a programmer-declared lock; consider declaring what state is protected by the referenced lock"
	 category="unidentifiable lock(s); what is the name of the lock? what state is being protected?"
	 message-id="(220,this)"
	 result-type="LockAnalysis_ds_UnidentifiableLock"
	 full-type="edu.cmu.cs.fluid.sea.WarningDrop"/>

<ir-drop type="ProposedPromiseDrop"
	 offset="2230"
	 length="53"
	 line="95"
	 path="BoundedFIFOJSure/src/com/surelogic/jsure/BoundedFIFO.java"
	 uri="file:/C:/work/jsure-test-update-script-workspace/BoundedFIFOJSure/src/com/surelogic/jsure/BoundedFIFO.java"
	 file="file:/C:/work/jsure-test-update-script-workspace/BoundedFIFOJSure/src/com/surelogic/jsure/BoundedFIFO.java"
	 hash="-1390514151"
	 context="1105176043"
	 id="3877"
	 message="ProposedPromiseDrop @RegionEffects(reads this:Instance)"
	 target-project="BoundedFIFOJSure"
	 java-annotation="@RegionEffects(&quot;reads this:Instance&quot;)"
	 annotation-type="RegionEffects"
	 contents="reads this:Instance"
	 origin="CODE"
	 from-project="BoundedFIFOJSure"
	 full-type="edu.cmu.cs.fluid.sea.ProposedPromiseDrop"/>

<ir-drop type="ProposedPromiseDrop"
	 offset="94"
	 length="66"
	 line="6"
	 path="BoundedFIFOJSure/src/com/surelogic/jsure/BlockingFIFO.java"
	 uri="file:/C:/work/jsure-test-update-script-workspace/BoundedFIFOJSure/src/com/surelogic/jsure/BlockingFIFO.java"
	 file="file:/C:/work/jsure-test-update-script-workspace/BoundedFIFOJSure/src/com/surelogic/jsure/BlockingFIFO.java"
	 hash="1659404402"
	 context="485168373"
	 id="3963"
	 message="ProposedPromiseDrop @RegionEffects(writes java.lang.Object:All)"
	 target-project="BoundedFIFOJSure"
	 java-annotation="@RegionEffects(&quot;writes java.lang.Object:All&quot;)"
	 annotation-type="RegionEffects"
	 contents="writes java.lang.Object:All"
	 origin="CODE"
	 from-project="BoundedFIFOJSure"
	 full-type="edu.cmu.cs.fluid.sea.ProposedPromiseDrop"/>

<ir-drop type="ProposedPromiseDrop"
	 offset="2447"
	 length="59"
	 line="103"
	 path="BoundedFIFOJSure/src/com/surelogic/jsure/BoundedFIFO.java"
	 uri="file:/C:/work/jsure-test-update-script-workspace/BoundedFIFOJSure/src/com/surelogic/jsure/BoundedFIFO.java"
	 file="file:/C:/work/jsure-test-update-script-workspace/BoundedFIFOJSure/src/com/surelogic/jsure/BoundedFIFO.java"
	 hash="981319203"
	 context="-759745197"
	 id="4130"
	 message="ProposedPromiseDrop @RegionEffects(reads this:Instance)"
	 target-project="BoundedFIFOJSure"
	 java-annotation="@RegionEffects(&quot;reads this:Instance&quot;)"
	 annotation-type="RegionEffects"
	 contents="reads this:Instance"
	 origin="CODE"
	 from-project="BoundedFIFOJSure"
	 full-type="edu.cmu.cs.fluid.sea.ProposedPromiseDrop"/>

</sea-summary>

