<sourceFiles>
	<package name="containable">
		<class name="C.java" source="/TestParameterizedTypeAnalysis/src/containable/C.java"/>
		<class name="Test.java" source="/TestParameterizedTypeAnalysis/src/containable/Test.java"/>
	</package>
	<package name="equality">
		<class name="Test.java" source="/TestParameterizedTypeAnalysis/src/equality/Test.java"/>
	</package>
	<package name="immutable">
		<class name="C.java" source="/TestParameterizedTypeAnalysis/src/immutable/C.java"/>
		<class name="Test.java" source="/TestParameterizedTypeAnalysis/src/immutable/Test.java"/>
	</package>
	<package name="test">
		<class name="C.java" source="/TestParameterizedTypeAnalysis/src/test/C.java"/>
		<class name="Test.java" source="/TestParameterizedTypeAnalysis/src/test/Test.java"/>
	</package>
	<package name="threadSafe">
		<class name="C.java" source="/TestParameterizedTypeAnalysis/src/threadSafe/C.java"/>
		<class name="Test.java" source="/TestParameterizedTypeAnalysis/src/threadSafe/Test.java"/>
	</package>
</sourceFiles>
