<sourceFiles>
	<package name="misc.anonClassMethods">
		<class name="Test.java" source="/TestQualifiedReceiverSubstitutionsAndAnonymousClassLocks/src/misc/anonClassMethods/Test.java"/>
	</package>
	<package name="misc.heldAs_unresolvable_tests">
		<class name="C.java" source="/TestQualifiedReceiverSubstitutionsAndAnonymousClassLocks/src/misc/heldAs_unresolvable_tests/C.java"/>
		<class name="Test.java" source="/TestQualifiedReceiverSubstitutionsAndAnonymousClassLocks/src/misc/heldAs_unresolvable_tests/Test.java"/>
	</package>
	<package name="test.AnonymousClass.SuperIsLocal.OneLevel">
		<class name="Outer.java" source="/TestQualifiedReceiverSubstitutionsAndAnonymousClassLocks/src/test/AnonymousClass/SuperIsLocal/OneLevel/Outer.java"/>
	</package>
	<package name="test.AnonymousClass.SuperIsLocal.ThreeLevels.DirectInner">
		<class name="Outer1.java" source="/TestQualifiedReceiverSubstitutionsAndAnonymousClassLocks/src/test/AnonymousClass/SuperIsLocal/ThreeLevels/DirectInner/Outer1.java"/>
	</package>
	<package name="test.AnonymousClass.SuperIsLocal.ThreeLevels.Local">
		<class name="Outer.java" source="/TestQualifiedReceiverSubstitutionsAndAnonymousClassLocks/src/test/AnonymousClass/SuperIsLocal/ThreeLevels/Local/Outer.java"/>
	</package>
	<package name="test.AnonymousClass.SuperIsLocal.ThreeLevels.Mixed">
		<class name="Outer1.java" source="/TestQualifiedReceiverSubstitutionsAndAnonymousClassLocks/src/test/AnonymousClass/SuperIsLocal/ThreeLevels/Mixed/Outer1.java"/>
	</package>
	<package name="test.AnonymousClass.SuperIsLocal.TwoLevels.DirectInner">
		<class name="Outer1.java" source="/TestQualifiedReceiverSubstitutionsAndAnonymousClassLocks/src/test/AnonymousClass/SuperIsLocal/TwoLevels/DirectInner/Outer1.java"/>
	</package>
	<package name="test.AnonymousClass.SuperIsLocal.TwoLevels.Local">
		<class name="Outer.java" source="/TestQualifiedReceiverSubstitutionsAndAnonymousClassLocks/src/test/AnonymousClass/SuperIsLocal/TwoLevels/Local/Outer.java"/>
	</package>
	<package name="test.AnonymousClass.SuperIsMember.Qualified.OneLevel">
		<class name="Test.java" source="/TestQualifiedReceiverSubstitutionsAndAnonymousClassLocks/src/test/AnonymousClass/SuperIsMember/Qualified/OneLevel/Test.java"/>
	</package>
	<package name="test.AnonymousClass.SuperIsMember.Qualified.TwoLevels">
		<class name="Test.java" source="/TestQualifiedReceiverSubstitutionsAndAnonymousClassLocks/src/test/AnonymousClass/SuperIsMember/Qualified/TwoLevels/Test.java"/>
	</package>
	<package name="test.AnonymousClass.SuperIsMember.Unqualified.OneLevel">
		<class name="Test.java" source="/TestQualifiedReceiverSubstitutionsAndAnonymousClassLocks/src/test/AnonymousClass/SuperIsMember/Unqualified/OneLevel/Test.java"/>
		<class name="TestFieldInit.java" source="/TestQualifiedReceiverSubstitutionsAndAnonymousClassLocks/src/test/AnonymousClass/SuperIsMember/Unqualified/OneLevel/TestFieldInit.java"/>
		<class name="TestInstanceInit.java" source="/TestQualifiedReceiverSubstitutionsAndAnonymousClassLocks/src/test/AnonymousClass/SuperIsMember/Unqualified/OneLevel/TestInstanceInit.java"/>
	</package>
	<package name="test.AnonymousClass.SuperIsMember.Unqualified.TwoLevels">
		<class name="Test.java" source="/TestQualifiedReceiverSubstitutionsAndAnonymousClassLocks/src/test/AnonymousClass/SuperIsMember/Unqualified/TwoLevels/Test.java"/>
		<class name="TestFieldInit.java" source="/TestQualifiedReceiverSubstitutionsAndAnonymousClassLocks/src/test/AnonymousClass/SuperIsMember/Unqualified/TwoLevels/TestFieldInit.java"/>
		<class name="TestInstanceInit.java" source="/TestQualifiedReceiverSubstitutionsAndAnonymousClassLocks/src/test/AnonymousClass/SuperIsMember/Unqualified/TwoLevels/TestInstanceInit.java"/>
	</package>
	<package name="test.AnonymousClass.SuperIsNotInner">
		<class name="StaticContext.java" source="/TestQualifiedReceiverSubstitutionsAndAnonymousClassLocks/src/test/AnonymousClass/SuperIsNotInner/StaticContext.java"/>
		<class name="Super.java" source="/TestQualifiedReceiverSubstitutionsAndAnonymousClassLocks/src/test/AnonymousClass/SuperIsNotInner/Super.java"/>
		<class name="Test.java" source="/TestQualifiedReceiverSubstitutionsAndAnonymousClassLocks/src/test/AnonymousClass/SuperIsNotInner/Test.java"/>
		<class name="TestFieldInit.java" source="/TestQualifiedReceiverSubstitutionsAndAnonymousClassLocks/src/test/AnonymousClass/SuperIsNotInner/TestFieldInit.java"/>
		<class name="TestInstanceInit.java" source="/TestQualifiedReceiverSubstitutionsAndAnonymousClassLocks/src/test/AnonymousClass/SuperIsNotInner/TestInstanceInit.java"/>
	</package>
	<package name="test.ConstructorCall.Qualified.DoubleNesting">
		<class name="E2.java" source="/TestQualifiedReceiverSubstitutionsAndAnonymousClassLocks/src/test/ConstructorCall/Qualified/DoubleNesting/E2.java"/>
		<class name="E3.java" source="/TestQualifiedReceiverSubstitutionsAndAnonymousClassLocks/src/test/ConstructorCall/Qualified/DoubleNesting/E3.java"/>
		<class name="Outer1.java" source="/TestQualifiedReceiverSubstitutionsAndAnonymousClassLocks/src/test/ConstructorCall/Qualified/DoubleNesting/Outer1.java"/>
	</package>
	<package name="test.ConstructorCall.Qualified.SingleNesting">
		<class name="E2.java" source="/TestQualifiedReceiverSubstitutionsAndAnonymousClassLocks/src/test/ConstructorCall/Qualified/SingleNesting/E2.java"/>
		<class name="Outer1.java" source="/TestQualifiedReceiverSubstitutionsAndAnonymousClassLocks/src/test/ConstructorCall/Qualified/SingleNesting/Outer1.java"/>
	</package>
	<package name="test.ConstructorCall.Unqualified.DoubleNesting">
		<class name="Outer1.java" source="/TestQualifiedReceiverSubstitutionsAndAnonymousClassLocks/src/test/ConstructorCall/Unqualified/DoubleNesting/Outer1.java"/>
	</package>
	<package name="test.ConstructorCall.Unqualified.SingleNesting">
		<class name="Outer1.java" source="/TestQualifiedReceiverSubstitutionsAndAnonymousClassLocks/src/test/ConstructorCall/Unqualified/SingleNesting/Outer1.java"/>
		<class name="Outer2.java" source="/TestQualifiedReceiverSubstitutionsAndAnonymousClassLocks/src/test/ConstructorCall/Unqualified/SingleNesting/Outer2.java"/>
	</package>
	<package name="test.MethodCall.DoubleNesting">
		<class name="E2.java" source="/TestQualifiedReceiverSubstitutionsAndAnonymousClassLocks/src/test/MethodCall/DoubleNesting/E2.java"/>
		<class name="Outer1.java" source="/TestQualifiedReceiverSubstitutionsAndAnonymousClassLocks/src/test/MethodCall/DoubleNesting/Outer1.java"/>
	</package>
	<package name="test.MethodCall.NoNesting">
		<class name="NormalCall.java" source="/TestQualifiedReceiverSubstitutionsAndAnonymousClassLocks/src/test/MethodCall/NoNesting/NormalCall.java"/>
		<class name="TestDefinitionAndSynchronization.java" source="/TestQualifiedReceiverSubstitutionsAndAnonymousClassLocks/src/test/MethodCall/NoNesting/TestDefinitionAndSynchronization.java"/>
	</package>
	<package name="test.MethodCall.SingleNesting">
		<class name="E2.java" source="/TestQualifiedReceiverSubstitutionsAndAnonymousClassLocks/src/test/MethodCall/SingleNesting/E2.java"/>
		<class name="Outer1.java" source="/TestQualifiedReceiverSubstitutionsAndAnonymousClassLocks/src/test/MethodCall/SingleNesting/Outer1.java"/>
		<class name="Outer2.java" source="/TestQualifiedReceiverSubstitutionsAndAnonymousClassLocks/src/test/MethodCall/SingleNesting/Outer2.java"/>
	</package>
	<package name="test.NewExpression.LocalClass">
		<class name="Outer.java" source="/TestQualifiedReceiverSubstitutionsAndAnonymousClassLocks/src/test/NewExpression/LocalClass/Outer.java"/>
	</package>
	<package name="test.NewExpression.MemberClass.Qualified">
		<class name="Outer.java" source="/TestQualifiedReceiverSubstitutionsAndAnonymousClassLocks/src/test/NewExpression/MemberClass/Qualified/Outer.java"/>
	</package>
	<package name="test.NewExpression.MemberClass.Unqualified">
		<class name="Outer.java" source="/TestQualifiedReceiverSubstitutionsAndAnonymousClassLocks/src/test/NewExpression/MemberClass/Unqualified/Outer.java"/>
	</package>
</sourceFiles>
