<sourceFiles>
	<package name="containable">
		<class name="AnnotationInterface.java" source="/TestAnnotatedAnnotations/src/containable/AnnotationInterface.java"/>
		<class name="RealClass.java" source="/TestAnnotatedAnnotations/src/containable/RealClass.java"/>
		<class name="RealInterface.java" source="/TestAnnotatedAnnotations/src/containable/RealInterface.java"/>
	</package>
	<package name="immutable">
		<class name="AnnotationInterface.java" source="/TestAnnotatedAnnotations/src/immutable/AnnotationInterface.java"/>
		<class name="RealClass.java" source="/TestAnnotatedAnnotations/src/immutable/RealClass.java"/>
		<class name="RealInterface.java" source="/TestAnnotatedAnnotations/src/immutable/RealInterface.java"/>
	</package>
	<package name="referenceObject">
		<class name="AnnotationInterface.java" source="/TestAnnotatedAnnotations/src/referenceObject/AnnotationInterface.java"/>
		<class name="RealClass.java" source="/TestAnnotatedAnnotations/src/referenceObject/RealClass.java"/>
		<class name="RealInterface.java" source="/TestAnnotatedAnnotations/src/referenceObject/RealInterface.java"/>
	</package>
	<package name="threadSafe">
		<class name="AnnotationInterface.java" source="/TestAnnotatedAnnotations/src/threadSafe/AnnotationInterface.java"/>
		<class name="RealClass.java" source="/TestAnnotatedAnnotations/src/threadSafe/RealClass.java"/>
		<class name="RealInterface.java" source="/TestAnnotatedAnnotations/src/threadSafe/RealInterface.java"/>
	</package>
	<package name="valueObject">
		<class name="AnnotationInterface.java" source="/TestAnnotatedAnnotations/src/valueObject/AnnotationInterface.java"/>
		<class name="RealClass.java" source="/TestAnnotatedAnnotations/src/valueObject/RealClass.java"/>
		<class name="RealInterface.java" source="/TestAnnotatedAnnotations/src/valueObject/RealInterface.java"/>
	</package>
</sourceFiles>
