<sourceFiles>
	<package name="test.intrinsic.formals">
		<class name="C.java" source="/TestRequiresLockOverride/src/test/intrinsic/formals/C.java"/>
	</package>
	<package name="test.intrinsic.qualified">
		<class name="Outer1.java" source="/TestRequiresLockOverride/src/test/intrinsic/qualified/Outer1.java"/>
	</package>
	<package name="test.intrinsic.receiver.explicit">
		<class name="C.java" source="/TestRequiresLockOverride/src/test/intrinsic/receiver/explicit/C.java"/>
	</package>
	<package name="test.intrinsic.receiver.implicit">
		<class name="C.java" source="/TestRequiresLockOverride/src/test/intrinsic/receiver/implicit/C.java"/>
	</package>
	<package name="test.intrinsic.receiver.qualified">
		<class name="C.java" source="/TestRequiresLockOverride/src/test/intrinsic/receiver/qualified/C.java"/>
	</package>
	<package name="test.intrinsic.staticlocks.qualified">
		<class name="C.java" source="/TestRequiresLockOverride/src/test/intrinsic/staticlocks/qualified/C.java"/>
	</package>
	<package name="test.intrinsic.staticlocks.simple">
		<class name="C.java" source="/TestRequiresLockOverride/src/test/intrinsic/staticlocks/simple/C.java"/>
	</package>
	<package name="test.read.formals">
		<class name="C.java" source="/TestRequiresLockOverride/src/test/read/formals/C.java"/>
	</package>
	<package name="test.read.qualified">
		<class name="Outer1.java" source="/TestRequiresLockOverride/src/test/read/qualified/Outer1.java"/>
	</package>
	<package name="test.read.receiver.explicit">
		<class name="C.java" source="/TestRequiresLockOverride/src/test/read/receiver/explicit/C.java"/>
	</package>
	<package name="test.read.receiver.implicit">
		<class name="C.java" source="/TestRequiresLockOverride/src/test/read/receiver/implicit/C.java"/>
	</package>
	<package name="test.read.receiver.qualified">
		<class name="C.java" source="/TestRequiresLockOverride/src/test/read/receiver/qualified/C.java"/>
	</package>
	<package name="test.read.staticlocks.qualified">
		<class name="C.java" source="/TestRequiresLockOverride/src/test/read/staticlocks/qualified/C.java"/>
	</package>
	<package name="test.read.staticlocks.simple">
		<class name="C.java" source="/TestRequiresLockOverride/src/test/read/staticlocks/simple/C.java"/>
	</package>
	<package name="test.write.formals">
		<class name="C.java" source="/TestRequiresLockOverride/src/test/write/formals/C.java"/>
	</package>
	<package name="test.write.qualified">
		<class name="Outer1.java" source="/TestRequiresLockOverride/src/test/write/qualified/Outer1.java"/>
	</package>
	<package name="test.write.receiver.explicit">
		<class name="C.java" source="/TestRequiresLockOverride/src/test/write/receiver/explicit/C.java"/>
	</package>
	<package name="test.write.receiver.implicit">
		<class name="C.java" source="/TestRequiresLockOverride/src/test/write/receiver/implicit/C.java"/>
	</package>
	<package name="test.write.receiver.qualified">
		<class name="C.java" source="/TestRequiresLockOverride/src/test/write/receiver/qualified/C.java"/>
	</package>
	<package name="test.write.staticlocks.qualified">
		<class name="C.java" source="/TestRequiresLockOverride/src/test/write/staticlocks/qualified/C.java"/>
	</package>
	<package name="test.write.staticlocks.simple">
		<class name="C.java" source="/TestRequiresLockOverride/src/test/write/staticlocks/simple/C.java"/>
	</package>
</sourceFiles>
