<sourceFiles>
	<package name="test_final_exprs">
		<class name="TestArrayRefs.java" source="/TestFinalExpressions/src/test_final_exprs/TestArrayRefs.java"/>
		<class name="TestClassExprs.java" source="/TestFinalExpressions/src/test_final_exprs/TestClassExprs.java"/>
		<class name="TestInstanceFieldRefs.java" source="/TestFinalExpressions/src/test_final_exprs/TestInstanceFieldRefs.java"/>
		<class name="TestLocalVars.java" source="/TestFinalExpressions/src/test_final_exprs/TestLocalVars.java"/>
		<class name="TestMethodCall.java" source="/TestFinalExpressions/src/test_final_exprs/TestMethodCall.java"/>
		<class name="TestReceiver.java" source="/TestFinalExpressions/src/test_final_exprs/TestReceiver.java"/>
		<class name="TestStaticFieldRefs.java" source="/TestFinalExpressions/src/test_final_exprs/TestStaticFieldRefs.java"/>
	</package>
</sourceFiles>
