<sourceFiles>
	<package name="test_aggregated_arrays">
		<class name="Test.java" source="/TestIntrinsicLockAnalysis/src/test_aggregated_arrays/Test.java"/>
	</package>
	<package name="test_array_length">
		<class name="Test.java" source="/TestIntrinsicLockAnalysis/src/test_array_length/Test.java"/>
	</package>
	<package name="test_empty_RequiresLock">
		<class name="C.java" source="/TestIntrinsicLockAnalysis/src/test_empty_RequiresLock/C.java"/>
	</package>
	<package name="test_lockingPlusAggregationPlusEffects.nestedRegions">
		<class name="C.java" source="/TestIntrinsicLockAnalysis/src/test_lockingPlusAggregationPlusEffects/nestedRegions/C.java"/>
		<class name="D.java" source="/TestIntrinsicLockAnalysis/src/test_lockingPlusAggregationPlusEffects/nestedRegions/D.java"/>
	</package>
	<package name="test_lockingPlusAggregationPlusEffects.siblingRegions">
		<class name="C2.java" source="/TestIntrinsicLockAnalysis/src/test_lockingPlusAggregationPlusEffects/siblingRegions/C2.java"/>
		<class name="D2.java" source="/TestIntrinsicLockAnalysis/src/test_lockingPlusAggregationPlusEffects/siblingRegions/D2.java"/>
	</package>
	<package name="test_policyLock_requiresLock">
		<class name="Test.java" source="/TestIntrinsicLockAnalysis/src/test_policyLock_requiresLock/Test.java"/>
	</package>
	<package name="test_requiresLock_for_parameters">
		<class name="C.java" source="/TestIntrinsicLockAnalysis/src/test_requiresLock_for_parameters/C.java"/>
		<class name="Test.java" source="/TestIntrinsicLockAnalysis/src/test_requiresLock_for_parameters/Test.java"/>
	</package>
	<package name="test_selfProtected">
		<class name="C.java" source="/TestIntrinsicLockAnalysis/src/test_selfProtected/C.java"/>
		<class name="D.java" source="/TestIntrinsicLockAnalysis/src/test_selfProtected/D.java"/>
		<class name="E.java" source="/TestIntrinsicLockAnalysis/src/test_selfProtected/E.java"/>
		<class name="I.java" source="/TestIntrinsicLockAnalysis/src/test_selfProtected/I.java"/>
		<class name="Main.java" source="/TestIntrinsicLockAnalysis/src/test_selfProtected/Main.java"/>
	</package>
	<package name="test_singleThreaded_constructor">
		<class name="TestBorrowed.java" source="/TestIntrinsicLockAnalysis/src/test_singleThreaded_constructor/TestBorrowed.java"/>
		<class name="TestEffects.java" source="/TestIntrinsicLockAnalysis/src/test_singleThreaded_constructor/TestEffects.java"/>
	</package>
	<package name="test_static_lock_semantics.parent_child">
		<class name="A.java" source="/TestIntrinsicLockAnalysis/src/test_static_lock_semantics/parent_child/A.java"/>
		<class name="B.java" source="/TestIntrinsicLockAnalysis/src/test_static_lock_semantics/parent_child/B.java"/>
	</package>
	<package name="test_static_lock_semantics.sibling">
		<class name="X.java" source="/TestIntrinsicLockAnalysis/src/test_static_lock_semantics/sibling/X.java"/>
		<class name="Y.java" source="/TestIntrinsicLockAnalysis/src/test_static_lock_semantics/sibling/Y.java"/>
		<class name="Z.java" source="/TestIntrinsicLockAnalysis/src/test_static_lock_semantics/sibling/Z.java"/>
	</package>
	<package name="test_static_lock_semantics.unrelated">
		<class name="C.java" source="/TestIntrinsicLockAnalysis/src/test_static_lock_semantics/unrelated/C.java"/>
		<class name="D.java" source="/TestIntrinsicLockAnalysis/src/test_static_lock_semantics/unrelated/D.java"/>
	</package>
	<package name="test_synchronization_around_inner_classes">
		<class name="Outer.java" source="/TestIntrinsicLockAnalysis/src/test_synchronization_around_inner_classes/Outer.java"/>
	</package>
</sourceFiles>
