<sourceFiles>
	<package name="test">
		<class name="ImmutableClass.java" source="/TestThreadSafeExtendsImmutable/src/test/ImmutableClass.java"/>
		<class name="ImmutableImpl.java" source="/TestThreadSafeExtendsImmutable/src/test/ImmutableImpl.java"/>
		<class name="ImmutableInterface.java" source="/TestThreadSafeExtendsImmutable/src/test/ImmutableInterface.java"/>
		<class name="ThreadSafe1.java" source="/TestThreadSafeExtendsImmutable/src/test/ThreadSafe1.java"/>
		<class name="ThreadSafe2.java" source="/TestThreadSafeExtendsImmutable/src/test/ThreadSafe2.java"/>
		<class name="ThreadSafe3.java" source="/TestThreadSafeExtendsImmutable/src/test/ThreadSafe3.java"/>
	</package>
</sourceFiles>
