<sourceFiles>
	<package name="test.anyInstance">
		<class name="Reads.java" source="/TestEffectOverriding/src/test/anyInstance/Reads.java"/>
		<class name="Root.java" source="/TestEffectOverriding/src/test/anyInstance/Root.java"/>
		<class name="Writes.java" source="/TestEffectOverriding/src/test/anyInstance/Writes.java"/>
	</package>
	<package name="test.anyInstance.any">
		<class name="Any.java" source="/TestEffectOverriding/src/test/anyInstance/any/Any.java"/>
		<class name="AnySub.java" source="/TestEffectOverriding/src/test/anyInstance/any/AnySub.java"/>
		<class name="AnySuper.java" source="/TestEffectOverriding/src/test/anyInstance/any/AnySuper.java"/>
		<class name="Other.java" source="/TestEffectOverriding/src/test/anyInstance/any/Other.java"/>
		<class name="ReadsAny.java" source="/TestEffectOverriding/src/test/anyInstance/any/ReadsAny.java"/>
		<class name="WritesAny.java" source="/TestEffectOverriding/src/test/anyInstance/any/WritesAny.java"/>
	</package>
	<package name="test.explicitStatic">
		<class name="Reads.java" source="/TestEffectOverriding/src/test/explicitStatic/Reads.java"/>
		<class name="Root.java" source="/TestEffectOverriding/src/test/explicitStatic/Root.java"/>
		<class name="Writes.java" source="/TestEffectOverriding/src/test/explicitStatic/Writes.java"/>
	</package>
	<package name="test.explicitStatic.any">
		<class name="Any.java" source="/TestEffectOverriding/src/test/explicitStatic/any/Any.java"/>
		<class name="AnySub.java" source="/TestEffectOverriding/src/test/explicitStatic/any/AnySub.java"/>
		<class name="AnySuper.java" source="/TestEffectOverriding/src/test/explicitStatic/any/AnySuper.java"/>
		<class name="Other.java" source="/TestEffectOverriding/src/test/explicitStatic/any/Other.java"/>
		<class name="ReadsAny.java" source="/TestEffectOverriding/src/test/explicitStatic/any/ReadsAny.java"/>
		<class name="WritesAny.java" source="/TestEffectOverriding/src/test/explicitStatic/any/WritesAny.java"/>
	</package>
	<package name="test.explicitThis">
		<class name="Reads.java" source="/TestEffectOverriding/src/test/explicitThis/Reads.java"/>
		<class name="Root.java" source="/TestEffectOverriding/src/test/explicitThis/Root.java"/>
		<class name="Writes.java" source="/TestEffectOverriding/src/test/explicitThis/Writes.java"/>
	</package>
	<package name="test.explicitThis.any">
		<class name="Any.java" source="/TestEffectOverriding/src/test/explicitThis/any/Any.java"/>
		<class name="AnySub.java" source="/TestEffectOverriding/src/test/explicitThis/any/AnySub.java"/>
		<class name="AnySuper.java" source="/TestEffectOverriding/src/test/explicitThis/any/AnySuper.java"/>
		<class name="Other.java" source="/TestEffectOverriding/src/test/explicitThis/any/Other.java"/>
		<class name="ReadsAny.java" source="/TestEffectOverriding/src/test/explicitThis/any/ReadsAny.java"/>
		<class name="WritesAny.java" source="/TestEffectOverriding/src/test/explicitThis/any/WritesAny.java"/>
	</package>
	<package name="test.formals">
		<class name="Other.java" source="/TestEffectOverriding/src/test/formals/Other.java"/>
		<class name="Reads.java" source="/TestEffectOverriding/src/test/formals/Reads.java"/>
		<class name="Root.java" source="/TestEffectOverriding/src/test/formals/Root.java"/>
		<class name="Writes.java" source="/TestEffectOverriding/src/test/formals/Writes.java"/>
	</package>
	<package name="test.formals.any">
		<class name="Any.java" source="/TestEffectOverriding/src/test/formals/any/Any.java"/>
		<class name="AnySub.java" source="/TestEffectOverriding/src/test/formals/any/AnySub.java"/>
		<class name="AnySuper.java" source="/TestEffectOverriding/src/test/formals/any/AnySuper.java"/>
		<class name="Other.java" source="/TestEffectOverriding/src/test/formals/any/Other.java"/>
		<class name="ReadsAny.java" source="/TestEffectOverriding/src/test/formals/any/ReadsAny.java"/>
		<class name="WritesAny.java" source="/TestEffectOverriding/src/test/formals/any/WritesAny.java"/>
	</package>
	<package name="test.implicitStatic">
		<class name="Reads.java" source="/TestEffectOverriding/src/test/implicitStatic/Reads.java"/>
		<class name="Root.java" source="/TestEffectOverriding/src/test/implicitStatic/Root.java"/>
		<class name="Writes.java" source="/TestEffectOverriding/src/test/implicitStatic/Writes.java"/>
	</package>
	<package name="test.implicitStatic.any">
		<class name="Any.java" source="/TestEffectOverriding/src/test/implicitStatic/any/Any.java"/>
		<class name="AnySub.java" source="/TestEffectOverriding/src/test/implicitStatic/any/AnySub.java"/>
		<class name="AnySuper.java" source="/TestEffectOverriding/src/test/implicitStatic/any/AnySuper.java"/>
		<class name="Other.java" source="/TestEffectOverriding/src/test/implicitStatic/any/Other.java"/>
		<class name="ReadsAny.java" source="/TestEffectOverriding/src/test/implicitStatic/any/ReadsAny.java"/>
		<class name="WritesAny.java" source="/TestEffectOverriding/src/test/implicitStatic/any/WritesAny.java"/>
	</package>
	<package name="test.implicitThis">
		<class name="Reads.java" source="/TestEffectOverriding/src/test/implicitThis/Reads.java"/>
		<class name="Root.java" source="/TestEffectOverriding/src/test/implicitThis/Root.java"/>
		<class name="Writes.java" source="/TestEffectOverriding/src/test/implicitThis/Writes.java"/>
	</package>
	<package name="test.implicitThis.any">
		<class name="Any.java" source="/TestEffectOverriding/src/test/implicitThis/any/Any.java"/>
		<class name="AnySub.java" source="/TestEffectOverriding/src/test/implicitThis/any/AnySub.java"/>
		<class name="AnySuper.java" source="/TestEffectOverriding/src/test/implicitThis/any/AnySuper.java"/>
		<class name="Other.java" source="/TestEffectOverriding/src/test/implicitThis/any/Other.java"/>
		<class name="ReadsAny.java" source="/TestEffectOverriding/src/test/implicitThis/any/ReadsAny.java"/>
		<class name="WritesAny.java" source="/TestEffectOverriding/src/test/implicitThis/any/WritesAny.java"/>
	</package>
	<package name="test.nestedClass">
		<class name="Outer1.java" source="/TestEffectOverriding/src/test/nestedClass/Outer1.java"/>
	</package>
	<package name="test.qualifiedThis">
		<class name="Reads.java" source="/TestEffectOverriding/src/test/qualifiedThis/Reads.java"/>
		<class name="Root.java" source="/TestEffectOverriding/src/test/qualifiedThis/Root.java"/>
		<class name="Writes.java" source="/TestEffectOverriding/src/test/qualifiedThis/Writes.java"/>
	</package>
	<package name="test.qualifiedThis.any">
		<class name="Any.java" source="/TestEffectOverriding/src/test/qualifiedThis/any/Any.java"/>
		<class name="AnySub.java" source="/TestEffectOverriding/src/test/qualifiedThis/any/AnySub.java"/>
		<class name="AnySuper.java" source="/TestEffectOverriding/src/test/qualifiedThis/any/AnySuper.java"/>
		<class name="Other.java" source="/TestEffectOverriding/src/test/qualifiedThis/any/Other.java"/>
		<class name="ReadsAny.java" source="/TestEffectOverriding/src/test/qualifiedThis/any/ReadsAny.java"/>
		<class name="WritesAny.java" source="/TestEffectOverriding/src/test/qualifiedThis/any/WritesAny.java"/>
	</package>
	<package name="test.satisfiedByWritesAll">
		<class name="C.java" source="/TestEffectOverriding/src/test/satisfiedByWritesAll/C.java"/>
		<class name="D.java" source="/TestEffectOverriding/src/test/satisfiedByWritesAll/D.java"/>
	</package>
</sourceFiles>
