<sourceFiles>
	<package name="test.enums">
		<class name="ManyMembers_Fancy.java" source="/TestSingletonEnum/src/test/enums/ManyMembers_Fancy.java"/>
		<class name="ManyMembers_Simple.java" source="/TestSingletonEnum/src/test/enums/ManyMembers_Simple.java"/>
		<class name="NoMembers_Fancy.java" source="/TestSingletonEnum/src/test/enums/NoMembers_Fancy.java"/>
		<class name="NoMembers_Simple.java" source="/TestSingletonEnum/src/test/enums/NoMembers_Simple.java"/>
		<class name="OneMember_ClassElement.java" source="/TestSingletonEnum/src/test/enums/OneMember_ClassElement.java"/>
		<class name="OneMember_SimpleElement.java" source="/TestSingletonEnum/src/test/enums/OneMember_SimpleElement.java"/>
		<class name="OneMember_StandardElement.java" source="/TestSingletonEnum/src/test/enums/OneMember_StandardElement.java"/>
	</package>
</sourceFiles>
