<sourceFiles>
	<package name="other">
		<class name="Super2.java" source="/TestRegionPromotionInEffectsInference/src/other/Super2.java"/>
	</package>
	<package name="test">
		<class name="DifferentPackageSuper.java" source="/TestRegionPromotionInEffectsInference/src/test/DifferentPackageSuper.java"/>
		<class name="MoreTests.java" source="/TestRegionPromotionInEffectsInference/src/test/MoreTests.java"/>
		<class name="SamePackageSuper.java" source="/TestRegionPromotionInEffectsInference/src/test/SamePackageSuper.java"/>
		<class name="SimpleTest.java" source="/TestRegionPromotionInEffectsInference/src/test/SimpleTest.java"/>
		<class name="Super.java" source="/TestRegionPromotionInEffectsInference/src/test/Super.java"/>
	</package>
</sourceFiles>
