<sourceFiles>
	<package name="dont_sync_on_JUC_locks">
		<class name="Test.java" source="/TestJUCLocks/src/dont_sync_on_JUC_locks/Test.java"/>
	</package>
	<package name="locals_and_params">
		<class name="LocalsAndParams.java" source="/TestJUCLocks/src/locals_and_params/LocalsAndParams.java"/>
	</package>
	<package name="lockInterruptibly">
		<class name="C.java" source="/TestJUCLocks/src/lockInterruptibly/C.java"/>
	</package>
	<package name="matching_lock_with_unlock">
		<class name="Test.java" source="/TestJUCLocks/src/matching_lock_with_unlock/Test.java"/>
		<class name="Tricky.java" source="/TestJUCLocks/src/matching_lock_with_unlock/Tricky.java"/>
	</package>
	<package name="non_final_lock_expressions">
		<class name="Test.java" source="/TestJUCLocks/src/non_final_lock_expressions/Test.java"/>
	</package>
	<package name="not_just_any_Lock_class">
		<class name="Lock.java" source="/TestJUCLocks/src/not_just_any_Lock_class/Lock.java"/>
		<class name="Main.java" source="/TestJUCLocks/src/not_just_any_Lock_class/Main.java"/>
	</package>
	<package name="protecting_with_JUC_locks">
		<class name="Test.java" source="/TestJUCLocks/src/protecting_with_JUC_locks/Test.java"/>
	</package>
	<package name="requiresLock_and_JUC">
		<class name="Other.java" source="/TestJUCLocks/src/requiresLock_and_JUC/Other.java"/>
		<class name="Test.java" source="/TestJUCLocks/src/requiresLock_and_JUC/Test.java"/>
	</package>
	<package name="returnsLock_and_JUC">
		<class name="Test.java" source="/TestJUCLocks/src/returnsLock_and_JUC/Test.java"/>
	</package>
	<package name="singleThreaded">
		<class name="SingleThreadedTest.java" source="/TestJUCLocks/src/singleThreaded/SingleThreadedTest.java"/>
	</package>
	<package name="suggest_juc_lock_fields">
		<class name="C1.java" source="/TestJUCLocks/src/suggest_juc_lock_fields/C1.java"/>
		<class name="C2.java" source="/TestJUCLocks/src/suggest_juc_lock_fields/C2.java"/>
		<class name="C3.java" source="/TestJUCLocks/src/suggest_juc_lock_fields/C3.java"/>
		<class name="C4.java" source="/TestJUCLocks/src/suggest_juc_lock_fields/C4.java"/>
		<class name="Other.java" source="/TestJUCLocks/src/suggest_juc_lock_fields/Other.java"/>
	</package>
	<package name="tryLock">
		<class name="C.java" source="/TestJUCLocks/src/tryLock/C.java"/>
	</package>
	<package name="unidentifiable_locks">
		<class name="Test.java" source="/TestJUCLocks/src/unidentifiable_locks/Test.java"/>
	</package>
</sourceFiles>
