<sourceFiles>
	<package name="test">
		<class name="InferDefaultRegion.java" source="/TestInRegionRegionInference/src/test/InferDefaultRegion.java"/>
		<class name="InferDefaultStaticRegion.java" source="/TestInRegionRegionInference/src/test/InferDefaultStaticRegion.java"/>
		<class name="InferPrivateField.java" source="/TestInRegionRegionInference/src/test/InferPrivateField.java"/>
		<class name="InferPrivateStaticField.java" source="/TestInRegionRegionInference/src/test/InferPrivateStaticField.java"/>
		<class name="InferProtectedRegion.java" source="/TestInRegionRegionInference/src/test/InferProtectedRegion.java"/>
		<class name="InferProtectedStaticRegion.java" source="/TestInRegionRegionInference/src/test/InferProtectedStaticRegion.java"/>
		<class name="InferPublicRegion.java" source="/TestInRegionRegionInference/src/test/InferPublicRegion.java"/>
		<class name="InferPublicStaticRegion.java" source="/TestInRegionRegionInference/src/test/InferPublicStaticRegion.java"/>
		<class name="Normal.java" source="/TestInRegionRegionInference/src/test/Normal.java"/>
		<class name="NormalStatic.java" source="/TestInRegionRegionInference/src/test/NormalStatic.java"/>
	</package>
</sourceFiles>
