<sourceFiles>
	<package name="borrowedThis">
		<class name="RelyOnBorrowedThis.java" source="/TestUniqueReturnOnConstructor/src/borrowedThis/RelyOnBorrowedThis.java"/>
		<class name="TestSingleThreaded.java" source="/TestUniqueReturnOnConstructor/src/borrowedThis/TestSingleThreaded.java"/>
		<class name="UseIt.java" source="/TestUniqueReturnOnConstructor/src/borrowedThis/UseIt.java"/>
	</package>
	<package name="sanityChecks">
		<class name="C.java" source="/TestUniqueReturnOnConstructor/src/sanityChecks/C.java"/>
	</package>
	<package name="uniqueReturn">
		<class name="RelyOnUniqueReturn.java" source="/TestUniqueReturnOnConstructor/src/uniqueReturn/RelyOnUniqueReturn.java"/>
		<class name="TestSingleThreaded.java" source="/TestUniqueReturnOnConstructor/src/uniqueReturn/TestSingleThreaded.java"/>
		<class name="UseIt.java" source="/TestUniqueReturnOnConstructor/src/uniqueReturn/UseIt.java"/>
	</package>
</sourceFiles>
