<sourceFiles>
	<package name="badBorrowedFieldInit">
		<class name="DualIterator.java" source="/TestComprehensiveUniquePlusFromSE/src/badBorrowedFieldInit/DualIterator.java"/>
	</package>
	<package name="check.unique">
		<class name="TestDifferentMessagesOnAbruptAndNormal.java" source="/TestComprehensiveUniquePlusFromSE/src/check/unique/TestDifferentMessagesOnAbruptAndNormal.java"/>
		<class name="TestEndOfMethod.java" source="/TestComprehensiveUniquePlusFromSE/src/check/unique/TestEndOfMethod.java"/>
		<class name="TestMiddleOfMethod.java" source="/TestComprehensiveUniquePlusFromSE/src/check/unique/TestMiddleOfMethod.java"/>
	</package>
	<package name="check.uniqueWrite">
		<class name="TestDifferentMessagesOnAbruptAndNormal.java" source="/TestComprehensiveUniquePlusFromSE/src/check/uniqueWrite/TestDifferentMessagesOnAbruptAndNormal.java"/>
		<class name="TestEndOfMethod.java" source="/TestComprehensiveUniquePlusFromSE/src/check/uniqueWrite/TestEndOfMethod.java"/>
		<class name="TestMiddleOfMethod.java" source="/TestComprehensiveUniquePlusFromSE/src/check/uniqueWrite/TestMiddleOfMethod.java"/>
	</package>
	<package name="opCheckMutable.transferAssignArray">
		<class name="Test.java" source="/TestComprehensiveUniquePlusFromSE/src/opCheckMutable/transferAssignArray/Test.java"/>
	</package>
	<package name="opCheckMutable.viaConsiderDeclaredEffects.transferCall.formal.anyInstanceTarget.notAffected">
		<class name="NotAffected.java" source="/TestComprehensiveUniquePlusFromSE/src/opCheckMutable/viaConsiderDeclaredEffects/transferCall/formal/anyInstanceTarget/notAffected/NotAffected.java"/>
	</package>
	<package name="opCheckMutable.viaConsiderDeclaredEffects.transferCall.formal.anyInstanceTarget.read">
		<class name="ReadTest.java" source="/TestComprehensiveUniquePlusFromSE/src/opCheckMutable/viaConsiderDeclaredEffects/transferCall/formal/anyInstanceTarget/read/ReadTest.java"/>
	</package>
	<package name="opCheckMutable.viaConsiderDeclaredEffects.transferCall.formal.anyInstanceTarget.write">
		<class name="WriteTest.java" source="/TestComprehensiveUniquePlusFromSE/src/opCheckMutable/viaConsiderDeclaredEffects/transferCall/formal/anyInstanceTarget/write/WriteTest.java"/>
	</package>
	<package name="opCheckMutable.viaConsiderDeclaredEffects.transferCall.formal.classTarget.notAffected">
		<class name="NotAffected.java" source="/TestComprehensiveUniquePlusFromSE/src/opCheckMutable/viaConsiderDeclaredEffects/transferCall/formal/classTarget/notAffected/NotAffected.java"/>
	</package>
	<package name="opCheckMutable.viaConsiderDeclaredEffects.transferCall.formal.classTarget.read">
		<class name="ReadTest.java" source="/TestComprehensiveUniquePlusFromSE/src/opCheckMutable/viaConsiderDeclaredEffects/transferCall/formal/classTarget/read/ReadTest.java"/>
	</package>
	<package name="opCheckMutable.viaConsiderDeclaredEffects.transferCall.formal.classTarget.write">
		<class name="WriteTest.java" source="/TestComprehensiveUniquePlusFromSE/src/opCheckMutable/viaConsiderDeclaredEffects/transferCall/formal/classTarget/write/WriteTest.java"/>
	</package>
	<package name="opCheckMutable.viaConsiderDeclaredEffects.transferCall.formal.instanceTarget.notAffected">
		<class name="NotAffected.java" source="/TestComprehensiveUniquePlusFromSE/src/opCheckMutable/viaConsiderDeclaredEffects/transferCall/formal/instanceTarget/notAffected/NotAffected.java"/>
	</package>
	<package name="opCheckMutable.viaConsiderDeclaredEffects.transferCall.formal.instanceTarget.read">
		<class name="ReadTest.java" source="/TestComprehensiveUniquePlusFromSE/src/opCheckMutable/viaConsiderDeclaredEffects/transferCall/formal/instanceTarget/read/ReadTest.java"/>
	</package>
	<package name="opCheckMutable.viaConsiderDeclaredEffects.transferCall.formal.instanceTarget.write">
		<class name="WriteTest.java" source="/TestComprehensiveUniquePlusFromSE/src/opCheckMutable/viaConsiderDeclaredEffects/transferCall/formal/instanceTarget/write/WriteTest.java"/>
	</package>
	<package name="opCheckMutable.viaConsiderDeclaredEffects.transferCall.receiver.anyInstanceTarget.notAffected">
		<class name="NotAffected.java" source="/TestComprehensiveUniquePlusFromSE/src/opCheckMutable/viaConsiderDeclaredEffects/transferCall/receiver/anyInstanceTarget/notAffected/NotAffected.java"/>
	</package>
	<package name="opCheckMutable.viaConsiderDeclaredEffects.transferCall.receiver.anyInstanceTarget.read">
		<class name="ReadTest.java" source="/TestComprehensiveUniquePlusFromSE/src/opCheckMutable/viaConsiderDeclaredEffects/transferCall/receiver/anyInstanceTarget/read/ReadTest.java"/>
	</package>
	<package name="opCheckMutable.viaConsiderDeclaredEffects.transferCall.receiver.anyInstanceTarget.write">
		<class name="WriteTest.java" source="/TestComprehensiveUniquePlusFromSE/src/opCheckMutable/viaConsiderDeclaredEffects/transferCall/receiver/anyInstanceTarget/write/WriteTest.java"/>
	</package>
	<package name="opCheckMutable.viaConsiderDeclaredEffects.transferCall.receiver.classTarget.notAffected">
		<class name="NotAffected.java" source="/TestComprehensiveUniquePlusFromSE/src/opCheckMutable/viaConsiderDeclaredEffects/transferCall/receiver/classTarget/notAffected/NotAffected.java"/>
	</package>
	<package name="opCheckMutable.viaConsiderDeclaredEffects.transferCall.receiver.classTarget.read">
		<class name="ReadTest.java" source="/TestComprehensiveUniquePlusFromSE/src/opCheckMutable/viaConsiderDeclaredEffects/transferCall/receiver/classTarget/read/ReadTest.java"/>
	</package>
	<package name="opCheckMutable.viaConsiderDeclaredEffects.transferCall.receiver.classTarget.write">
		<class name="WriteTest.java" source="/TestComprehensiveUniquePlusFromSE/src/opCheckMutable/viaConsiderDeclaredEffects/transferCall/receiver/classTarget/write/WriteTest.java"/>
	</package>
	<package name="opCheckMutable.viaConsiderDeclaredEffects.transferCall.receiver.instanceTarget.notAffected">
		<class name="NotAffected.java" source="/TestComprehensiveUniquePlusFromSE/src/opCheckMutable/viaConsiderDeclaredEffects/transferCall/receiver/instanceTarget/notAffected/NotAffected.java"/>
	</package>
	<package name="opCheckMutable.viaConsiderDeclaredEffects.transferCall.receiver.instanceTarget.read">
		<class name="ReadTest.java" source="/TestComprehensiveUniquePlusFromSE/src/opCheckMutable/viaConsiderDeclaredEffects/transferCall/receiver/instanceTarget/read/ReadTest.java"/>
	</package>
	<package name="opCheckMutable.viaConsiderDeclaredEffects.transferCall.receiver.instanceTarget.write">
		<class name="WriteTest.java" source="/TestComprehensiveUniquePlusFromSE/src/opCheckMutable/viaConsiderDeclaredEffects/transferCall/receiver/instanceTarget/write/WriteTest.java"/>
	</package>
	<package name="opCheckMutable.viaOpStore.transferAssignField">
		<class name="Test.java" source="/TestComprehensiveUniquePlusFromSE/src/opCheckMutable/viaOpStore/transferAssignField/Test.java"/>
	</package>
	<package name="opCheckMutable.viaOpStore.transferInitializationOfField">
		<class name="Test.java" source="/TestComprehensiveUniquePlusFromSE/src/opCheckMutable/viaOpStore/transferInitializationOfField/Test.java"/>
	</package>
	<package name="opCheckTopState.viaOpCompromiseNoRelease.transferAssignArray">
		<class name="Test.java" source="/TestComprehensiveUniquePlusFromSE/src/opCheckTopState/viaOpCompromiseNoRelease/transferAssignArray/Test.java"/>
	</package>
	<package name="opCheckTopState.viaOpConsume.viaOpCompromise.viaPopArguments.viaTransferCall">
		<class name="Test.java" source="/TestComprehensiveUniquePlusFromSE/src/opCheckTopState/viaOpConsume/viaOpCompromise/viaPopArguments/viaTransferCall/Test.java"/>
	</package>
	<package name="opCheckTopState.viaOpConsume.viaOpCompromise.viaTransferArrayInitializer">
		<class name="Test.java" source="/TestComprehensiveUniquePlusFromSE/src/opCheckTopState/viaOpConsume/viaOpCompromise/viaTransferArrayInitializer/Test.java"/>
	</package>
	<package name="opCheckTopState.viaOpConsume.viaOpCompromise.viaTransferCall">
		<class name="Test.java" source="/TestComprehensiveUniquePlusFromSE/src/opCheckTopState/viaOpConsume/viaOpCompromise/viaTransferCall/Test.java"/>
	</package>
	<package name="opCheckTopState.viaOpConsume.viaOpCompromise.viaTransferNestedClassUse">
		<class name="Test.java" source="/TestComprehensiveUniquePlusFromSE/src/opCheckTopState/viaOpConsume/viaOpCompromise/viaTransferNestedClassUse/Test.java"/>
	</package>
	<package name="opCheckTopState.viaOpConsume.viaOpCompromise.viaTransferNestedClassUse2">
		<class name="Test.java" source="/TestComprehensiveUniquePlusFromSE/src/opCheckTopState/viaOpConsume/viaOpCompromise/viaTransferNestedClassUse2/Test.java"/>
	</package>
	<package name="opCheckTopState.viaOpConsume.viaOpCompromise.viaTransferThrow">
		<class name="Test.java" source="/TestComprehensiveUniquePlusFromSE/src/opCheckTopState/viaOpConsume/viaOpCompromise/viaTransferThrow/Test.java"/>
	</package>
	<package name="opCheckTopState.viaOpConsume.viaOpStore.viaTransferAssignField">
		<class name="Test.java" source="/TestComprehensiveUniquePlusFromSE/src/opCheckTopState/viaOpConsume/viaOpStore/viaTransferAssignField/Test.java"/>
	</package>
	<package name="opCheckTopState.viaOpConsume.viaOpStore.viaTransferInitializationOfField">
		<class name="Test.java" source="/TestComprehensiveUniquePlusFromSE/src/opCheckTopState/viaOpConsume/viaOpStore/viaTransferInitializationOfField/Test.java"/>
	</package>
	<package name="opCheckTopState.viaOpConsume.viaPopArguments.viaTransferCall">
		<class name="Test.java" source="/TestComprehensiveUniquePlusFromSE/src/opCheckTopState/viaOpConsume/viaPopArguments/viaTransferCall/Test.java"/>
	</package>
	<package name="opCheckTopState.viaOpConsume.viaPopArguments.viaTransferCall.undefined">
		<class name="Test.java" source="/TestComprehensiveUniquePlusFromSE/src/opCheckTopState/viaOpConsume/viaPopArguments/viaTransferCall/undefined/Test.java"/>
	</package>
	<package name="opCheckTopState.viaOpConsume.viaPopQualifiedReceiver.viaTransferCall">
		<class name="Test.java" source="/TestComprehensiveUniquePlusFromSE/src/opCheckTopState/viaOpConsume/viaPopQualifiedReceiver/viaTransferCall/Test.java"/>
	</package>
	<package name="opCheckTopState.viaOpConsume.viaPopQualifiedReceiver.viaTransferCall.undefined">
		<class name="Test.java" source="/TestComprehensiveUniquePlusFromSE/src/opCheckTopState/viaOpConsume/viaPopQualifiedReceiver/viaTransferCall/undefined/Test.java"/>
	</package>
	<package name="opCheckTopState.viaOpConsume.viaPopReceiver.viaTransferCall">
		<class name="Test.java" source="/TestComprehensiveUniquePlusFromSE/src/opCheckTopState/viaOpConsume/viaPopReceiver/viaTransferCall/Test.java"/>
	</package>
	<package name="opCheckTopState.viaOpConsume.viaPopReceiver.viaTransferCall.undefined">
		<class name="Test.java" source="/TestComprehensiveUniquePlusFromSE/src/opCheckTopState/viaOpConsume/viaPopReceiver/viaTransferCall/undefined/Test.java"/>
	</package>
	<package name="opCheckTopState.viaOpConsume.viaTransferMethodBody">
		<class name="Test.java" source="/TestComprehensiveUniquePlusFromSE/src/opCheckTopState/viaOpConsume/viaTransferMethodBody/Test.java"/>
	</package>
	<package name="opCheckTopState.viaOpStore.viaTransferAssignField">
		<class name="Test.java" source="/TestComprehensiveUniquePlusFromSE/src/opCheckTopState/viaOpStore/viaTransferAssignField/Test.java"/>
	</package>
	<package name="opCheckTopState.viaOpStore.viaTransferInitializationOfField">
		<class name="Test.java" source="/TestComprehensiveUniquePlusFromSE/src/opCheckTopState/viaOpStore/viaTransferInitializationOfField/Test.java"/>
	</package>
	<package name="opGet.viaTransferMethodBody">
		<class name="TestBorrowed.java" source="/TestComprehensiveUniquePlusFromSE/src/opGet/viaTransferMethodBody/TestBorrowed.java"/>
		<class name="TestUnique.java" source="/TestComprehensiveUniquePlusFromSE/src/opGet/viaTransferMethodBody/TestUnique.java"/>
	</package>
	<package name="opGet.viaTransferNestedClassUse">
		<class name="TestBorrowed.java" source="/TestComprehensiveUniquePlusFromSE/src/opGet/viaTransferNestedClassUse/TestBorrowed.java"/>
		<class name="TestUnique.java" source="/TestComprehensiveUniquePlusFromSE/src/opGet/viaTransferNestedClassUse/TestUnique.java"/>
	</package>
	<package name="opGet.viaTransferUseQualifiiedReceiver">
		<class name="TestBorrowed.java" source="/TestComprehensiveUniquePlusFromSE/src/opGet/viaTransferUseQualifiiedReceiver/TestBorrowed.java"/>
		<class name="TestUnique.java" source="/TestComprehensiveUniquePlusFromSE/src/opGet/viaTransferUseQualifiiedReceiver/TestUnique.java"/>
	</package>
	<package name="opGet.viaTransferUseReceiver">
		<class name="TestBorrowed.java" source="/TestComprehensiveUniquePlusFromSE/src/opGet/viaTransferUseReceiver/TestBorrowed.java"/>
		<class name="TestUnique.java" source="/TestComprehensiveUniquePlusFromSE/src/opGet/viaTransferUseReceiver/TestUnique.java"/>
	</package>
	<package name="opGet.viaTransferUseVar">
		<class name="TestBorrowed.java" source="/TestComprehensiveUniquePlusFromSE/src/opGet/viaTransferUseVar/TestBorrowed.java"/>
		<class name="TestUnique.java" source="/TestComprehensiveUniquePlusFromSE/src/opGet/viaTransferUseVar/TestUnique.java"/>
	</package>
	<package name="opGet.viaUndefineFromNodes">
		<class name="Test.java" source="/TestComprehensiveUniquePlusFromSE/src/opGet/viaUndefineFromNodes/Test.java"/>
	</package>
	<package name="opLoad.transferUseField.borrowedError">
		<class name="Test.java" source="/TestComprehensiveUniquePlusFromSE/src/opLoad/transferUseField/borrowedError/Test.java"/>
	</package>
	<package name="opLoad.viaTransferUseField.arrayElement">
		<class name="Test.java" source="/TestComprehensiveUniquePlusFromSE/src/opLoad/viaTransferUseField/arrayElement/Test.java"/>
	</package>
	<package name="opLoad.viaTransferUseField.arrayInitializer">
		<class name="Test.java" source="/TestComprehensiveUniquePlusFromSE/src/opLoad/viaTransferUseField/arrayInitializer/Test.java"/>
	</package>
	<package name="opLoad.viaTransferUseField.externalVar">
		<class name="Test.java" source="/TestComprehensiveUniquePlusFromSE/src/opLoad/viaTransferUseField/externalVar/Test.java"/>
	</package>
	<package name="opLoad.viaTransferUseField.outerReceiver">
		<class name="Test.java" source="/TestComprehensiveUniquePlusFromSE/src/opLoad/viaTransferUseField/outerReceiver/Test.java"/>
	</package>
	<package name="opLoad.viaTransferUseField.sharedField">
		<class name="Test.java" source="/TestComprehensiveUniquePlusFromSE/src/opLoad/viaTransferUseField/sharedField/Test.java"/>
	</package>
	<package name="opLoad.viaTransferUseField.sharedFormal">
		<class name="Test.java" source="/TestComprehensiveUniquePlusFromSE/src/opLoad/viaTransferUseField/sharedFormal/Test.java"/>
	</package>
	<package name="opLoad.viaTransferUseField.sharedQualifiedReceiver">
		<class name="Other.java" source="/TestComprehensiveUniquePlusFromSE/src/opLoad/viaTransferUseField/sharedQualifiedReceiver/Other.java"/>
		<class name="Test.java" source="/TestComprehensiveUniquePlusFromSE/src/opLoad/viaTransferUseField/sharedQualifiedReceiver/Test.java"/>
	</package>
	<package name="opLoad.viaTransferUseField.sharedReceiver">
		<class name="Other.java" source="/TestComprehensiveUniquePlusFromSE/src/opLoad/viaTransferUseField/sharedReceiver/Other.java"/>
		<class name="Test.java" source="/TestComprehensiveUniquePlusFromSE/src/opLoad/viaTransferUseField/sharedReceiver/Test.java"/>
	</package>
	<package name="opLoad.viaTransferUseField.thrown">
		<class name="Test.java" source="/TestComprehensiveUniquePlusFromSE/src/opLoad/viaTransferUseField/thrown/Test.java"/>
	</package>
	<package name="opLoad.viaTransferUseField.varargs">
		<class name="Test.java" source="/TestComprehensiveUniquePlusFromSE/src/opLoad/viaTransferUseField/varargs/Test.java"/>
	</package>
	<package name="opLoad.viaTransferUseQualifiedReceiver.arrayElement">
		<class name="Test.java" source="/TestComprehensiveUniquePlusFromSE/src/opLoad/viaTransferUseQualifiedReceiver/arrayElement/Test.java"/>
	</package>
	<package name="opLoad.viaTransferUseQualifiedReceiver.arrayInitializer">
		<class name="Test.java" source="/TestComprehensiveUniquePlusFromSE/src/opLoad/viaTransferUseQualifiedReceiver/arrayInitializer/Test.java"/>
	</package>
	<package name="opLoad.viaTransferUseQualifiedReceiver.externalVar">
		<class name="Test.java" source="/TestComprehensiveUniquePlusFromSE/src/opLoad/viaTransferUseQualifiedReceiver/externalVar/Test.java"/>
	</package>
	<package name="opLoad.viaTransferUseQualifiedReceiver.outerReceiver">
		<class name="Test.java" source="/TestComprehensiveUniquePlusFromSE/src/opLoad/viaTransferUseQualifiedReceiver/outerReceiver/Test.java"/>
	</package>
	<package name="opLoad.viaTransferUseQualifiedReceiver.sharedField">
		<class name="Test.java" source="/TestComprehensiveUniquePlusFromSE/src/opLoad/viaTransferUseQualifiedReceiver/sharedField/Test.java"/>
	</package>
	<package name="opLoad.viaTransferUseQualifiedReceiver.sharedFormal">
		<class name="Test.java" source="/TestComprehensiveUniquePlusFromSE/src/opLoad/viaTransferUseQualifiedReceiver/sharedFormal/Test.java"/>
	</package>
	<package name="opLoad.viaTransferUseQualifiedReceiver.sharedQualifiedReceiver">
		<class name="Test.java" source="/TestComprehensiveUniquePlusFromSE/src/opLoad/viaTransferUseQualifiedReceiver/sharedQualifiedReceiver/Test.java"/>
	</package>
	<package name="opLoad.viaTransferUseQualifiedReceiver.sharedReceiver">
		<class name="Test.java" source="/TestComprehensiveUniquePlusFromSE/src/opLoad/viaTransferUseQualifiedReceiver/sharedReceiver/Test.java"/>
	</package>
	<package name="opLoad.viaTransferUseQualifiedReceiver.thrown">
		<class name="Test.java" source="/TestComprehensiveUniquePlusFromSE/src/opLoad/viaTransferUseQualifiedReceiver/thrown/Test.java"/>
	</package>
	<package name="opLoad.viaTransferUseQualifiedReceiver.varargs">
		<class name="Test.java" source="/TestComprehensiveUniquePlusFromSE/src/opLoad/viaTransferUseQualifiedReceiver/varargs/Test.java"/>
	</package>
	<package name="opLoadReachable.viaConsiderDeclaredEffects.viaTransferCall.arrayElement">
		<class name="Test.java" source="/TestComprehensiveUniquePlusFromSE/src/opLoadReachable/viaConsiderDeclaredEffects/viaTransferCall/arrayElement/Test.java"/>
		<class name="TestAllowRead.java" source="/TestComprehensiveUniquePlusFromSE/src/opLoadReachable/viaConsiderDeclaredEffects/viaTransferCall/arrayElement/TestAllowRead.java"/>
	</package>
	<package name="opLoadReachable.viaConsiderDeclaredEffects.viaTransferCall.arrayInitializer">
		<class name="Test.java" source="/TestComprehensiveUniquePlusFromSE/src/opLoadReachable/viaConsiderDeclaredEffects/viaTransferCall/arrayInitializer/Test.java"/>
		<class name="TestAllowRead.java" source="/TestComprehensiveUniquePlusFromSE/src/opLoadReachable/viaConsiderDeclaredEffects/viaTransferCall/arrayInitializer/TestAllowRead.java"/>
	</package>
	<package name="opLoadReachable.viaConsiderDeclaredEffects.viaTransferCall.externalVar">
		<class name="Test.java" source="/TestComprehensiveUniquePlusFromSE/src/opLoadReachable/viaConsiderDeclaredEffects/viaTransferCall/externalVar/Test.java"/>
		<class name="TestAllowRead.java" source="/TestComprehensiveUniquePlusFromSE/src/opLoadReachable/viaConsiderDeclaredEffects/viaTransferCall/externalVar/TestAllowRead.java"/>
	</package>
	<package name="opLoadReachable.viaConsiderDeclaredEffects.viaTransferCall.outerReceiver">
		<class name="Test.java" source="/TestComprehensiveUniquePlusFromSE/src/opLoadReachable/viaConsiderDeclaredEffects/viaTransferCall/outerReceiver/Test.java"/>
		<class name="TestAllowRead.java" source="/TestComprehensiveUniquePlusFromSE/src/opLoadReachable/viaConsiderDeclaredEffects/viaTransferCall/outerReceiver/TestAllowRead.java"/>
	</package>
	<package name="opLoadReachable.viaConsiderDeclaredEffects.viaTransferCall.sharedField">
		<class name="Test.java" source="/TestComprehensiveUniquePlusFromSE/src/opLoadReachable/viaConsiderDeclaredEffects/viaTransferCall/sharedField/Test.java"/>
		<class name="TestAllowRead.java" source="/TestComprehensiveUniquePlusFromSE/src/opLoadReachable/viaConsiderDeclaredEffects/viaTransferCall/sharedField/TestAllowRead.java"/>
	</package>
	<package name="opLoadReachable.viaConsiderDeclaredEffects.viaTransferCall.sharedFormal">
		<class name="Test.java" source="/TestComprehensiveUniquePlusFromSE/src/opLoadReachable/viaConsiderDeclaredEffects/viaTransferCall/sharedFormal/Test.java"/>
		<class name="TestAllowRead.java" source="/TestComprehensiveUniquePlusFromSE/src/opLoadReachable/viaConsiderDeclaredEffects/viaTransferCall/sharedFormal/TestAllowRead.java"/>
	</package>
	<package name="opLoadReachable.viaConsiderDeclaredEffects.viaTransferCall.sharedQualifiedReceiver">
		<class name="Other.java" source="/TestComprehensiveUniquePlusFromSE/src/opLoadReachable/viaConsiderDeclaredEffects/viaTransferCall/sharedQualifiedReceiver/Other.java"/>
		<class name="Test.java" source="/TestComprehensiveUniquePlusFromSE/src/opLoadReachable/viaConsiderDeclaredEffects/viaTransferCall/sharedQualifiedReceiver/Test.java"/>
		<class name="TestAllowRead.java" source="/TestComprehensiveUniquePlusFromSE/src/opLoadReachable/viaConsiderDeclaredEffects/viaTransferCall/sharedQualifiedReceiver/TestAllowRead.java"/>
	</package>
	<package name="opLoadReachable.viaConsiderDeclaredEffects.viaTransferCall.sharedReceiver">
		<class name="Other.java" source="/TestComprehensiveUniquePlusFromSE/src/opLoadReachable/viaConsiderDeclaredEffects/viaTransferCall/sharedReceiver/Other.java"/>
		<class name="Test.java" source="/TestComprehensiveUniquePlusFromSE/src/opLoadReachable/viaConsiderDeclaredEffects/viaTransferCall/sharedReceiver/Test.java"/>
		<class name="TestAllowRead.java" source="/TestComprehensiveUniquePlusFromSE/src/opLoadReachable/viaConsiderDeclaredEffects/viaTransferCall/sharedReceiver/TestAllowRead.java"/>
	</package>
	<package name="opLoadReachable.viaConsiderDeclaredEffects.viaTransferCall.thrown">
		<class name="Test.java" source="/TestComprehensiveUniquePlusFromSE/src/opLoadReachable/viaConsiderDeclaredEffects/viaTransferCall/thrown/Test.java"/>
		<class name="TestAllowRead.java" source="/TestComprehensiveUniquePlusFromSE/src/opLoadReachable/viaConsiderDeclaredEffects/viaTransferCall/thrown/TestAllowRead.java"/>
	</package>
	<package name="opLoadReachable.viaConsiderDeclaredEffects.viaTransferCall.varArgs">
		<class name="Test.java" source="/TestComprehensiveUniquePlusFromSE/src/opLoadReachable/viaConsiderDeclaredEffects/viaTransferCall/varArgs/Test.java"/>
		<class name="TestAllowRead.java" source="/TestComprehensiveUniquePlusFromSE/src/opLoadReachable/viaConsiderDeclaredEffects/viaTransferCall/varArgs/TestAllowRead.java"/>
	</package>
	<package name="opReturn.viaOpStore.transferAssignField.BorrowedField">
		<class name="BorrowedField.java" source="/TestComprehensiveUniquePlusFromSE/src/opReturn/viaOpStore/transferAssignField/BorrowedField/BorrowedField.java"/>
	</package>
	<package name="opReturn.viaOpStore.transferAssignField.BorrowedReadOnlyField">
		<class name="BorrowedReadOnlyField.java" source="/TestComprehensiveUniquePlusFromSE/src/opReturn/viaOpStore/transferAssignField/BorrowedReadOnlyField/BorrowedReadOnlyField.java"/>
	</package>
	<package name="opReturn.viaTransferCall">
		<class name="Test.java" source="/TestComprehensiveUniquePlusFromSE/src/opReturn/viaTransferCall/Test.java"/>
	</package>
	<package name="opReturn.viaTransferReturn">
		<class name="Test.java" source="/TestComprehensiveUniquePlusFromSE/src/opReturn/viaTransferReturn/Test.java"/>
	</package>
</sourceFiles>
