<sourceFiles>
	<package name="inRegion.accessibility.differentPackages.p1">
		<class name="DefaultSuper.java" source="/TestRegionSanityChecks/src/inRegion/accessibility/differentPackages/p1/DefaultSuper.java"/>
		<class name="ParentIsDefaultSuper.java" source="/TestRegionSanityChecks/src/inRegion/accessibility/differentPackages/p1/ParentIsDefaultSuper.java"/>
		<class name="PublicSuper.java" source="/TestRegionSanityChecks/src/inRegion/accessibility/differentPackages/p1/PublicSuper.java"/>
	</package>
	<package name="inRegion.accessibility.differentPackages.p2">
		<class name="ParentIsDefaultSuper2.java" source="/TestRegionSanityChecks/src/inRegion/accessibility/differentPackages/p2/ParentIsDefaultSuper2.java"/>
		<class name="ParentIsPublicSuper.java" source="/TestRegionSanityChecks/src/inRegion/accessibility/differentPackages/p2/ParentIsPublicSuper.java"/>
	</package>
	<package name="inRegion.accessibility.samePackage">
		<class name="DefaultSuper.java" source="/TestRegionSanityChecks/src/inRegion/accessibility/samePackage/DefaultSuper.java"/>
		<class name="ParentIsDefaultSuper.java" source="/TestRegionSanityChecks/src/inRegion/accessibility/samePackage/ParentIsDefaultSuper.java"/>
		<class name="ParentIsPublicSuper.java" source="/TestRegionSanityChecks/src/inRegion/accessibility/samePackage/ParentIsPublicSuper.java"/>
		<class name="PublicSuper.java" source="/TestRegionSanityChecks/src/inRegion/accessibility/samePackage/PublicSuper.java"/>
	</package>
	<package name="inRegion.finalFields">
		<class name="C.java" source="/TestRegionSanityChecks/src/inRegion/finalFields/C.java"/>
	</package>
	<package name="inRegion.nonFieldParent">
		<class name="Super.java" source="/TestRegionSanityChecks/src/inRegion/nonFieldParent/Super.java"/>
		<class name="Test.java" source="/TestRegionSanityChecks/src/inRegion/nonFieldParent/Test.java"/>
	</package>
	<package name="inRegion.parentMustExist">
		<class name="Child.java" source="/TestRegionSanityChecks/src/inRegion/parentMustExist/Child.java"/>
		<class name="Other.java" source="/TestRegionSanityChecks/src/inRegion/parentMustExist/Other.java"/>
		<class name="Super.java" source="/TestRegionSanityChecks/src/inRegion/parentMustExist/Super.java"/>
		<class name="Test.java" source="/TestRegionSanityChecks/src/inRegion/parentMustExist/Test.java"/>
	</package>
	<package name="inRegion.staticParents">
		<class name="Super.java" source="/TestRegionSanityChecks/src/inRegion/staticParents/Super.java"/>
		<class name="Test.java" source="/TestRegionSanityChecks/src/inRegion/staticParents/Test.java"/>
	</package>
	<package name="inRegion.visibility">
		<class name="Super.java" source="/TestRegionSanityChecks/src/inRegion/visibility/Super.java"/>
		<class name="Test.java" source="/TestRegionSanityChecks/src/inRegion/visibility/Test.java"/>
	</package>
	<package name="region.accessibility.differentPackages.p1">
		<class name="DefaultSuper.java" source="/TestRegionSanityChecks/src/region/accessibility/differentPackages/p1/DefaultSuper.java"/>
		<class name="ParentIsDefaultSuper.java" source="/TestRegionSanityChecks/src/region/accessibility/differentPackages/p1/ParentIsDefaultSuper.java"/>
		<class name="PublicSuper.java" source="/TestRegionSanityChecks/src/region/accessibility/differentPackages/p1/PublicSuper.java"/>
	</package>
	<package name="region.accessibility.differentPackages.p2">
		<class name="ParentIsDefaultSuper2.java" source="/TestRegionSanityChecks/src/region/accessibility/differentPackages/p2/ParentIsDefaultSuper2.java"/>
		<class name="ParentIsPublicSuper.java" source="/TestRegionSanityChecks/src/region/accessibility/differentPackages/p2/ParentIsPublicSuper.java"/>
	</package>
	<package name="region.accessibility.samePackage">
		<class name="DefaultSuper.java" source="/TestRegionSanityChecks/src/region/accessibility/samePackage/DefaultSuper.java"/>
		<class name="ParentIsDefaultSuper.java" source="/TestRegionSanityChecks/src/region/accessibility/samePackage/ParentIsDefaultSuper.java"/>
		<class name="ParentIsPublicSuper.java" source="/TestRegionSanityChecks/src/region/accessibility/samePackage/ParentIsPublicSuper.java"/>
		<class name="PublicSuper.java" source="/TestRegionSanityChecks/src/region/accessibility/samePackage/PublicSuper.java"/>
	</package>
	<package name="region.noCycles">
		<class name="Test.java" source="/TestRegionSanityChecks/src/region/noCycles/Test.java"/>
	</package>
	<package name="region.nonFieldParent">
		<class name="Super.java" source="/TestRegionSanityChecks/src/region/nonFieldParent/Super.java"/>
		<class name="Test.java" source="/TestRegionSanityChecks/src/region/nonFieldParent/Test.java"/>
	</package>
	<package name="region.parentMustExist">
		<class name="Child.java" source="/TestRegionSanityChecks/src/region/parentMustExist/Child.java"/>
		<class name="Other.java" source="/TestRegionSanityChecks/src/region/parentMustExist/Other.java"/>
		<class name="Super.java" source="/TestRegionSanityChecks/src/region/parentMustExist/Super.java"/>
		<class name="Test.java" source="/TestRegionSanityChecks/src/region/parentMustExist/Test.java"/>
	</package>
	<package name="region.staticParents">
		<class name="Super.java" source="/TestRegionSanityChecks/src/region/staticParents/Super.java"/>
		<class name="Test.java" source="/TestRegionSanityChecks/src/region/staticParents/Test.java"/>
	</package>
	<package name="region.uniqueRegion">
		<class name="Super.java" source="/TestRegionSanityChecks/src/region/uniqueRegion/Super.java"/>
		<class name="Test.java" source="/TestRegionSanityChecks/src/region/uniqueRegion/Test.java"/>
	</package>
	<package name="region.visibility">
		<class name="Super.java" source="/TestRegionSanityChecks/src/region/visibility/Super.java"/>
		<class name="Test.java" source="/TestRegionSanityChecks/src/region/visibility/Test.java"/>
	</package>
</sourceFiles>
