<sourceFiles>
	<package name="testFieldDeclarations">
		<class name="ContainableType.java" source="/ThreadSafeAnalysis/src/testFieldDeclarations/ContainableType.java"/>
		<class name="NotSafe.java" source="/ThreadSafeAnalysis/src/testFieldDeclarations/NotSafe.java"/>
		<class name="Safe.java" source="/ThreadSafeAnalysis/src/testFieldDeclarations/Safe.java"/>
		<class name="Safe2.java" source="/ThreadSafeAnalysis/src/testFieldDeclarations/Safe2.java"/>
		<class name="Test.java" source="/ThreadSafeAnalysis/src/testFieldDeclarations/Test.java"/>
		<class name="TestNoVerify.java" source="/ThreadSafeAnalysis/src/testFieldDeclarations/TestNoVerify.java"/>
		<class name="TestVouched.java" source="/ThreadSafeAnalysis/src/testFieldDeclarations/TestVouched.java"/>
	</package>
	<package name="testSanityChecks">
		<class name="A.java" source="/ThreadSafeAnalysis/src/testSanityChecks/A.java"/>
		<class name="B.java" source="/ThreadSafeAnalysis/src/testSanityChecks/B.java"/>
		<class name="X.java" source="/ThreadSafeAnalysis/src/testSanityChecks/X.java"/>
		<class name="Y.java" source="/ThreadSafeAnalysis/src/testSanityChecks/Y.java"/>
	</package>
	<package name="vouch">
		<class name="EntityMgr.java" source="/ThreadSafeAnalysis/src/vouch/EntityMgr.java"/>
		<class name="MutableEntityMgr.java" source="/ThreadSafeAnalysis/src/vouch/MutableEntityMgr.java"/>
	</package>
</sourceFiles>
