<sourceFiles>
	<package name="rootIsImmutable.classes.interfaceIsBoth">
		<class name="C.java" source="/TestImmutableOverriding2/src/rootIsImmutable/classes/interfaceIsBoth/C.java"/>
	</package>
	<package name="rootIsImmutable.classes.interfaceIsInstance">
		<class name="C.java" source="/TestImmutableOverriding2/src/rootIsImmutable/classes/interfaceIsInstance/C.java"/>
	</package>
	<package name="rootIsImmutable.classes.interfaceIsNothing">
		<class name="C.java" source="/TestImmutableOverriding2/src/rootIsImmutable/classes/interfaceIsNothing/C.java"/>
	</package>
	<package name="rootIsImmutable.classes.interfaceIsStatic">
		<class name="C.java" source="/TestImmutableOverriding2/src/rootIsImmutable/classes/interfaceIsStatic/C.java"/>
	</package>
	<package name="rootIsImmutable.classes.rootIsBoth">
		<class name="C.java" source="/TestImmutableOverriding2/src/rootIsImmutable/classes/rootIsBoth/C.java"/>
	</package>
	<package name="rootIsImmutable.classes.rootIsInstance">
		<class name="C.java" source="/TestImmutableOverriding2/src/rootIsImmutable/classes/rootIsInstance/C.java"/>
	</package>
	<package name="rootIsImmutable.classes.rootIsNothing">
		<class name="C.java" source="/TestImmutableOverriding2/src/rootIsImmutable/classes/rootIsNothing/C.java"/>
	</package>
	<package name="rootIsImmutable.classes.rootIsStatic">
		<class name="C.java" source="/TestImmutableOverriding2/src/rootIsImmutable/classes/rootIsStatic/C.java"/>
	</package>
	<package name="rootIsImmutable.interfaces.rootIsBoth">
		<class name="C.java" source="/TestImmutableOverriding2/src/rootIsImmutable/interfaces/rootIsBoth/C.java"/>
	</package>
	<package name="rootIsImmutable.interfaces.rootIsInstance">
		<class name="C.java" source="/TestImmutableOverriding2/src/rootIsImmutable/interfaces/rootIsInstance/C.java"/>
	</package>
	<package name="rootIsImmutable.interfaces.rootIsNothing">
		<class name="C.java" source="/TestImmutableOverriding2/src/rootIsImmutable/interfaces/rootIsNothing/C.java"/>
	</package>
	<package name="rootIsImmutable.interfaces.rootIsStatic">
		<class name="C.java" source="/TestImmutableOverriding2/src/rootIsImmutable/interfaces/rootIsStatic/C.java"/>
	</package>
	<package name="rootIsThreadSafe.classes.interfaceIsBoth">
		<class name="C.java" source="/TestImmutableOverriding2/src/rootIsThreadSafe/classes/interfaceIsBoth/C.java"/>
	</package>
	<package name="rootIsThreadSafe.classes.interfaceIsInstance">
		<class name="C.java" source="/TestImmutableOverriding2/src/rootIsThreadSafe/classes/interfaceIsInstance/C.java"/>
	</package>
	<package name="rootIsThreadSafe.classes.interfaceIsNothing">
		<class name="C.java" source="/TestImmutableOverriding2/src/rootIsThreadSafe/classes/interfaceIsNothing/C.java"/>
	</package>
	<package name="rootIsThreadSafe.classes.interfaceIsStatic">
		<class name="C.java" source="/TestImmutableOverriding2/src/rootIsThreadSafe/classes/interfaceIsStatic/C.java"/>
	</package>
	<package name="rootIsThreadSafe.classes.rootIsBoth">
		<class name="C.java" source="/TestImmutableOverriding2/src/rootIsThreadSafe/classes/rootIsBoth/C.java"/>
	</package>
	<package name="rootIsThreadSafe.classes.rootIsInstance">
		<class name="C.java" source="/TestImmutableOverriding2/src/rootIsThreadSafe/classes/rootIsInstance/C.java"/>
	</package>
	<package name="rootIsThreadSafe.classes.rootIsNothing">
		<class name="C.java" source="/TestImmutableOverriding2/src/rootIsThreadSafe/classes/rootIsNothing/C.java"/>
	</package>
	<package name="rootIsThreadSafe.classes.rootIsStatic">
		<class name="C.java" source="/TestImmutableOverriding2/src/rootIsThreadSafe/classes/rootIsStatic/C.java"/>
	</package>
	<package name="rootIsThreadSafe.interfaces.rootIsBoth">
		<class name="C.java" source="/TestImmutableOverriding2/src/rootIsThreadSafe/interfaces/rootIsBoth/C.java"/>
	</package>
	<package name="rootIsThreadSafe.interfaces.rootIsInstance">
		<class name="C.java" source="/TestImmutableOverriding2/src/rootIsThreadSafe/interfaces/rootIsInstance/C.java"/>
	</package>
	<package name="rootIsThreadSafe.interfaces.rootIsNothing">
		<class name="C.java" source="/TestImmutableOverriding2/src/rootIsThreadSafe/interfaces/rootIsNothing/C.java"/>
	</package>
	<package name="rootIsThreadSafe.interfaces.rootIsStatic">
		<class name="C.java" source="/TestImmutableOverriding2/src/rootIsThreadSafe/interfaces/rootIsStatic/C.java"/>
	</package>
</sourceFiles>
