<sourceFiles>
	<package name="org.jdesktop.core.animation.i18n">
		<class name="I18N.java" source="/TimingFrameworkDemo/src/org/jdesktop/core/animation/i18n/I18N.java"/>
		<class name="package-info.java" source="/TimingFrameworkDemo/src/org/jdesktop/core/animation/i18n/package-info.java"/>
	</package>
	<package name="org.jdesktop.core.animation.rendering">
		<class name="JRenderer.java" source="/TimingFrameworkDemo/src/org/jdesktop/core/animation/rendering/JRenderer.java"/>
		<class name="JRendererTarget.java" source="/TimingFrameworkDemo/src/org/jdesktop/core/animation/rendering/JRendererTarget.java"/>
		<class name="Viewport.java" source="/TimingFrameworkDemo/src/org/jdesktop/core/animation/rendering/Viewport.java"/>
		<class name="package-info.java" source="/TimingFrameworkDemo/src/org/jdesktop/core/animation/rendering/package-info.java"/>
	</package>
	<package name="org.jdesktop.core.animation.timing">
		<class name="Animator.java" source="/TimingFrameworkDemo/src/org/jdesktop/core/animation/timing/Animator.java"/>
		<class name="Evaluator.java" source="/TimingFrameworkDemo/src/org/jdesktop/core/animation/timing/Evaluator.java"/>
		<class name="Interpolator.java" source="/TimingFrameworkDemo/src/org/jdesktop/core/animation/timing/Interpolator.java"/>
		<class name="KeyFrames.java" source="/TimingFrameworkDemo/src/org/jdesktop/core/animation/timing/KeyFrames.java"/>
		<class name="KeyFramesTimingTarget.java" source="/TimingFrameworkDemo/src/org/jdesktop/core/animation/timing/KeyFramesTimingTarget.java"/>
		<class name="PropertySetter.java" source="/TimingFrameworkDemo/src/org/jdesktop/core/animation/timing/PropertySetter.java"/>
		<class name="TimingSource.java" source="/TimingFrameworkDemo/src/org/jdesktop/core/animation/timing/TimingSource.java"/>
		<class name="TimingTarget.java" source="/TimingFrameworkDemo/src/org/jdesktop/core/animation/timing/TimingTarget.java"/>
		<class name="TimingTargetAdapter.java" source="/TimingFrameworkDemo/src/org/jdesktop/core/animation/timing/TimingTargetAdapter.java"/>
		<class name="Trigger.java" source="/TimingFrameworkDemo/src/org/jdesktop/core/animation/timing/Trigger.java"/>
		<class name="TriggerEvent.java" source="/TimingFrameworkDemo/src/org/jdesktop/core/animation/timing/TriggerEvent.java"/>
		<class name="WrappedRunnable.java" source="/TimingFrameworkDemo/src/org/jdesktop/core/animation/timing/WrappedRunnable.java"/>
		<class name="package-info.java" source="/TimingFrameworkDemo/src/org/jdesktop/core/animation/timing/package-info.java"/>
	</package>
	<package name="org.jdesktop.core.animation.timing.evaluators">
		<class name="EvaluatorByte.java" source="/TimingFrameworkDemo/src/org/jdesktop/core/animation/timing/evaluators/EvaluatorByte.java"/>
		<class name="EvaluatorDouble.java" source="/TimingFrameworkDemo/src/org/jdesktop/core/animation/timing/evaluators/EvaluatorDouble.java"/>
		<class name="EvaluatorFloat.java" source="/TimingFrameworkDemo/src/org/jdesktop/core/animation/timing/evaluators/EvaluatorFloat.java"/>
		<class name="EvaluatorInteger.java" source="/TimingFrameworkDemo/src/org/jdesktop/core/animation/timing/evaluators/EvaluatorInteger.java"/>
		<class name="EvaluatorLong.java" source="/TimingFrameworkDemo/src/org/jdesktop/core/animation/timing/evaluators/EvaluatorLong.java"/>
		<class name="EvaluatorShort.java" source="/TimingFrameworkDemo/src/org/jdesktop/core/animation/timing/evaluators/EvaluatorShort.java"/>
		<class name="KnownEvaluators.java" source="/TimingFrameworkDemo/src/org/jdesktop/core/animation/timing/evaluators/KnownEvaluators.java"/>
		<class name="package-info.java" source="/TimingFrameworkDemo/src/org/jdesktop/core/animation/timing/evaluators/package-info.java"/>
	</package>
	<package name="org.jdesktop.core.animation.timing.interpolators">
		<class name="AccelerationInterpolator.java" source="/TimingFrameworkDemo/src/org/jdesktop/core/animation/timing/interpolators/AccelerationInterpolator.java"/>
		<class name="DiscreteInterpolator.java" source="/TimingFrameworkDemo/src/org/jdesktop/core/animation/timing/interpolators/DiscreteInterpolator.java"/>
		<class name="LinearInterpolator.java" source="/TimingFrameworkDemo/src/org/jdesktop/core/animation/timing/interpolators/LinearInterpolator.java"/>
		<class name="SplineInterpolator.java" source="/TimingFrameworkDemo/src/org/jdesktop/core/animation/timing/interpolators/SplineInterpolator.java"/>
		<class name="package-info.java" source="/TimingFrameworkDemo/src/org/jdesktop/core/animation/timing/interpolators/package-info.java"/>
	</package>
	<package name="org.jdesktop.core.animation.timing.sources">
		<class name="ManualTimingSource.java" source="/TimingFrameworkDemo/src/org/jdesktop/core/animation/timing/sources/ManualTimingSource.java"/>
		<class name="ScheduledExecutorTimingSource.java" source="/TimingFrameworkDemo/src/org/jdesktop/core/animation/timing/sources/ScheduledExecutorTimingSource.java"/>
		<class name="package-info.java" source="/TimingFrameworkDemo/src/org/jdesktop/core/animation/timing/sources/package-info.java"/>
	</package>
	<package name="org.jdesktop.core.animation.timing.triggers">
		<class name="AbstractTrigger.java" source="/TimingFrameworkDemo/src/org/jdesktop/core/animation/timing/triggers/AbstractTrigger.java"/>
		<class name="FocusTriggerEvent.java" source="/TimingFrameworkDemo/src/org/jdesktop/core/animation/timing/triggers/FocusTriggerEvent.java"/>
		<class name="MouseTriggerEvent.java" source="/TimingFrameworkDemo/src/org/jdesktop/core/animation/timing/triggers/MouseTriggerEvent.java"/>
		<class name="TimingTrigger.java" source="/TimingFrameworkDemo/src/org/jdesktop/core/animation/timing/triggers/TimingTrigger.java"/>
		<class name="TimingTriggerEvent.java" source="/TimingFrameworkDemo/src/org/jdesktop/core/animation/timing/triggers/TimingTriggerEvent.java"/>
		<class name="package-info.java" source="/TimingFrameworkDemo/src/org/jdesktop/core/animation/timing/triggers/package-info.java"/>
	</package>
	<package name="org.jdesktop.swing.animation.demos">
		<class name="ClickAndGo.java" source="/TimingFrameworkDemo/src/org/jdesktop/swing/animation/demos/ClickAndGo.java"/>
		<class name="DemoResources.java" source="/TimingFrameworkDemo/src/org/jdesktop/swing/animation/demos/DemoResources.java"/>
		<class name="DiscreteInterpolationTest.java" source="/TimingFrameworkDemo/src/org/jdesktop/swing/animation/demos/DiscreteInterpolationTest.java"/>
		<class name="FadingButtonTF.java" source="/TimingFrameworkDemo/src/org/jdesktop/swing/animation/demos/FadingButtonTF.java"/>
		<class name="RaceBasic.java" source="/TimingFrameworkDemo/src/org/jdesktop/swing/animation/demos/RaceBasic.java"/>
		<class name="RaceBasicNonLinear.java" source="/TimingFrameworkDemo/src/org/jdesktop/swing/animation/demos/RaceBasicNonLinear.java"/>
		<class name="RaceCompleteMultiStep.java" source="/TimingFrameworkDemo/src/org/jdesktop/swing/animation/demos/RaceCompleteMultiStep.java"/>
		<class name="RaceControlPanel.java" source="/TimingFrameworkDemo/src/org/jdesktop/swing/animation/demos/RaceControlPanel.java"/>
		<class name="RaceGUI.java" source="/TimingFrameworkDemo/src/org/jdesktop/swing/animation/demos/RaceGUI.java"/>
		<class name="RaceSoundEffects.java" source="/TimingFrameworkDemo/src/org/jdesktop/swing/animation/demos/RaceSoundEffects.java"/>
		<class name="RaceTrackView.java" source="/TimingFrameworkDemo/src/org/jdesktop/swing/animation/demos/RaceTrackView.java"/>
		<class name="SplineInterpolatorTest.java" source="/TimingFrameworkDemo/src/org/jdesktop/swing/animation/demos/SplineInterpolatorTest.java"/>
		<class name="TimingSourceResolution.java" source="/TimingFrameworkDemo/src/org/jdesktop/swing/animation/demos/TimingSourceResolution.java"/>
		<class name="TooManyBalls.java" source="/TimingFrameworkDemo/src/org/jdesktop/swing/animation/demos/TooManyBalls.java"/>
		<class name="TooManyBallsBroken.java" source="/TimingFrameworkDemo/src/org/jdesktop/swing/animation/demos/TooManyBallsBroken.java"/>
		<class name="Triggers.java" source="/TimingFrameworkDemo/src/org/jdesktop/swing/animation/demos/Triggers.java"/>
	</package>
	<package name="org.jdesktop.swing.animation.demos.splineeditor">
		<class name="AbstractEquation.java" source="/TimingFrameworkDemo/src/org/jdesktop/swing/animation/demos/splineeditor/AbstractEquation.java"/>
		<class name="AbstractSimulator.java" source="/TimingFrameworkDemo/src/org/jdesktop/swing/animation/demos/splineeditor/AbstractSimulator.java"/>
		<class name="BouncerSimulator.java" source="/TimingFrameworkDemo/src/org/jdesktop/swing/animation/demos/splineeditor/BouncerSimulator.java"/>
		<class name="DropSimulator.java" source="/TimingFrameworkDemo/src/org/jdesktop/swing/animation/demos/splineeditor/DropSimulator.java"/>
		<class name="Equation.java" source="/TimingFrameworkDemo/src/org/jdesktop/swing/animation/demos/splineeditor/Equation.java"/>
		<class name="EquationDisplay.java" source="/TimingFrameworkDemo/src/org/jdesktop/swing/animation/demos/splineeditor/EquationDisplay.java"/>
		<class name="HeaderPanel.java" source="/TimingFrameworkDemo/src/org/jdesktop/swing/animation/demos/splineeditor/HeaderPanel.java"/>
		<class name="Java2dHelper.java" source="/TimingFrameworkDemo/src/org/jdesktop/swing/animation/demos/splineeditor/Java2dHelper.java"/>
		<class name="ShadowFactory.java" source="/TimingFrameworkDemo/src/org/jdesktop/swing/animation/demos/splineeditor/ShadowFactory.java"/>
		<class name="SplineControlPanel.java" source="/TimingFrameworkDemo/src/org/jdesktop/swing/animation/demos/splineeditor/SplineControlPanel.java"/>
		<class name="SplineDisplay.java" source="/TimingFrameworkDemo/src/org/jdesktop/swing/animation/demos/splineeditor/SplineDisplay.java"/>
		<class name="SplineEditor.java" source="/TimingFrameworkDemo/src/org/jdesktop/swing/animation/demos/splineeditor/SplineEditor.java"/>
	</package>
	<package name="org.jdesktop.swing.animation.rendering">
		<class name="JActiveRenderer.java" source="/TimingFrameworkDemo/src/org/jdesktop/swing/animation/rendering/JActiveRenderer.java"/>
		<class name="JPassiveRenderer.java" source="/TimingFrameworkDemo/src/org/jdesktop/swing/animation/rendering/JPassiveRenderer.java"/>
		<class name="JRendererFactory.java" source="/TimingFrameworkDemo/src/org/jdesktop/swing/animation/rendering/JRendererFactory.java"/>
		<class name="JRendererPanel.java" source="/TimingFrameworkDemo/src/org/jdesktop/swing/animation/rendering/JRendererPanel.java"/>
		<class name="package-info.java" source="/TimingFrameworkDemo/src/org/jdesktop/swing/animation/rendering/package-info.java"/>
	</package>
	<package name="org.jdesktop.swing.animation.timing.evaluators">
		<class name="EvaluatorArc2D.java" source="/TimingFrameworkDemo/src/org/jdesktop/swing/animation/timing/evaluators/EvaluatorArc2D.java"/>
		<class name="EvaluatorColor.java" source="/TimingFrameworkDemo/src/org/jdesktop/swing/animation/timing/evaluators/EvaluatorColor.java"/>
		<class name="EvaluatorCubicCurve2D.java" source="/TimingFrameworkDemo/src/org/jdesktop/swing/animation/timing/evaluators/EvaluatorCubicCurve2D.java"/>
		<class name="EvaluatorDimension2D.java" source="/TimingFrameworkDemo/src/org/jdesktop/swing/animation/timing/evaluators/EvaluatorDimension2D.java"/>
		<class name="EvaluatorEllipse2D.java" source="/TimingFrameworkDemo/src/org/jdesktop/swing/animation/timing/evaluators/EvaluatorEllipse2D.java"/>
		<class name="EvaluatorLine2D.java" source="/TimingFrameworkDemo/src/org/jdesktop/swing/animation/timing/evaluators/EvaluatorLine2D.java"/>
		<class name="EvaluatorPoint2D.java" source="/TimingFrameworkDemo/src/org/jdesktop/swing/animation/timing/evaluators/EvaluatorPoint2D.java"/>
		<class name="EvaluatorQuadCurve2D.java" source="/TimingFrameworkDemo/src/org/jdesktop/swing/animation/timing/evaluators/EvaluatorQuadCurve2D.java"/>
		<class name="EvaluatorRectangle2D.java" source="/TimingFrameworkDemo/src/org/jdesktop/swing/animation/timing/evaluators/EvaluatorRectangle2D.java"/>
		<class name="EvaluatorRoundRectangle2D.java" source="/TimingFrameworkDemo/src/org/jdesktop/swing/animation/timing/evaluators/EvaluatorRoundRectangle2D.java"/>
		<class name="package-info.java" source="/TimingFrameworkDemo/src/org/jdesktop/swing/animation/timing/evaluators/package-info.java"/>
	</package>
	<package name="org.jdesktop.swing.animation.timing.sources">
		<class name="SwingTimerTimingSource.java" source="/TimingFrameworkDemo/src/org/jdesktop/swing/animation/timing/sources/SwingTimerTimingSource.java"/>
		<class name="package-info.java" source="/TimingFrameworkDemo/src/org/jdesktop/swing/animation/timing/sources/package-info.java"/>
	</package>
	<package name="org.jdesktop.swing.animation.timing.triggers">
		<class name="TriggerUtility.java" source="/TimingFrameworkDemo/src/org/jdesktop/swing/animation/timing/triggers/TriggerUtility.java"/>
		<class name="package-info.java" source="/TimingFrameworkDemo/src/org/jdesktop/swing/animation/timing/triggers/package-info.java"/>
	</package>
</sourceFiles>
