<sourceFiles>
	<package name="test">
		<class name="Contain.java" source="/TestAnnotationBoundsInTypeAssurance/src/test/Contain.java"/>
		<class name="Immut.java" source="/TestAnnotationBoundsInTypeAssurance/src/test/Immut.java"/>
		<class name="TS.java" source="/TestAnnotationBoundsInTypeAssurance/src/test/TS.java"/>
		<class name="TestContainable.java" source="/TestAnnotationBoundsInTypeAssurance/src/test/TestContainable.java"/>
		<class name="TestImmutable.java" source="/TestAnnotationBoundsInTypeAssurance/src/test/TestImmutable.java"/>
		<class name="TestThreadSafe.java" source="/TestAnnotationBoundsInTypeAssurance/src/test/TestThreadSafe.java"/>
	</package>
</sourceFiles>
