<sourceFiles>
	<package name="vouchContainable">
		<class name="ContainableClass.java" source="/TestVouchFieldIs/src/vouchContainable/ContainableClass.java"/>
		<class name="NotContainableClass.java" source="/TestVouchFieldIs/src/vouchContainable/NotContainableClass.java"/>
		<class name="SanityChecks.java" source="/TestVouchFieldIs/src/vouchContainable/SanityChecks.java"/>
		<class name="UnannotatedClass.java" source="/TestVouchFieldIs/src/vouchContainable/UnannotatedClass.java"/>
	</package>
	<package name="vouchFinal">
		<class name="BadFinal.java" source="/TestVouchFieldIs/src/vouchFinal/BadFinal.java"/>
		<class name="BadFinalPolicy.java" source="/TestVouchFieldIs/src/vouchFinal/BadFinalPolicy.java"/>
		<class name="SanityChecks.java" source="/TestVouchFieldIs/src/vouchFinal/SanityChecks.java"/>
	</package>
	<package name="vouchImmutable">
		<class name="ImmutableClass.java" source="/TestVouchFieldIs/src/vouchImmutable/ImmutableClass.java"/>
		<class name="MutableClass.java" source="/TestVouchFieldIs/src/vouchImmutable/MutableClass.java"/>
		<class name="SanityChecks.java" source="/TestVouchFieldIs/src/vouchImmutable/SanityChecks.java"/>
		<class name="UnannotatedClass.java" source="/TestVouchFieldIs/src/vouchImmutable/UnannotatedClass.java"/>
	</package>
	<package name="vouchThreadSafe">
		<class name="NotThreadSafeClass.java" source="/TestVouchFieldIs/src/vouchThreadSafe/NotThreadSafeClass.java"/>
		<class name="SanityChecks.java" source="/TestVouchFieldIs/src/vouchThreadSafe/SanityChecks.java"/>
		<class name="ThreadSafeClass.java" source="/TestVouchFieldIs/src/vouchThreadSafe/ThreadSafeClass.java"/>
		<class name="UnannotatedClass.java" source="/TestVouchFieldIs/src/vouchThreadSafe/UnannotatedClass.java"/>
	</package>
</sourceFiles>
