<sourceFiles>
	<package name="test">
		<class name="LetsIterateOverIterable.java" source="/TestIterationEffects/src/test/LetsIterateOverIterable.java"/>
		<class name="LetsIterateOverLists.java" source="/TestIterationEffects/src/test/LetsIterateOverLists.java"/>
		<class name="LetsIterateOverSets.java" source="/TestIterationEffects/src/test/LetsIterateOverSets.java"/>
	</package>
	<package name="test.fake">
		<class name="LetsIterateOverIterable.java" source="/TestIterationEffects/src/test/fake/LetsIterateOverIterable.java"/>
	</package>
	<package name="test.passedAsParameter">
		<class name="Example.java" source="/TestIterationEffects/src/test/passedAsParameter/Example.java"/>
	</package>
</sourceFiles>
