<sourceFiles>
	<package name="intrinsic.bad">
		<class name="Test.java" source="/TestLockMessages/src/intrinsic/bad/Test.java"/>
	</package>
	<package name="intrinsic.classInit">
		<class name="Test.java" source="/TestLockMessages/src/intrinsic/classInit/Test.java"/>
	</package>
	<package name="intrinsic.classInitAlt">
		<class name="Test.java" source="/TestLockMessages/src/intrinsic/classInitAlt/Test.java"/>
	</package>
	<package name="intrinsic.good">
		<class name="Test.java" source="/TestLockMessages/src/intrinsic/good/Test.java"/>
	</package>
	<package name="intrinsic.goodAlt">
		<class name="Test.java" source="/TestLockMessages/src/intrinsic/goodAlt/Test.java"/>
	</package>
	<package name="intrinsic.threadConfined">
		<class name="Test.java" source="/TestLockMessages/src/intrinsic/threadConfined/Test.java"/>
	</package>
	<package name="intrinsic.threadConfinedAlt">
		<class name="Test.java" source="/TestLockMessages/src/intrinsic/threadConfinedAlt/Test.java"/>
	</package>
	<package name="intrinsic.unresolvable">
		<class name="Test.java" source="/TestLockMessages/src/intrinsic/unresolvable/Test.java"/>
	</package>
	<package name="juc.bad">
		<class name="Test.java" source="/TestLockMessages/src/juc/bad/Test.java"/>
	</package>
	<package name="juc.classInit">
		<class name="Test.java" source="/TestLockMessages/src/juc/classInit/Test.java"/>
	</package>
	<package name="juc.classInitAlt">
		<class name="Test.java" source="/TestLockMessages/src/juc/classInitAlt/Test.java"/>
	</package>
	<package name="juc.good">
		<class name="Test.java" source="/TestLockMessages/src/juc/good/Test.java"/>
	</package>
	<package name="juc.goodAlt">
		<class name="Test.java" source="/TestLockMessages/src/juc/goodAlt/Test.java"/>
	</package>
	<package name="juc.threadConfined">
		<class name="Test.java" source="/TestLockMessages/src/juc/threadConfined/Test.java"/>
	</package>
	<package name="juc.threadConfinedAlt">
		<class name="Test.java" source="/TestLockMessages/src/juc/threadConfinedAlt/Test.java"/>
	</package>
	<package name="juc.unresolvable">
		<class name="Test.java" source="/TestLockMessages/src/juc/unresolvable/Test.java"/>
	</package>
</sourceFiles>
