<sourceFiles>
	<package name="(default)">
		<class name="ClientCode.java" source="/StaticRegionBindingUnqualifiedNames/src/ClientCode.java"/>
		<class name="CounterUtility.java" source="/StaticRegionBindingUnqualifiedNames/src/CounterUtility.java"/>
	</package>
	<package name="com.surelogic">
		<class name="ClientCode.java" source="/StaticRegionBindingUnqualifiedNames/src/com/surelogic/ClientCode.java"/>
		<class name="CounterUtility.java" source="/StaticRegionBindingUnqualifiedNames/src/com/surelogic/CounterUtility.java"/>
	</package>
</sourceFiles>
