<sourceFiles>
	<package name="test.effects">
		<class name="TestNoEffectsDecl.java" source="/TestReferenceObjectToString/src/test/effects/TestNoEffectsDecl.java"/>
		<class name="TestReadsAll.java" source="/TestReferenceObjectToString/src/test/effects/TestReadsAll.java"/>
		<class name="TestReadsAny.java" source="/TestReferenceObjectToString/src/test/effects/TestReadsAny.java"/>
		<class name="TestWritesAll.java" source="/TestReferenceObjectToString/src/test/effects/TestWritesAll.java"/>
		<class name="TestWritesAny.java" source="/TestReferenceObjectToString/src/test/effects/TestWritesAny.java"/>
		<class name="TestWritesInstance.java" source="/TestReferenceObjectToString/src/test/effects/TestWritesInstance.java"/>
	</package>
	<package name="test.methodIdentification">
		<class name="TestClass.java" source="/TestReferenceObjectToString/src/test/methodIdentification/TestClass.java"/>
		<class name="TestInterface.java" source="/TestReferenceObjectToString/src/test/methodIdentification/TestInterface.java"/>
	</package>
</sourceFiles>
