<sourceFiles>
	<package name="badBorrowedFieldInit">
		<class name="DualIterator.java" source="/TestComprehensiveUniquePlusFrom/src/badBorrowedFieldInit/DualIterator.java"/>
	</package>
	<package name="check.unique">
		<class name="TestDifferentMessagesOnAbruptAndNormal.java" source="/TestComprehensiveUniquePlusFrom/src/check/unique/TestDifferentMessagesOnAbruptAndNormal.java"/>
		<class name="TestEndOfMethod.java" source="/TestComprehensiveUniquePlusFrom/src/check/unique/TestEndOfMethod.java"/>
		<class name="TestMiddleOfMethod.java" source="/TestComprehensiveUniquePlusFrom/src/check/unique/TestMiddleOfMethod.java"/>
	</package>
	<package name="check.uniqueWrite">
		<class name="TestDifferentMessagesOnAbruptAndNormal.java" source="/TestComprehensiveUniquePlusFrom/src/check/uniqueWrite/TestDifferentMessagesOnAbruptAndNormal.java"/>
		<class name="TestEndOfMethod.java" source="/TestComprehensiveUniquePlusFrom/src/check/uniqueWrite/TestEndOfMethod.java"/>
		<class name="TestMiddleOfMethod.java" source="/TestComprehensiveUniquePlusFrom/src/check/uniqueWrite/TestMiddleOfMethod.java"/>
	</package>
	<package name="opCheckMutable.transferAssignArray">
		<class name="Test.java" source="/TestComprehensiveUniquePlusFrom/src/opCheckMutable/transferAssignArray/Test.java"/>
	</package>
	<package name="opCheckMutable.viaConsiderDeclaredEffects.transferCall.formal.anyInstanceTarget.notAffected">
		<class name="NotAffected.java" source="/TestComprehensiveUniquePlusFrom/src/opCheckMutable/viaConsiderDeclaredEffects/transferCall/formal/anyInstanceTarget/notAffected/NotAffected.java"/>
	</package>
	<package name="opCheckMutable.viaConsiderDeclaredEffects.transferCall.formal.anyInstanceTarget.read">
		<class name="ReadTest.java" source="/TestComprehensiveUniquePlusFrom/src/opCheckMutable/viaConsiderDeclaredEffects/transferCall/formal/anyInstanceTarget/read/ReadTest.java"/>
	</package>
	<package name="opCheckMutable.viaConsiderDeclaredEffects.transferCall.formal.anyInstanceTarget.write">
		<class name="WriteTest.java" source="/TestComprehensiveUniquePlusFrom/src/opCheckMutable/viaConsiderDeclaredEffects/transferCall/formal/anyInstanceTarget/write/WriteTest.java"/>
	</package>
	<package name="opCheckMutable.viaConsiderDeclaredEffects.transferCall.formal.classTarget.notAffected">
		<class name="NotAffected.java" source="/TestComprehensiveUniquePlusFrom/src/opCheckMutable/viaConsiderDeclaredEffects/transferCall/formal/classTarget/notAffected/NotAffected.java"/>
	</package>
	<package name="opCheckMutable.viaConsiderDeclaredEffects.transferCall.formal.classTarget.read">
		<class name="ReadTest.java" source="/TestComprehensiveUniquePlusFrom/src/opCheckMutable/viaConsiderDeclaredEffects/transferCall/formal/classTarget/read/ReadTest.java"/>
	</package>
	<package name="opCheckMutable.viaConsiderDeclaredEffects.transferCall.formal.classTarget.write">
		<class name="WriteTest.java" source="/TestComprehensiveUniquePlusFrom/src/opCheckMutable/viaConsiderDeclaredEffects/transferCall/formal/classTarget/write/WriteTest.java"/>
	</package>
	<package name="opCheckMutable.viaConsiderDeclaredEffects.transferCall.formal.instanceTarget.notAffected">
		<class name="NotAffected.java" source="/TestComprehensiveUniquePlusFrom/src/opCheckMutable/viaConsiderDeclaredEffects/transferCall/formal/instanceTarget/notAffected/NotAffected.java"/>
	</package>
	<package name="opCheckMutable.viaConsiderDeclaredEffects.transferCall.formal.instanceTarget.read">
		<class name="ReadTest.java" source="/TestComprehensiveUniquePlusFrom/src/opCheckMutable/viaConsiderDeclaredEffects/transferCall/formal/instanceTarget/read/ReadTest.java"/>
	</package>
	<package name="opCheckMutable.viaConsiderDeclaredEffects.transferCall.formal.instanceTarget.write">
		<class name="WriteTest.java" source="/TestComprehensiveUniquePlusFrom/src/opCheckMutable/viaConsiderDeclaredEffects/transferCall/formal/instanceTarget/write/WriteTest.java"/>
	</package>
	<package name="opCheckMutable.viaConsiderDeclaredEffects.transferCall.receiver.anyInstanceTarget.notAffected">
		<class name="NotAffected.java" source="/TestComprehensiveUniquePlusFrom/src/opCheckMutable/viaConsiderDeclaredEffects/transferCall/receiver/anyInstanceTarget/notAffected/NotAffected.java"/>
	</package>
	<package name="opCheckMutable.viaConsiderDeclaredEffects.transferCall.receiver.anyInstanceTarget.read">
		<class name="ReadTest.java" source="/TestComprehensiveUniquePlusFrom/src/opCheckMutable/viaConsiderDeclaredEffects/transferCall/receiver/anyInstanceTarget/read/ReadTest.java"/>
	</package>
	<package name="opCheckMutable.viaConsiderDeclaredEffects.transferCall.receiver.anyInstanceTarget.write">
		<class name="WriteTest.java" source="/TestComprehensiveUniquePlusFrom/src/opCheckMutable/viaConsiderDeclaredEffects/transferCall/receiver/anyInstanceTarget/write/WriteTest.java"/>
	</package>
	<package name="opCheckMutable.viaConsiderDeclaredEffects.transferCall.receiver.classTarget.notAffected">
		<class name="NotAffected.java" source="/TestComprehensiveUniquePlusFrom/src/opCheckMutable/viaConsiderDeclaredEffects/transferCall/receiver/classTarget/notAffected/NotAffected.java"/>
	</package>
	<package name="opCheckMutable.viaConsiderDeclaredEffects.transferCall.receiver.classTarget.read">
		<class name="ReadTest.java" source="/TestComprehensiveUniquePlusFrom/src/opCheckMutable/viaConsiderDeclaredEffects/transferCall/receiver/classTarget/read/ReadTest.java"/>
	</package>
	<package name="opCheckMutable.viaConsiderDeclaredEffects.transferCall.receiver.classTarget.write">
		<class name="WriteTest.java" source="/TestComprehensiveUniquePlusFrom/src/opCheckMutable/viaConsiderDeclaredEffects/transferCall/receiver/classTarget/write/WriteTest.java"/>
	</package>
	<package name="opCheckMutable.viaConsiderDeclaredEffects.transferCall.receiver.instanceTarget.notAffected">
		<class name="NotAffected.java" source="/TestComprehensiveUniquePlusFrom/src/opCheckMutable/viaConsiderDeclaredEffects/transferCall/receiver/instanceTarget/notAffected/NotAffected.java"/>
	</package>
	<package name="opCheckMutable.viaConsiderDeclaredEffects.transferCall.receiver.instanceTarget.read">
		<class name="ReadTest.java" source="/TestComprehensiveUniquePlusFrom/src/opCheckMutable/viaConsiderDeclaredEffects/transferCall/receiver/instanceTarget/read/ReadTest.java"/>
	</package>
	<package name="opCheckMutable.viaConsiderDeclaredEffects.transferCall.receiver.instanceTarget.write">
		<class name="WriteTest.java" source="/TestComprehensiveUniquePlusFrom/src/opCheckMutable/viaConsiderDeclaredEffects/transferCall/receiver/instanceTarget/write/WriteTest.java"/>
	</package>
	<package name="opCheckMutable.viaOpStore.transferAssignField">
		<class name="Test.java" source="/TestComprehensiveUniquePlusFrom/src/opCheckMutable/viaOpStore/transferAssignField/Test.java"/>
	</package>
	<package name="opCheckMutable.viaOpStore.transferInitializationOfField">
		<class name="Test.java" source="/TestComprehensiveUniquePlusFrom/src/opCheckMutable/viaOpStore/transferInitializationOfField/Test.java"/>
	</package>
	<package name="opCheckTopState.viaOpCompromiseNoRelease.transferAssignArray">
		<class name="Test.java" source="/TestComprehensiveUniquePlusFrom/src/opCheckTopState/viaOpCompromiseNoRelease/transferAssignArray/Test.java"/>
	</package>
	<package name="opCheckTopState.viaOpConsume.viaOpCompromise.viaPopArguments.viaTransferCall">
		<class name="Test.java" source="/TestComprehensiveUniquePlusFrom/src/opCheckTopState/viaOpConsume/viaOpCompromise/viaPopArguments/viaTransferCall/Test.java"/>
	</package>
	<package name="opCheckTopState.viaOpConsume.viaOpCompromise.viaTransferArrayInitializer">
		<class name="Test.java" source="/TestComprehensiveUniquePlusFrom/src/opCheckTopState/viaOpConsume/viaOpCompromise/viaTransferArrayInitializer/Test.java"/>
	</package>
	<package name="opCheckTopState.viaOpConsume.viaOpCompromise.viaTransferCall">
		<class name="Test.java" source="/TestComprehensiveUniquePlusFrom/src/opCheckTopState/viaOpConsume/viaOpCompromise/viaTransferCall/Test.java"/>
	</package>
	<package name="opCheckTopState.viaOpConsume.viaOpCompromise.viaTransferNestedClassUse">
		<class name="Test.java" source="/TestComprehensiveUniquePlusFrom/src/opCheckTopState/viaOpConsume/viaOpCompromise/viaTransferNestedClassUse/Test.java"/>
	</package>
	<package name="opCheckTopState.viaOpConsume.viaOpCompromise.viaTransferNestedClassUse2">
		<class name="Test.java" source="/TestComprehensiveUniquePlusFrom/src/opCheckTopState/viaOpConsume/viaOpCompromise/viaTransferNestedClassUse2/Test.java"/>
	</package>
	<package name="opCheckTopState.viaOpConsume.viaOpCompromise.viaTransferThrow">
		<class name="Test.java" source="/TestComprehensiveUniquePlusFrom/src/opCheckTopState/viaOpConsume/viaOpCompromise/viaTransferThrow/Test.java"/>
	</package>
	<package name="opCheckTopState.viaOpConsume.viaOpStore.viaTransferAssignField">
		<class name="Test.java" source="/TestComprehensiveUniquePlusFrom/src/opCheckTopState/viaOpConsume/viaOpStore/viaTransferAssignField/Test.java"/>
	</package>
	<package name="opCheckTopState.viaOpConsume.viaOpStore.viaTransferInitializationOfField">
		<class name="Test.java" source="/TestComprehensiveUniquePlusFrom/src/opCheckTopState/viaOpConsume/viaOpStore/viaTransferInitializationOfField/Test.java"/>
	</package>
	<package name="opCheckTopState.viaOpConsume.viaPopArguments.viaTransferCall">
		<class name="Test.java" source="/TestComprehensiveUniquePlusFrom/src/opCheckTopState/viaOpConsume/viaPopArguments/viaTransferCall/Test.java"/>
	</package>
	<package name="opCheckTopState.viaOpConsume.viaPopArguments.viaTransferCall.undefined">
		<class name="Test.java" source="/TestComprehensiveUniquePlusFrom/src/opCheckTopState/viaOpConsume/viaPopArguments/viaTransferCall/undefined/Test.java"/>
	</package>
	<package name="opCheckTopState.viaOpConsume.viaPopQualifiedReceiver.viaTransferCall">
		<class name="Test.java" source="/TestComprehensiveUniquePlusFrom/src/opCheckTopState/viaOpConsume/viaPopQualifiedReceiver/viaTransferCall/Test.java"/>
	</package>
	<package name="opCheckTopState.viaOpConsume.viaPopQualifiedReceiver.viaTransferCall.undefined">
		<class name="Test.java" source="/TestComprehensiveUniquePlusFrom/src/opCheckTopState/viaOpConsume/viaPopQualifiedReceiver/viaTransferCall/undefined/Test.java"/>
	</package>
	<package name="opCheckTopState.viaOpConsume.viaPopReceiver.viaTransferCall">
		<class name="Test.java" source="/TestComprehensiveUniquePlusFrom/src/opCheckTopState/viaOpConsume/viaPopReceiver/viaTransferCall/Test.java"/>
	</package>
	<package name="opCheckTopState.viaOpConsume.viaPopReceiver.viaTransferCall.undefined">
		<class name="Test.java" source="/TestComprehensiveUniquePlusFrom/src/opCheckTopState/viaOpConsume/viaPopReceiver/viaTransferCall/undefined/Test.java"/>
	</package>
	<package name="opCheckTopState.viaOpConsume.viaTransferMethodBody">
		<class name="Test.java" source="/TestComprehensiveUniquePlusFrom/src/opCheckTopState/viaOpConsume/viaTransferMethodBody/Test.java"/>
	</package>
	<package name="opCheckTopState.viaOpStore.viaTransferAssignField">
		<class name="Test.java" source="/TestComprehensiveUniquePlusFrom/src/opCheckTopState/viaOpStore/viaTransferAssignField/Test.java"/>
	</package>
	<package name="opCheckTopState.viaOpStore.viaTransferInitializationOfField">
		<class name="Test.java" source="/TestComprehensiveUniquePlusFrom/src/opCheckTopState/viaOpStore/viaTransferInitializationOfField/Test.java"/>
	</package>
	<package name="opGet.viaTransferMethodBody">
		<class name="TestBorrowed.java" source="/TestComprehensiveUniquePlusFrom/src/opGet/viaTransferMethodBody/TestBorrowed.java"/>
		<class name="TestUnique.java" source="/TestComprehensiveUniquePlusFrom/src/opGet/viaTransferMethodBody/TestUnique.java"/>
	</package>
	<package name="opGet.viaTransferNestedClassUse">
		<class name="TestBorrowed.java" source="/TestComprehensiveUniquePlusFrom/src/opGet/viaTransferNestedClassUse/TestBorrowed.java"/>
		<class name="TestUnique.java" source="/TestComprehensiveUniquePlusFrom/src/opGet/viaTransferNestedClassUse/TestUnique.java"/>
	</package>
	<package name="opGet.viaTransferUseQualifiiedReceiver">
		<class name="TestBorrowed.java" source="/TestComprehensiveUniquePlusFrom/src/opGet/viaTransferUseQualifiiedReceiver/TestBorrowed.java"/>
		<class name="TestUnique.java" source="/TestComprehensiveUniquePlusFrom/src/opGet/viaTransferUseQualifiiedReceiver/TestUnique.java"/>
	</package>
	<package name="opGet.viaTransferUseReceiver">
		<class name="TestBorrowed.java" source="/TestComprehensiveUniquePlusFrom/src/opGet/viaTransferUseReceiver/TestBorrowed.java"/>
		<class name="TestUnique.java" source="/TestComprehensiveUniquePlusFrom/src/opGet/viaTransferUseReceiver/TestUnique.java"/>
	</package>
	<package name="opGet.viaTransferUseVar">
		<class name="TestBorrowed.java" source="/TestComprehensiveUniquePlusFrom/src/opGet/viaTransferUseVar/TestBorrowed.java"/>
		<class name="TestUnique.java" source="/TestComprehensiveUniquePlusFrom/src/opGet/viaTransferUseVar/TestUnique.java"/>
	</package>
	<package name="opLoad.transferUseField.borrowedError">
		<class name="Test.java" source="/TestComprehensiveUniquePlusFrom/src/opLoad/transferUseField/borrowedError/Test.java"/>
	</package>
	<package name="opLoad.viaTransferUseField">
		<class name="TestBorrowed.java" source="/TestComprehensiveUniquePlusFrom/src/opLoad/viaTransferUseField/TestBorrowed.java"/>
		<class name="TestUnique.java" source="/TestComprehensiveUniquePlusFrom/src/opLoad/viaTransferUseField/TestUnique.java"/>
	</package>
	<package name="opLoad.viaTransferUseQualifiedReceiver">
		<class name="Test.java" source="/TestComprehensiveUniquePlusFrom/src/opLoad/viaTransferUseQualifiedReceiver/Test.java"/>
	</package>
	<package name="opLoadReachable.viaConsiderDeclaredEffects.viaTransferCall">
		<class name="Test.java" source="/TestComprehensiveUniquePlusFrom/src/opLoadReachable/viaConsiderDeclaredEffects/viaTransferCall/Test.java"/>
		<class name="TestAllowRead.java" source="/TestComprehensiveUniquePlusFrom/src/opLoadReachable/viaConsiderDeclaredEffects/viaTransferCall/TestAllowRead.java"/>
	</package>
	<package name="opReturn.viaOpStore.transferAssignField.BorrowedField">
		<class name="BorrowedField.java" source="/TestComprehensiveUniquePlusFrom/src/opReturn/viaOpStore/transferAssignField/BorrowedField/BorrowedField.java"/>
	</package>
	<package name="opReturn.viaOpStore.transferAssignField.BorrowedReadOnlyField">
		<class name="BorrowedReadOnlyField.java" source="/TestComprehensiveUniquePlusFrom/src/opReturn/viaOpStore/transferAssignField/BorrowedReadOnlyField/BorrowedReadOnlyField.java"/>
	</package>
	<package name="opReturn.viaTransferCall">
		<class name="Test.java" source="/TestComprehensiveUniquePlusFrom/src/opReturn/viaTransferCall/Test.java"/>
	</package>
	<package name="opReturn.viaTransferReturn">
		<class name="Test.java" source="/TestComprehensiveUniquePlusFrom/src/opReturn/viaTransferReturn/Test.java"/>
	</package>
</sourceFiles>
