<sourceFiles>
	<package name="borrowed">
		<class name="BorrowedStaticMethod.java" source="/TestUniquenessSanityChecks/src/borrowed/BorrowedStaticMethod.java"/>
		<class name="TestBadArgs.java" source="/TestUniquenessSanityChecks/src/borrowed/TestBadArgs.java"/>
	</package>
	<package name="borrowed.receivers">
		<class name="TestInner.java" source="/TestUniquenessSanityChecks/src/borrowed/receivers/TestInner.java"/>
		<class name="Top.java" source="/TestUniquenessSanityChecks/src/borrowed/receivers/Top.java"/>
	</package>
	<package name="conflicts">
		<class name="Test.java" source="/TestUniquenessSanityChecks/src/conflicts/Test.java"/>
	</package>
	<package name="nonReference">
		<class name="Test.java" source="/TestUniquenessSanityChecks/src/nonReference/Test.java"/>
	</package>
	<package name="unique">
		<class name="TestBadArgs.java" source="/TestUniquenessSanityChecks/src/unique/TestBadArgs.java"/>
	</package>
</sourceFiles>
