<sourceFiles>
	<package name="test.clazz.explicit">
		<class name="AA.java" source="/TestThreadSafeOverriding/src/test/clazz/explicit/AA.java"/>
		<class name="C.java" source="/TestThreadSafeOverriding/src/test/clazz/explicit/C.java"/>
	</package>
	<package name="test.clazz.implicit">
		<class name="C.java" source="/TestThreadSafeOverriding/src/test/clazz/implicit/C.java"/>
	</package>
	<package name="test.iface.subClasses.explicit">
		<class name="I.java" source="/TestThreadSafeOverriding/src/test/iface/subClasses/explicit/I.java"/>
	</package>
	<package name="test.iface.subClasses.implicit">
		<class name="I.java" source="/TestThreadSafeOverriding/src/test/iface/subClasses/implicit/I.java"/>
	</package>
	<package name="test.iface.subInterfaces.explicit">
		<class name="AA.java" source="/TestThreadSafeOverriding/src/test/iface/subInterfaces/explicit/AA.java"/>
		<class name="I.java" source="/TestThreadSafeOverriding/src/test/iface/subInterfaces/explicit/I.java"/>
	</package>
	<package name="test.iface.subInterfaces.implicit">
		<class name="I.java" source="/TestThreadSafeOverriding/src/test/iface/subInterfaces/implicit/I.java"/>
	</package>
	<package name="testRecognition.classes">
		<class name="C.java" source="/TestThreadSafeOverriding/src/testRecognition/classes/C.java"/>
	</package>
	<package name="testRecognition.interfaces">
		<class name="C.java" source="/TestThreadSafeOverriding/src/testRecognition/interfaces/C.java"/>
	</package>
</sourceFiles>
