<sourceFiles>
	<package name="com.surelogic.jsure">
		<class name="StaticRegionTest.java" source="/TestStaticRegion/src/com/surelogic/jsure/StaticRegionTest.java"/>
	</package>
	<package name="nested.anonymous">
		<class name="OneCopy.java" source="/TestStaticRegion/src/nested/anonymous/OneCopy.java"/>
		<class name="TwoCopies.java" source="/TestStaticRegion/src/nested/anonymous/TwoCopies.java"/>
	</package>
	<package name="nested.local">
		<class name="DifferentNames.java" source="/TestStaticRegion/src/nested/local/DifferentNames.java"/>
		<class name="OneCopy.java" source="/TestStaticRegion/src/nested/local/OneCopy.java"/>
		<class name="TwoCopies.java" source="/TestStaticRegion/src/nested/local/TwoCopies.java"/>
	</package>
	<package name="test">
		<class name="C.java" source="/TestStaticRegion/src/test/C.java"/>
	</package>
</sourceFiles>
