<sourceFiles>
	<package name="helpers">
		<class name="ImmutableClass.java" source="/TestStaticPartAttribute/src/helpers/ImmutableClass.java"/>
		<class name="MutClass.java" source="/TestStaticPartAttribute/src/helpers/MutClass.java"/>
		<class name="TS.java" source="/TestStaticPartAttribute/src/helpers/TS.java"/>
	</package>
	<package name="testImmutable">
		<class name="StaticPartDefault.java" source="/TestStaticPartAttribute/src/testImmutable/StaticPartDefault.java"/>
		<class name="StaticPartImmutable.java" source="/TestStaticPartAttribute/src/testImmutable/StaticPartImmutable.java"/>
		<class name="StaticPartNotThreadSafe.java" source="/TestStaticPartAttribute/src/testImmutable/StaticPartNotThreadSafe.java"/>
		<class name="StaticPartThreadSafe.java" source="/TestStaticPartAttribute/src/testImmutable/StaticPartThreadSafe.java"/>
	</package>
	<package name="testThreadSafe">
		<class name="StaticPartDefault.java" source="/TestStaticPartAttribute/src/testThreadSafe/StaticPartDefault.java"/>
		<class name="StaticPartImmutable.java" source="/TestStaticPartAttribute/src/testThreadSafe/StaticPartImmutable.java"/>
		<class name="StaticPartNotThreadSafe.java" source="/TestStaticPartAttribute/src/testThreadSafe/StaticPartNotThreadSafe.java"/>
		<class name="StaticPartThreadSafe.java" source="/TestStaticPartAttribute/src/testThreadSafe/StaticPartThreadSafe.java"/>
	</package>
</sourceFiles>
