<sourceFiles>
	<package name="test.formals">
		<class name="C.java" source="/TestReturnsLockOverride/src/test/formals/C.java"/>
	</package>
	<package name="test.qualified">
		<class name="Outer1.java" source="/TestReturnsLockOverride/src/test/qualified/Outer1.java"/>
	</package>
	<package name="test.receiver.explicit">
		<class name="C.java" source="/TestReturnsLockOverride/src/test/receiver/explicit/C.java"/>
	</package>
	<package name="test.receiver.implicit">
		<class name="C.java" source="/TestReturnsLockOverride/src/test/receiver/implicit/C.java"/>
	</package>
	<package name="test.receiver.qualified">
		<class name="C.java" source="/TestReturnsLockOverride/src/test/receiver/qualified/C.java"/>
	</package>
	<package name="test.staticlocks.qualified">
		<class name="C.java" source="/TestReturnsLockOverride/src/test/staticlocks/qualified/C.java"/>
	</package>
	<package name="test.staticlocks.simple">
		<class name="C.java" source="/TestReturnsLockOverride/src/test/staticlocks/simple/C.java"/>
	</package>
</sourceFiles>
