<sourceFiles>
	<package name="test">
		<class name="TestContainable.java" source="/TypeAnnotationsAndEnums/src/test/TestContainable.java"/>
		<class name="TestContainableImplOnly.java" source="/TypeAnnotationsAndEnums/src/test/TestContainableImplOnly.java"/>
		<class name="TestContainableNoVerify.java" source="/TypeAnnotationsAndEnums/src/test/TestContainableNoVerify.java"/>
		<class name="TestImmutable.java" source="/TypeAnnotationsAndEnums/src/test/TestImmutable.java"/>
		<class name="TestImmutableImplOnly.java" source="/TypeAnnotationsAndEnums/src/test/TestImmutableImplOnly.java"/>
		<class name="TestImmutableNoVerify.java" source="/TypeAnnotationsAndEnums/src/test/TestImmutableNoVerify.java"/>
		<class name="TestThreadSafe.java" source="/TypeAnnotationsAndEnums/src/test/TestThreadSafe.java"/>
		<class name="TestThreadSafeImplOnly.java" source="/TypeAnnotationsAndEnums/src/test/TestThreadSafeImplOnly.java"/>
		<class name="TestThreadSafeNoVerify.java" source="/TypeAnnotationsAndEnums/src/test/TestThreadSafeNoVerify.java"/>
	</package>
</sourceFiles>
