<sourceFiles>
	<package name="test_abstraction.sameClass">
		<class name="Test.java" source="/TestEffectSanityChecks/src/test_abstraction/sameClass/Test.java"/>
	</package>
	<package name="test_abstraction.subclass.diffPackage.p1">
		<class name="S.java" source="/TestEffectSanityChecks/src/test_abstraction/subclass/diffPackage/p1/S.java"/>
	</package>
	<package name="test_abstraction.subclass.diffPackage.p2">
		<class name="Test.java" source="/TestEffectSanityChecks/src/test_abstraction/subclass/diffPackage/p2/Test.java"/>
	</package>
	<package name="test_abstraction.subclass.samePackage">
		<class name="S.java" source="/TestEffectSanityChecks/src/test_abstraction/subclass/samePackage/S.java"/>
		<class name="Test.java" source="/TestEffectSanityChecks/src/test_abstraction/subclass/samePackage/Test.java"/>
	</package>
	<package name="test_abstraction.unrelatedClasses.diffPackage.p1">
		<class name="Test.java" source="/TestEffectSanityChecks/src/test_abstraction/unrelatedClasses/diffPackage/p1/Test.java"/>
	</package>
	<package name="test_abstraction.unrelatedClasses.diffPackage.p2">
		<class name="Other.java" source="/TestEffectSanityChecks/src/test_abstraction/unrelatedClasses/diffPackage/p2/Other.java"/>
	</package>
	<package name="test_abstraction.unrelatedClasses.nested">
		<class name="Other.java" source="/TestEffectSanityChecks/src/test_abstraction/unrelatedClasses/nested/Other.java"/>
		<class name="Test.java" source="/TestEffectSanityChecks/src/test_abstraction/unrelatedClasses/nested/Test.java"/>
	</package>
	<package name="test_abstraction.unrelatedClasses.samePackage">
		<class name="Other.java" source="/TestEffectSanityChecks/src/test_abstraction/unrelatedClasses/samePackage/Other.java"/>
		<class name="Test.java" source="/TestEffectSanityChecks/src/test_abstraction/unrelatedClasses/samePackage/Test.java"/>
	</package>
	<package name="test_class">
		<class name="C.java" source="/TestEffectSanityChecks/src/test_class/C.java"/>
		<class name="D.java" source="/TestEffectSanityChecks/src/test_class/D.java"/>
		<class name="Test.java" source="/TestEffectSanityChecks/src/test_class/Test.java"/>
	</package>
	<package name="test_class.nested">
		<class name="C.java" source="/TestEffectSanityChecks/src/test_class/nested/C.java"/>
	</package>
	<package name="test_constructorVisibility">
		<class name="C.java" source="/TestEffectSanityChecks/src/test_constructorVisibility/C.java"/>
		<class name="Test.java" source="/TestEffectSanityChecks/src/test_constructorVisibility/Test.java"/>
	</package>
	<package name="test_explicitThis">
		<class name="C.java" source="/TestEffectSanityChecks/src/test_explicitThis/C.java"/>
		<class name="D.java" source="/TestEffectSanityChecks/src/test_explicitThis/D.java"/>
	</package>
	<package name="test_implicitThis">
		<class name="C.java" source="/TestEffectSanityChecks/src/test_implicitThis/C.java"/>
		<class name="D.java" source="/TestEffectSanityChecks/src/test_implicitThis/D.java"/>
	</package>
	<package name="test_parameter">
		<class name="C.java" source="/TestEffectSanityChecks/src/test_parameter/C.java"/>
		<class name="D.java" source="/TestEffectSanityChecks/src/test_parameter/D.java"/>
		<class name="Test.java" source="/TestEffectSanityChecks/src/test_parameter/Test.java"/>
	</package>
	<package name="test_qualifiedThis">
		<class name="C.java" source="/TestEffectSanityChecks/src/test_qualifiedThis/C.java"/>
		<class name="D.java" source="/TestEffectSanityChecks/src/test_qualifiedThis/D.java"/>
	</package>
</sourceFiles>
