<?xml version="1.0" encoding="UTF-8"?>
<smallworld version="1.0">
  <place name="Hill" article="a">
    <description>You have walked up a hill, still in the forest. A large tree at the top of the hill contains an empty bird's nest. The road slopes back down the other side of the hill. There is a building in the distance.</description>
    <travel direction="E">Road</travel>
  </place>
  <place name="Canyon" article="the">
    <description>You are in an awkward sloping east/west canyon.</description>
    <travel direction="E">Debris Room</travel>
    <travel direction="W">Bird Chamber</travel>
  </place>
  <place name="Slit in the Stream" article="the">
    <description>At your feet all the water of the stream splashes into a 2-inch slit in the rock. Downstream the streambed is bare rock.</description>
    <travel direction="N">Valley</travel>
    <travel direction="S">Outside Grate</travel>
  </place>
  <place name="Road" article="a">
    <description>You are standing at the end of a road before a small brick building. Around you is a forest. A small stream flows out of the building and down a gully.</description>
    <travel direction="S">Valley</travel>
    <travel direction="E">Building</travel>
    <travel direction="W">Hill</travel>
  </place>
  <place name="Bird Chamber" article="the">
    <description>You are in a splendid chamber thirty feet high. The walls are frozen rivers of orange stone.  An awkward canyon and a good passage exit from east and west sides of the chamber.</description>
    <travel direction="E">Canyon</travel>
    <travel direction="W">Hall of Mists</travel>
  </place>
  <place name="Outside Grate" article="the">
    <description>You are in a 20-foot depression floored with bare dirt. Set into the dirt is a strong steel grate mounted in concrete. A dry streambed leads into the depression.</description>
    <travel direction="N">Slit in the Stream</travel>
    <travel direction="S">Inside Grate</travel>
  </place>
  <place name="Inside Grate" article="the">
    <description>You are in a small chamber by 3x3 steel grate to the surface. A low crawl over cobbles leads inward to the west.</description>
    <travel direction="N">Outside Grate</travel>
    <travel direction="W">Cobble Crawl</travel>
  </place>
  <place name="Building" article="the">
    <description>You are inside a building, a well house for a large spring.</description>
    <travel direction="W">Road</travel>
  </place>
  <place name="Debris Room" article="the">
    <description>You are in a debris room filled with stuff washed in from the surface. A low wide passage with cobbles becomes plugged with mud and debris here, but an awkward canyon leads upward and west.  A note on the wall says "Magic word XYZZY".</description>
    <travel direction="E">Cobble Crawl</travel>
    <travel direction="W">Canyon</travel>
  </place>
  <place name="Shimmering Room" article="the" arrivalWinsGame="Y">
    <description>You are in a room of shimmering bright white.</description>
    <travel direction="S">Hall of Mists</travel>
  </place>
  <place name="Cobble Crawl" article="the">
    <description>You are crawling over cobbles in a low passage. There is a dim light at the east end of the passage.</description>
    <travel direction="E">Inside Grate</travel>
    <travel direction="W">Debris Room</travel>
  </place>
  <place name="Valley" article="a">
    <description>You are in a valley in the forest beside a stream tumbling along a rocky bed.</description>
    <travel direction="N">Road</travel>
    <travel direction="S">Slit in the Stream</travel>
  </place>
  <place name="Hall of Mists" article="the">
    <description>You are at one end of a vast hall stretching forward out of sight to the west, filled with wisps of white mist that sway to and fro almost as if alive.</description>
    <travel direction="N">Shimmering Room</travel>
    <travel direction="E">Bird Chamber</travel>
  </place>
  <item name="Pot of Gold" article="a" location="Hall of Mists" takePoints="500" dropPoints="0" />
  <item name="Green Mushroom" article="a" location="Hill" takePoints="-1000" dropPoints="0" />
  <item name="Shimmering Idol" article="a" location="Debris Room" takePoints="10" dropPoints="0">
    <place neededToEnter="Y" blockedMsg="A shimmering field blocks your way.">Shimmering Room</place>
  </item>
  <item name="Rusty Key" article="the" location="Building" takePoints="50" dropPoints="0">
    <place neededToEnter="Y" blockedMsg="A locked rusty gate blocks your way.">Hall of Mists</place>
  </item>
  <item name="Grate Key" article="the" location="Hill" takePoints="10" dropPoints="0">
    <place neededToEnter="Y" blockedMsg="The grate is locked.">Inside Grate</place>
  </item>
  <item name="Bird" article="a" location="Bird Chamber" takePoints="50" dropPoints="0">
    <place takePoints="15" dropPoints="1000">Hill</place>
  </item>
  <item name="Gold Coin" article="a" location="Slit in the Stream" takePoints="200" dropPoints="0" />
  <item name="Skunk Carcass" article="a" location="Canyon" takePoints="-10" dropPoints="10" />
  <item name="Lamp" article="the" location="Road" takePoints="10" dropPoints="0">
    <place neededToEnter="Y" blockedMsg="It is too dark inside the grate.">Inside Grate</place>
    <place neededToEnter="Y" blockedMsg="It is too dark inside the building.">Building</place>
  </item>
  <item name="Silver Coin" article="a" location="Canyon" takePoints="100" dropPoints="0" />
  <player location="Road"/>
</smallworld>