<sourceFiles>
	<package name="inRegion.accessibility.differentPackages.p1">
		<class name="DefaultSuper.java" source="/TestInRegionOnClassSanityChecks/src/inRegion/accessibility/differentPackages/p1/DefaultSuper.java"/>
		<class name="ParentIsDefaultSuper.java" source="/TestInRegionOnClassSanityChecks/src/inRegion/accessibility/differentPackages/p1/ParentIsDefaultSuper.java"/>
		<class name="PublicSuper.java" source="/TestInRegionOnClassSanityChecks/src/inRegion/accessibility/differentPackages/p1/PublicSuper.java"/>
	</package>
	<package name="inRegion.accessibility.differentPackages.p2">
		<class name="ParentIsDefaultSuper2.java" source="/TestInRegionOnClassSanityChecks/src/inRegion/accessibility/differentPackages/p2/ParentIsDefaultSuper2.java"/>
		<class name="ParentIsPublicSuper.java" source="/TestInRegionOnClassSanityChecks/src/inRegion/accessibility/differentPackages/p2/ParentIsPublicSuper.java"/>
	</package>
	<package name="inRegion.accessibility.samePackage">
		<class name="DefaultSuper.java" source="/TestInRegionOnClassSanityChecks/src/inRegion/accessibility/samePackage/DefaultSuper.java"/>
		<class name="ParentIsDefaultSuper.java" source="/TestInRegionOnClassSanityChecks/src/inRegion/accessibility/samePackage/ParentIsDefaultSuper.java"/>
		<class name="ParentIsPublicSuper.java" source="/TestInRegionOnClassSanityChecks/src/inRegion/accessibility/samePackage/ParentIsPublicSuper.java"/>
		<class name="PublicSuper.java" source="/TestInRegionOnClassSanityChecks/src/inRegion/accessibility/samePackage/PublicSuper.java"/>
	</package>
	<package name="inRegion.finalFields">
		<class name="C.java" source="/TestInRegionOnClassSanityChecks/src/inRegion/finalFields/C.java"/>
	</package>
	<package name="inRegion.noCycles">
		<class name="Test.java" source="/TestInRegionOnClassSanityChecks/src/inRegion/noCycles/Test.java"/>
	</package>
	<package name="inRegion.nonFieldParent">
		<class name="Super.java" source="/TestInRegionOnClassSanityChecks/src/inRegion/nonFieldParent/Super.java"/>
		<class name="Test.java" source="/TestInRegionOnClassSanityChecks/src/inRegion/nonFieldParent/Test.java"/>
	</package>
	<package name="inRegion.parentMustExist">
		<class name="Child.java" source="/TestInRegionOnClassSanityChecks/src/inRegion/parentMustExist/Child.java"/>
		<class name="Other.java" source="/TestInRegionOnClassSanityChecks/src/inRegion/parentMustExist/Other.java"/>
		<class name="Super.java" source="/TestInRegionOnClassSanityChecks/src/inRegion/parentMustExist/Super.java"/>
		<class name="Test.java" source="/TestInRegionOnClassSanityChecks/src/inRegion/parentMustExist/Test.java"/>
	</package>
	<package name="inRegion.parentNotFinalOrVolatile">
		<class name="Test.java" source="/TestInRegionOnClassSanityChecks/src/inRegion/parentNotFinalOrVolatile/Test.java"/>
	</package>
	<package name="inRegion.staticParents">
		<class name="Super.java" source="/TestInRegionOnClassSanityChecks/src/inRegion/staticParents/Super.java"/>
		<class name="Test.java" source="/TestInRegionOnClassSanityChecks/src/inRegion/staticParents/Test.java"/>
	</package>
</sourceFiles>
