<sourceFiles>
	<package name="emptyEffects">
		<class name="C.java" source="/TestExplicitNoEffect/src/emptyEffects/C.java"/>
		<class name="Child.java" source="/TestExplicitNoEffect/src/emptyEffects/Child.java"/>
		<class name="Super.java" source="/TestExplicitNoEffect/src/emptyEffects/Super.java"/>
	</package>
	<package name="withEffects">
		<class name="C.java" source="/TestExplicitNoEffect/src/withEffects/C.java"/>
		<class name="Child.java" source="/TestExplicitNoEffect/src/withEffects/Child.java"/>
		<class name="Super.java" source="/TestExplicitNoEffect/src/withEffects/Super.java"/>
	</package>
</sourceFiles>
