<sourceFiles>
	<package name="test.guardedBy">
		<class name="Test.java" source="/2015-12-04 Effects Dumper Wtih Held Locks/src/test/guardedBy/Test.java"/>
	</package>
	<package name="test.guardedBy.rw">
		<class name="Test.java" source="/2015-12-04 Effects Dumper Wtih Held Locks/src/test/guardedBy/rw/Test.java"/>
	</package>
	<package name="test.intrinsic">
		<class name="Test.java" source="/2015-12-04 Effects Dumper Wtih Held Locks/src/test/intrinsic/Test.java"/>
		<class name="TestAggregation.java" source="/2015-12-04 Effects Dumper Wtih Held Locks/src/test/intrinsic/TestAggregation.java"/>
		<class name="TestExternalVars.java" source="/2015-12-04 Effects Dumper Wtih Held Locks/src/test/intrinsic/TestExternalVars.java"/>
		<class name="TestIndirectEffects.java" source="/2015-12-04 Effects Dumper Wtih Held Locks/src/test/intrinsic/TestIndirectEffects.java"/>
	</package>
	<package name="test.jucLock">
		<class name="Test.java" source="/2015-12-04 Effects Dumper Wtih Held Locks/src/test/jucLock/Test.java"/>
		<class name="TestAggregation.java" source="/2015-12-04 Effects Dumper Wtih Held Locks/src/test/jucLock/TestAggregation.java"/>
		<class name="TestExternalVars.java" source="/2015-12-04 Effects Dumper Wtih Held Locks/src/test/jucLock/TestExternalVars.java"/>
		<class name="TestIndirectEffects.java" source="/2015-12-04 Effects Dumper Wtih Held Locks/src/test/jucLock/TestIndirectEffects.java"/>
	</package>
	<package name="test.read_write">
		<class name="Test.java" source="/2015-12-04 Effects Dumper Wtih Held Locks/src/test/read_write/Test.java"/>
		<class name="TestAggregation.java" source="/2015-12-04 Effects Dumper Wtih Held Locks/src/test/read_write/TestAggregation.java"/>
		<class name="TestExternalVars.java" source="/2015-12-04 Effects Dumper Wtih Held Locks/src/test/read_write/TestExternalVars.java"/>
		<class name="TestIndirectEffects.java" source="/2015-12-04 Effects Dumper Wtih Held Locks/src/test/read_write/TestIndirectEffects.java"/>
	</package>
</sourceFiles>
