<sourceFiles>
	<package name="helpers">
		<class name="ImmutableClass.java" source="/TestAppliesToVerification/src/helpers/ImmutableClass.java"/>
		<class name="MutClass.java" source="/TestAppliesToVerification/src/helpers/MutClass.java"/>
		<class name="TS.java" source="/TestAppliesToVerification/src/helpers/TS.java"/>
	</package>
	<package name="testImmutable">
		<class name="AppliesToDefault.java" source="/TestAppliesToVerification/src/testImmutable/AppliesToDefault.java"/>
		<class name="AppliesToInstance.java" source="/TestAppliesToVerification/src/testImmutable/AppliesToInstance.java"/>
		<class name="AppliesToInstanceAndStatic.java" source="/TestAppliesToVerification/src/testImmutable/AppliesToInstanceAndStatic.java"/>
		<class name="AppliesToStatic.java" source="/TestAppliesToVerification/src/testImmutable/AppliesToStatic.java"/>
	</package>
	<package name="testThreadSafe">
		<class name="AppliesToDefault.java" source="/TestAppliesToVerification/src/testThreadSafe/AppliesToDefault.java"/>
		<class name="AppliesToInstance.java" source="/TestAppliesToVerification/src/testThreadSafe/AppliesToInstance.java"/>
		<class name="AppliesToInstanceAndStatic.java" source="/TestAppliesToVerification/src/testThreadSafe/AppliesToInstanceAndStatic.java"/>
		<class name="AppliesToStatic.java" source="/TestAppliesToVerification/src/testThreadSafe/AppliesToStatic.java"/>
	</package>
	<package name="testTrivialMessages.testImmutable">
		<class name="AppliesToBothEmpty.java" source="/TestAppliesToVerification/src/testTrivialMessages/testImmutable/AppliesToBothEmpty.java"/>
		<class name="AppliesToBothHasBoth.java" source="/TestAppliesToVerification/src/testTrivialMessages/testImmutable/AppliesToBothHasBoth.java"/>
		<class name="AppliesToBothHasInstance.java" source="/TestAppliesToVerification/src/testTrivialMessages/testImmutable/AppliesToBothHasInstance.java"/>
		<class name="AppliesToBothHasStatic.java" source="/TestAppliesToVerification/src/testTrivialMessages/testImmutable/AppliesToBothHasStatic.java"/>
		<class name="AppliesToInstanceEmpty.java" source="/TestAppliesToVerification/src/testTrivialMessages/testImmutable/AppliesToInstanceEmpty.java"/>
		<class name="AppliesToInstanceHasBoth.java" source="/TestAppliesToVerification/src/testTrivialMessages/testImmutable/AppliesToInstanceHasBoth.java"/>
		<class name="AppliesToInstanceHasInstance.java" source="/TestAppliesToVerification/src/testTrivialMessages/testImmutable/AppliesToInstanceHasInstance.java"/>
		<class name="AppliesToInstanceHasStatic.java" source="/TestAppliesToVerification/src/testTrivialMessages/testImmutable/AppliesToInstanceHasStatic.java"/>
		<class name="AppliesToStaticEmpty.java" source="/TestAppliesToVerification/src/testTrivialMessages/testImmutable/AppliesToStaticEmpty.java"/>
		<class name="AppliesToStaticHasBoth.java" source="/TestAppliesToVerification/src/testTrivialMessages/testImmutable/AppliesToStaticHasBoth.java"/>
		<class name="AppliesToStaticHasInstance.java" source="/TestAppliesToVerification/src/testTrivialMessages/testImmutable/AppliesToStaticHasInstance.java"/>
		<class name="AppliesToStaticHasStatic.java" source="/TestAppliesToVerification/src/testTrivialMessages/testImmutable/AppliesToStaticHasStatic.java"/>
		<class name="IAppliesToBothEmpty.java" source="/TestAppliesToVerification/src/testTrivialMessages/testImmutable/IAppliesToBothEmpty.java"/>
		<class name="IAppliesToBothHasStatic.java" source="/TestAppliesToVerification/src/testTrivialMessages/testImmutable/IAppliesToBothHasStatic.java"/>
		<class name="IAppliesToInstanceEmpty.java" source="/TestAppliesToVerification/src/testTrivialMessages/testImmutable/IAppliesToInstanceEmpty.java"/>
		<class name="IAppliesToInstanceHasStatic.java" source="/TestAppliesToVerification/src/testTrivialMessages/testImmutable/IAppliesToInstanceHasStatic.java"/>
		<class name="IAppliesToStaticEmpty.java" source="/TestAppliesToVerification/src/testTrivialMessages/testImmutable/IAppliesToStaticEmpty.java"/>
		<class name="IAppliesToStaticHasStatic.java" source="/TestAppliesToVerification/src/testTrivialMessages/testImmutable/IAppliesToStaticHasStatic.java"/>
	</package>
	<package name="testTrivialMessages.testThreadSafe">
		<class name="AppliesToBothEmpty.java" source="/TestAppliesToVerification/src/testTrivialMessages/testThreadSafe/AppliesToBothEmpty.java"/>
		<class name="AppliesToBothHasBoth.java" source="/TestAppliesToVerification/src/testTrivialMessages/testThreadSafe/AppliesToBothHasBoth.java"/>
		<class name="AppliesToBothHasInstance.java" source="/TestAppliesToVerification/src/testTrivialMessages/testThreadSafe/AppliesToBothHasInstance.java"/>
		<class name="AppliesToBothHasStatic.java" source="/TestAppliesToVerification/src/testTrivialMessages/testThreadSafe/AppliesToBothHasStatic.java"/>
		<class name="AppliesToInstanceEmpty.java" source="/TestAppliesToVerification/src/testTrivialMessages/testThreadSafe/AppliesToInstanceEmpty.java"/>
		<class name="AppliesToInstanceHasBoth.java" source="/TestAppliesToVerification/src/testTrivialMessages/testThreadSafe/AppliesToInstanceHasBoth.java"/>
		<class name="AppliesToInstanceHasInstance.java" source="/TestAppliesToVerification/src/testTrivialMessages/testThreadSafe/AppliesToInstanceHasInstance.java"/>
		<class name="AppliesToInstanceHasStatic.java" source="/TestAppliesToVerification/src/testTrivialMessages/testThreadSafe/AppliesToInstanceHasStatic.java"/>
		<class name="AppliesToStaticEmpty.java" source="/TestAppliesToVerification/src/testTrivialMessages/testThreadSafe/AppliesToStaticEmpty.java"/>
		<class name="AppliesToStaticHasBoth.java" source="/TestAppliesToVerification/src/testTrivialMessages/testThreadSafe/AppliesToStaticHasBoth.java"/>
		<class name="AppliesToStaticHasInstance.java" source="/TestAppliesToVerification/src/testTrivialMessages/testThreadSafe/AppliesToStaticHasInstance.java"/>
		<class name="AppliesToStaticHasStatic.java" source="/TestAppliesToVerification/src/testTrivialMessages/testThreadSafe/AppliesToStaticHasStatic.java"/>
		<class name="IAppliesToBothEmpty.java" source="/TestAppliesToVerification/src/testTrivialMessages/testThreadSafe/IAppliesToBothEmpty.java"/>
		<class name="IAppliesToBothHasStatic.java" source="/TestAppliesToVerification/src/testTrivialMessages/testThreadSafe/IAppliesToBothHasStatic.java"/>
		<class name="IAppliesToInstanceEmpty.java" source="/TestAppliesToVerification/src/testTrivialMessages/testThreadSafe/IAppliesToInstanceEmpty.java"/>
		<class name="IAppliesToInstanceHasStatic.java" source="/TestAppliesToVerification/src/testTrivialMessages/testThreadSafe/IAppliesToInstanceHasStatic.java"/>
		<class name="IAppliesToStaticEmpty.java" source="/TestAppliesToVerification/src/testTrivialMessages/testThreadSafe/IAppliesToStaticEmpty.java"/>
		<class name="IAppliesToStaticHasStatic.java" source="/TestAppliesToVerification/src/testTrivialMessages/testThreadSafe/IAppliesToStaticHasStatic.java"/>
	</package>
</sourceFiles>
