<sourceFiles>
	<package name="test">
		<class name="GuardedByClass.java" source="/TestGuardedBySanityChecks/src/test/GuardedByClass.java"/>
		<class name="GuardedByField.java" source="/TestGuardedBySanityChecks/src/test/GuardedByField.java"/>
		<class name="GuardedByItself.java" source="/TestGuardedBySanityChecks/src/test/GuardedByItself.java"/>
		<class name="GuardedByQualifiedThis.java" source="/TestGuardedBySanityChecks/src/test/GuardedByQualifiedThis.java"/>
		<class name="GuardedByThis.java" source="/TestGuardedBySanityChecks/src/test/GuardedByThis.java"/>
	</package>
	<package name="test.method">
		<class name="GuardedByMethod.java" source="/TestGuardedBySanityChecks/src/test/method/GuardedByMethod.java"/>
	</package>
</sourceFiles>
