<sourceFiles>
	<package name="calls">
		<class name="T.java" source="/TestUtilityAssurance/src/calls/T.java"/>
	</package>
	<package name="constructors">
		<class name="BusyConstructor.java" source="/TestUtilityAssurance/src/constructors/BusyConstructor.java"/>
		<class name="ConstructorHasArgs.java" source="/TestUtilityAssurance/src/constructors/ConstructorHasArgs.java"/>
		<class name="NoConstructor.java" source="/TestUtilityAssurance/src/constructors/NoConstructor.java"/>
		<class name="PrivateConstructor.java" source="/TestUtilityAssurance/src/constructors/PrivateConstructor.java"/>
		<class name="PublicConstructor.java" source="/TestUtilityAssurance/src/constructors/PublicConstructor.java"/>
		<class name="ThrowsError.java" source="/TestUtilityAssurance/src/constructors/ThrowsError.java"/>
		<class name="ThrowsWrong.java" source="/TestUtilityAssurance/src/constructors/ThrowsWrong.java"/>
		<class name="TooManyConstructors.java" source="/TestUtilityAssurance/src/constructors/TooManyConstructors.java"/>
	</package>
	<package name="test">
		<class name="I.java" source="/TestUtilityAssurance/src/test/I.java"/>
		<class name="Implements1.java" source="/TestUtilityAssurance/src/test/Implements1.java"/>
		<class name="Implements2.java" source="/TestUtilityAssurance/src/test/Implements2.java"/>
		<class name="J.java" source="/TestUtilityAssurance/src/test/J.java"/>
		<class name="NotFinal.java" source="/TestUtilityAssurance/src/test/NotFinal.java"/>
		<class name="NotFromObject.java" source="/TestUtilityAssurance/src/test/NotFromObject.java"/>
		<class name="NotPublic.java" source="/TestUtilityAssurance/src/test/NotPublic.java"/>
		<class name="Other.java" source="/TestUtilityAssurance/src/test/Other.java"/>
		<class name="Public.java" source="/TestUtilityAssurance/src/test/Public.java"/>
		<class name="TestStatic.java" source="/TestUtilityAssurance/src/test/TestStatic.java"/>
	</package>
</sourceFiles>
