<sourceFiles>
	<package name="test.immutableRef">
		<class name="TestField.java" source="/TestEffectsAndUniqueness/src/test/immutableRef/TestField.java"/>
		<class name="TestParamPassing.java" source="/TestEffectsAndUniqueness/src/test/immutableRef/TestParamPassing.java"/>
		<class name="TestParameter.java" source="/TestEffectsAndUniqueness/src/test/immutableRef/TestParameter.java"/>
		<class name="TestReturnValue.java" source="/TestEffectsAndUniqueness/src/test/immutableRef/TestReturnValue.java"/>
		<class name="Var.java" source="/TestEffectsAndUniqueness/src/test/immutableRef/Var.java"/>
		<class name="package-info.java" source="/TestEffectsAndUniqueness/src/test/immutableRef/package-info.java"/>
	</package>
	<package name="test.immutableRef.array">
		<class name="TestField.java" source="/TestEffectsAndUniqueness/src/test/immutableRef/array/TestField.java"/>
		<class name="TestParamPassing.java" source="/TestEffectsAndUniqueness/src/test/immutableRef/array/TestParamPassing.java"/>
		<class name="TestParameter.java" source="/TestEffectsAndUniqueness/src/test/immutableRef/array/TestParameter.java"/>
		<class name="TestReturnValue.java" source="/TestEffectsAndUniqueness/src/test/immutableRef/array/TestReturnValue.java"/>
		<class name="package-info.java" source="/TestEffectsAndUniqueness/src/test/immutableRef/array/package-info.java"/>
	</package>
	<package name="test.immutableRef.array.indirect">
		<class name="TestField.java" source="/TestEffectsAndUniqueness/src/test/immutableRef/array/indirect/TestField.java"/>
		<class name="TestParamPassing.java" source="/TestEffectsAndUniqueness/src/test/immutableRef/array/indirect/TestParamPassing.java"/>
		<class name="TestParameter.java" source="/TestEffectsAndUniqueness/src/test/immutableRef/array/indirect/TestParameter.java"/>
		<class name="TestReturnValue.java" source="/TestEffectsAndUniqueness/src/test/immutableRef/array/indirect/TestReturnValue.java"/>
		<class name="package-info.java" source="/TestEffectsAndUniqueness/src/test/immutableRef/array/indirect/package-info.java"/>
	</package>
	<package name="test.immutableRef.indirect">
		<class name="TestField.java" source="/TestEffectsAndUniqueness/src/test/immutableRef/indirect/TestField.java"/>
		<class name="TestParamPassing.java" source="/TestEffectsAndUniqueness/src/test/immutableRef/indirect/TestParamPassing.java"/>
		<class name="TestParameter.java" source="/TestEffectsAndUniqueness/src/test/immutableRef/indirect/TestParameter.java"/>
		<class name="TestReturnValue.java" source="/TestEffectsAndUniqueness/src/test/immutableRef/indirect/TestReturnValue.java"/>
		<class name="Var.java" source="/TestEffectsAndUniqueness/src/test/immutableRef/indirect/Var.java"/>
		<class name="package-info.java" source="/TestEffectsAndUniqueness/src/test/immutableRef/indirect/package-info.java"/>
	</package>
	<package name="test.uniqueRef">
		<class name="TestField.java" source="/TestEffectsAndUniqueness/src/test/uniqueRef/TestField.java"/>
		<class name="TestField_InRegion.java" source="/TestEffectsAndUniqueness/src/test/uniqueRef/TestField_InRegion.java"/>
		<class name="TestField_SimpleInRegion.java" source="/TestEffectsAndUniqueness/src/test/uniqueRef/TestField_SimpleInRegion.java"/>
		<class name="Var.java" source="/TestEffectsAndUniqueness/src/test/uniqueRef/Var.java"/>
		<class name="package-info.java" source="/TestEffectsAndUniqueness/src/test/uniqueRef/package-info.java"/>
	</package>
</sourceFiles>
