<sourceFiles>
	<package name="nesting">
		<class name="Test.java" source="/TestThreadSafeAnnotationBounds/src/nesting/Test.java"/>
	</package>
	<package name="test">
		<class name="TestContainable.java" source="/TestThreadSafeAnnotationBounds/src/test/TestContainable.java"/>
		<class name="TestImmutable.java" source="/TestThreadSafeAnnotationBounds/src/test/TestImmutable.java"/>
		<class name="TestThreadSafe.java" source="/TestThreadSafeAnnotationBounds/src/test/TestThreadSafe.java"/>
	</package>
</sourceFiles>
