<sourceFiles>
	<package name="test.clazz.getter">
		<class name="BadGetterDefault.java" source="/TestSingletonClassPrivateField/src/test/clazz/getter/BadGetterDefault.java"/>
		<class name="BadGetterPrivate.java" source="/TestSingletonClassPrivateField/src/test/clazz/getter/BadGetterPrivate.java"/>
		<class name="BadGetterProtected.java" source="/TestSingletonClassPrivateField/src/test/clazz/getter/BadGetterProtected.java"/>
		<class name="BadGetterReturnsWrongField.java" source="/TestSingletonClassPrivateField/src/test/clazz/getter/BadGetterReturnsWrongField.java"/>
		<class name="BadNoGetter.java" source="/TestSingletonClassPrivateField/src/test/clazz/getter/BadNoGetter.java"/>
		<class name="BadSerializableFieldNotTransient.java" source="/TestSingletonClassPrivateField/src/test/clazz/getter/BadSerializableFieldNotTransient.java"/>
		<class name="BadSerializableNoReadResolve.java" source="/TestSingletonClassPrivateField/src/test/clazz/getter/BadSerializableNoReadResolve.java"/>
		<class name="BadSerializableNoReturn.java" source="/TestSingletonClassPrivateField/src/test/clazz/getter/BadSerializableNoReturn.java"/>
		<class name="BadSerializableReturnsNull.java" source="/TestSingletonClassPrivateField/src/test/clazz/getter/BadSerializableReturnsNull.java"/>
		<class name="BadSerializableReturnsWrongField.java" source="/TestSingletonClassPrivateField/src/test/clazz/getter/BadSerializableReturnsWrongField.java"/>
		<class name="BadSerializableTooManyStatements.java" source="/TestSingletonClassPrivateField/src/test/clazz/getter/BadSerializableTooManyStatements.java"/>
		<class name="BadTooManyFields.java" source="/TestSingletonClassPrivateField/src/test/clazz/getter/BadTooManyFields.java"/>
		<class name="GoodSerializable.java" source="/TestSingletonClassPrivateField/src/test/clazz/getter/GoodSerializable.java"/>
		<class name="GoodSimple.java" source="/TestSingletonClassPrivateField/src/test/clazz/getter/GoodSimple.java"/>
	</package>
</sourceFiles>
