<?xml version='1.0' encoding='UTF-8' standalone='yes'?>
<sea-summary time="Jun 1, 2012 2:37:26 PM"
	 project="TestDependencies">

<count LockModel="2"/>
<count PromisePromiseDrop="2"/>
<count ThreadSafePromiseDrop="3"/>
<count ProposedPromiseDrop="5"/>
<count ResultDrop="3"/>
<count RequiresLockPromiseDrop="2"/>
<ir-drop type="ProposedPromiseDrop"
	 offset="92"
	 length="70"
	 line="6"
	 path="TestDependencies/src/testDeps/Dependent.java"
	 uri="file:/C:/work/jsure-test-update-script-workspace/TestDependencies/src/testDeps/Dependent.java"
	 file="file:/C:/work/jsure-test-update-script-workspace/TestDependencies/src/testDeps/Dependent.java"
	 hash="783810549"
	 context="1002470528"
	 id="16"
	 message="ProposedPromiseDrop @RegionEffects(none)"
	 target-project="TestDependencies"
	 java-annotation="@RegionEffects(&quot;none&quot;)"
	 annotation-type="RegionEffects"
	 contents="none"
	 origin="CODE"
	 from-project="TestDependencies"
	 full-type="edu.cmu.cs.fluid.sea.ProposedPromiseDrop"/>

<ir-drop type="ProposedPromiseDrop"
	 offset="48"
	 line="5"
	 path="TestDependencies/src/testDeps/Deponent.java"
	 uri="file:/C:/work/jsure-test-update-script-workspace/TestDependencies/src/testDeps/Deponent.java"
	 file="file:/C:/work/jsure-test-update-script-workspace/TestDependencies/src/testDeps/Deponent.java"
	 hash="1142587996"
	 context="249288791"
	 id="482"
	 message="ProposedPromiseDrop @RegionEffects(none)"
	 target-project="TestDependencies"
	 java-annotation="@RegionEffects(&quot;none&quot;)"
	 annotation-type="RegionEffects"
	 contents="none"
	 origin="CODE"
	 from-project="TestDependencies"
	 full-type="edu.cmu.cs.fluid.sea.ProposedPromiseDrop"/>

<promise-drop type="ThreadSafePromiseDrop"
	 offset="48"
	 line="5"
	 path="TestDependencies/src/testDeps/Dependent.java"
	 uri="file:/C:/work/jsure-test-update-script-workspace/TestDependencies/src/testDeps/Dependent.java"
	 file="file:/C:/work/jsure-test-update-script-workspace/TestDependencies/src/testDeps/Dependent.java"
	 hash="2034565679"
	 context="1688772839"
	 virtual="true"
	 id="992"
	 message="ThreadSafe on Dependent"
	 category="Concurrency"
	 to-be-checked-by-analysis="true"
	 from-src="true"
	 message-id="(112,Dependent)"
	 checked-by-analysis="true"
	 proved-consistent="true"
	 full-type="edu.cmu.cs.fluid.sea.drops.promises.ThreadSafePromiseDrop"/>

<promise-drop type="PromisePromiseDrop"
	 offset="103"
	 line="4"
	 path="TestDependencies/src/testDeps/package-info.java"
	 uri="file:/C:/work/jsure-test-update-script-workspace/TestDependencies/src/testDeps/package-info.java"
	 file="file:/C:/work/jsure-test-update-script-workspace/TestDependencies/src/testDeps/package-info.java"
	 hash="1641077163"
	 context="-1147265546"
	 id="993"
	 message="Promise @ThreadSafe for *"
	 category="Scoped promises"
	 to-be-checked-by-analysis="true"
	 from-src="true"
	 checked-by-analysis="true"
	 proved-consistent="true"
	 full-type="edu.cmu.cs.fluid.sea.drops.promises.PromisePromiseDrop"/>

<result-drop type="ResultDrop"
	 offset="48"
	 length="117"
	 line="5"
	 path="TestDependencies/src/testDeps/Dependent.java"
	 uri="file:/C:/work/jsure-test-update-script-workspace/TestDependencies/src/testDeps/Dependent.java"
	 file="file:/C:/work/jsure-test-update-script-workspace/TestDependencies/src/testDeps/Dependent.java"
	 hash="1098347100"
	 context="1688772839"
	 id="994"
	 message="Trivially thread safe: class has no state"
	 result-type="TRIVIALLY_THREADSAFE"
	 message-id="(408)"
	 proved-consistent="true"
	 consistent="true"
	 full-type="edu.cmu.cs.fluid.sea.ResultDrop"/>

<promise-drop type="LockModel"
	 offset="2147483647"
	 line="0"
	 path="java.lang/Object.class"
	 file="java.lang/Object.class"
	 hash="1709211273"
	 context="1063877011"
	 id="1170"
	 message="RegionLock java.lang.Object.MUTEX is this protects WaitQueue on Object"
	 category="Concurrency"
	 to-be-checked-by-analysis="true"
	 from-src="true"
	 message-id="(100,java.lang.Object.MUTEX,this,WaitQueue,Object)"
	 checked-by-analysis="true"
	 proved-consistent="true"
	 full-type="edu.cmu.cs.fluid.sea.drops.promises.LockModel"/>

<ir-drop type="ProposedPromiseDrop"
	 offset="136"
	 line="8"
	 path="TestDependencies/src/testDeps2/Dependent2.java"
	 uri="file:/C:/work/jsure-test-update-script-workspace/TestDependencies/src/testDeps2/Dependent2.java"
	 file="file:/C:/work/jsure-test-update-script-workspace/TestDependencies/src/testDeps2/Dependent2.java"
	 hash="-1994608590"
	 context="-556559523"
	 id="1625"
	 message="ProposedPromiseDrop @RegionEffects(writes java.lang.Object:All)"
	 target-project="TestDependencies"
	 java-annotation="@RegionEffects(&quot;writes java.lang.Object:All&quot;)"
	 annotation-type="RegionEffects"
	 contents="writes java.lang.Object:All"
	 origin="CODE"
	 from-project="TestDependencies"
	 full-type="edu.cmu.cs.fluid.sea.ProposedPromiseDrop"/>

<promise-drop type="RequiresLockPromiseDrop"
	 offset="106"
	 line="6"
	 path="TestDependencies/src/testDeps/Dependent.java"
	 uri="file:/C:/work/jsure-test-update-script-workspace/TestDependencies/src/testDeps/Dependent.java"
	 file="file:/C:/work/jsure-test-update-script-workspace/TestDependencies/src/testDeps/Dependent.java"
	 hash="783810549"
	 context="1002470528"
	 id="1984"
	 message="RequiresLock L on testDeps.Dependent.foo()"
	 category="lock precondition(s)"
	 to-be-checked-by-analysis="true"
	 from-src="true"
	 message-id="(102,RequiresLock L,testDeps.Dependent.foo())"
	 checked-by-analysis="true"
	 proved-consistent="true"
	 full-type="edu.cmu.cs.fluid.sea.drops.promises.RequiresLockPromiseDrop"/>

<promise-drop type="LockModel"
	 offset="60"
	 line="5"
	 path="TestDependencies/src/testDeps/Deponent.java"
	 uri="file:/C:/work/jsure-test-update-script-workspace/TestDependencies/src/testDeps/Deponent.java"
	 file="file:/C:/work/jsure-test-update-script-workspace/TestDependencies/src/testDeps/Deponent.java"
	 hash="1790527468"
	 context="1726280981"
	 id="1985"
	 message="RegionLock testDeps.Deponent.L is this protects Instance on Deponent"
	 category="Concurrency"
	 to-be-checked-by-analysis="true"
	 uses-red-dot="true"
	 from-src="true"
	 message-id="(100,testDeps.Deponent.L,this,Instance,Deponent)"
	 proved-consistent="true"
	 full-type="edu.cmu.cs.fluid.sea.drops.promises.LockModel"/>

<promise-drop type="ThreadSafePromiseDrop"
	 offset="48"
	 line="5"
	 path="TestDependencies/src/testDeps/Deponent.java"
	 uri="file:/C:/work/jsure-test-update-script-workspace/TestDependencies/src/testDeps/Deponent.java"
	 file="file:/C:/work/jsure-test-update-script-workspace/TestDependencies/src/testDeps/Deponent.java"
	 hash="1790527468"
	 context="1726280981"
	 virtual="true"
	 id="2425"
	 message="ThreadSafe on Deponent"
	 category="Concurrency"
	 to-be-checked-by-analysis="true"
	 from-src="true"
	 message-id="(112,Deponent)"
	 checked-by-analysis="true"
	 proved-consistent="true"
	 full-type="edu.cmu.cs.fluid.sea.drops.promises.ThreadSafePromiseDrop"/>

<result-drop type="ResultDrop"
	 offset="48"
	 length="72"
	 line="5"
	 path="TestDependencies/src/testDeps/Deponent.java"
	 uri="file:/C:/work/jsure-test-update-script-workspace/TestDependencies/src/testDeps/Deponent.java"
	 file="file:/C:/work/jsure-test-update-script-workspace/TestDependencies/src/testDeps/Deponent.java"
	 hash="-1031168735"
	 context="1726280981"
	 id="2426"
	 message="Trivially thread safe: class has no state"
	 result-type="TRIVIALLY_THREADSAFE"
	 message-id="(408)"
	 proved-consistent="true"
	 consistent="true"
	 full-type="edu.cmu.cs.fluid.sea.ResultDrop"/>

<ir-drop type="ProposedPromiseDrop"
	 offset="92"
	 line="6"
	 path="TestDependencies/src/testDeps/Dependent.java"
	 uri="file:/C:/work/jsure-test-update-script-workspace/TestDependencies/src/testDeps/Dependent.java"
	 file="file:/C:/work/jsure-test-update-script-workspace/TestDependencies/src/testDeps/Dependent.java"
	 hash="-501784596"
	 context="1505012121"
	 id="2481"
	 message="ProposedPromiseDrop @RegionEffects(writes java.lang.Object:All)"
	 target-project="TestDependencies"
	 java-annotation="@RegionEffects(&quot;writes java.lang.Object:All&quot;)"
	 annotation-type="RegionEffects"
	 contents="writes java.lang.Object:All"
	 origin="CODE"
	 from-project="TestDependencies"
	 full-type="edu.cmu.cs.fluid.sea.ProposedPromiseDrop"/>

<promise-drop type="PromisePromiseDrop"
	 offset="102"
	 line="4"
	 path="TestDependencies/src/testDeps2/package-info.java"
	 uri="file:/C:/work/jsure-test-update-script-workspace/TestDependencies/src/testDeps2/package-info.java"
	 file="file:/C:/work/jsure-test-update-script-workspace/TestDependencies/src/testDeps2/package-info.java"
	 hash="-666215719"
	 context="-1205493508"
	 id="2688"
	 message="Promise @ThreadSafe for *"
	 category="Scoped promises"
	 to-be-checked-by-analysis="true"
	 from-src="true"
	 checked-by-analysis="true"
	 proved-consistent="true"
	 full-type="edu.cmu.cs.fluid.sea.drops.promises.PromisePromiseDrop"/>

<promise-drop type="ThreadSafePromiseDrop"
	 offset="90"
	 line="7"
	 path="TestDependencies/src/testDeps2/Dependent2.java"
	 uri="file:/C:/work/jsure-test-update-script-workspace/TestDependencies/src/testDeps2/Dependent2.java"
	 file="file:/C:/work/jsure-test-update-script-workspace/TestDependencies/src/testDeps2/Dependent2.java"
	 hash="-126844311"
	 context="-11667099"
	 virtual="true"
	 id="3254"
	 message="ThreadSafe on Dependent2"
	 category="Concurrency"
	 to-be-checked-by-analysis="true"
	 from-src="true"
	 message-id="(112,Dependent2)"
	 checked-by-analysis="true"
	 proved-consistent="true"
	 full-type="edu.cmu.cs.fluid.sea.drops.promises.ThreadSafePromiseDrop"/>

<result-drop type="ResultDrop"
	 offset="90"
	 length="131"
	 line="7"
	 path="TestDependencies/src/testDeps2/Dependent2.java"
	 uri="file:/C:/work/jsure-test-update-script-workspace/TestDependencies/src/testDeps2/Dependent2.java"
	 file="file:/C:/work/jsure-test-update-script-workspace/TestDependencies/src/testDeps2/Dependent2.java"
	 hash="-1323047988"
	 context="-11667099"
	 id="3255"
	 message="Trivially thread safe: class has no state"
	 result-type="TRIVIALLY_THREADSAFE"
	 message-id="(408)"
	 proved-consistent="true"
	 consistent="true"
	 full-type="edu.cmu.cs.fluid.sea.ResultDrop"/>

<promise-drop type="RequiresLockPromiseDrop"
	 offset="150"
	 line="8"
	 path="TestDependencies/src/testDeps2/Dependent2.java"
	 uri="file:/C:/work/jsure-test-update-script-workspace/TestDependencies/src/testDeps2/Dependent2.java"
	 file="file:/C:/work/jsure-test-update-script-workspace/TestDependencies/src/testDeps2/Dependent2.java"
	 hash="783810549"
	 context="-1269498242"
	 id="3813"
	 message="RequiresLock L on testDeps2.Dependent2.foo()"
	 category="lock precondition(s)"
	 to-be-checked-by-analysis="true"
	 from-src="true"
	 message-id="(102,RequiresLock L,testDeps2.Dependent2.foo())"
	 checked-by-analysis="true"
	 proved-consistent="true"
	 full-type="edu.cmu.cs.fluid.sea.drops.promises.RequiresLockPromiseDrop"/>

<ir-drop type="ProposedPromiseDrop"
	 offset="136"
	 length="82"
	 line="8"
	 path="TestDependencies/src/testDeps2/Dependent2.java"
	 uri="file:/C:/work/jsure-test-update-script-workspace/TestDependencies/src/testDeps2/Dependent2.java"
	 file="file:/C:/work/jsure-test-update-script-workspace/TestDependencies/src/testDeps2/Dependent2.java"
	 hash="783810549"
	 context="-1269498242"
	 id="4127"
	 message="ProposedPromiseDrop @RegionEffects(none)"
	 target-project="TestDependencies"
	 java-annotation="@RegionEffects(&quot;none&quot;)"
	 annotation-type="RegionEffects"
	 contents="none"
	 origin="CODE"
	 from-project="TestDependencies"
	 full-type="edu.cmu.cs.fluid.sea.ProposedPromiseDrop"/>

</sea-summary>

