<sourceFiles>
	<package name="test">
		<class name="Point.java" source="/TestImmutable/src/test/Point.java"/>
		<class name="Point3D.java" source="/TestImmutable/src/test/Point3D.java"/>
		<class name="Test.java" source="/TestImmutable/src/test/Test.java"/>
		<class name="TestNoVerify.java" source="/TestImmutable/src/test/TestNoVerify.java"/>
		<class name="TestVouch.java" source="/TestImmutable/src/test/TestVouch.java"/>
		<class name="Trivial.java" source="/TestImmutable/src/test/Trivial.java"/>
		<class name="TrivialImplOnly.java" source="/TestImmutable/src/test/TrivialImplOnly.java"/>
	</package>
	<package name="test.combinations">
		<class name="C.java" source="/TestImmutable/src/test/combinations/C.java"/>
	</package>
</sourceFiles>
